symbol,family,filter_profile,setup_id,signal_time,entry_time,side,utc_block,sweep_penetration_atr,sweep_age_bars,displacement_range_atr,displacement_body_atr,displacement_body_ratio,displacement_close_location,bos_distance_atr,fvg_size_atr,ob_size_atr,zone_size_atr,retest_age_bars,retest_penetration_pct,distance_sweep_to_zone_atr,distance_entry_to_sweep_atr,distance_entry_to_bos_atr,m15_opposing_distance_atr,m5_dir,m15_dir,htf_alignment_count,sweep_reclaim_strength_atr,sweep_wick_ratio,sweep_to_bos_bars,sweep_to_bos_move_atr,bos_break_strength_atr,displacement_expansion_ratio,pre_displacement_compression,sequence_age_bars,nearest_liquidity_distance_atr,opposing_liquidity_distance_atr,liquidity_asymmetry,m5_trend_strength,m15_trend_strength,mtf_trend_consistency,rsi14,macd_line,macd_signal,macd_hist,adx14,plus_di14,minus_di14,stoch_k14,bb_percent_b,bb_width_atr,ret_1,ret_3,ret_5,ret_15,ret_30,ret_5_atr,ret_15_atr,range_atr,body_atr,upper_wick_ratio,lower_wick_ratio,dist_ema20_atr,dist_ema50_atr,dist_ema200_atr,ema20_50_gap_atr,ema50_200_gap_atr,ema20_slope_5_atr,ema50_slope_10_atr,dist_vwap60_atr,volume_z50,atr_regime_ratio,range_10_atr,range_30_atr,rsi14_slope_3,macd_hist_slope_3,adx_slope_3,trend_efficiency_20,realized_vol_ratio_30_120,atr_vs_median_100,range_expansion_10_30,close_location_3,distance_high_60_atr,distance_low_60_atr,utc_hour_sin,utc_hour_cos,day_of_week_sin,day_of_week_cos,side_adjusted_ret_5,side_adjusted_ret_15,side_adjusted_macd_hist,side_adjusted_di_gap,utc_hour,day_of_week,ob_body_quality,ob_to_bos_distance_atr,fvg_to_displacement_ratio,fvg_fill_depth,midpoint_retest_depth,session,session_minutes,risk_atr,day_range_atr,day_discount_aligned,day_open_move_atr,asia_range_atr,asia_discount_aligned,first_liquidity_target_r,activity_ratio_60_1440,candidate_tier,candidate_gate_reason,data_source,quality_score,quality_score_max,quality_score_version,quality_band,confluence_count,confluence_families,confluence_window_min
XAUUSD,A_OB_RETEST_SEQUENCE,V15_QUALITY_PRESERVING_EXPANDED,A_OB_RETEST_SEQUENCE|BUY|2020-01-02T15:16:00+00:00,2020-01-02 15:16:00+00:00,2020-01-02 15:17:00+00:00,BUY,UTC_12_17,0.6476459034533706,7.0,1.088045117801851,1.3211976430454415,1.2142857142860237,0.8360655737706751,0.29791711558857403,,0.5181167227634034,0.5181167227634034,4.0,60.00000000009095,1.2952918069067412,2.8237361390570728,0.29791711558857403,,1,0,1,0.5958342311771481,0.031746031745997376,3.0,3.470064529505789,0.394325514716518,2.099999999997499,1.2748735244520488,7.0,0.777175084144516,2.163137317534352,0.47136563876630094,1.5838273824587006,,0.0,60.50380007010205,0.1685260740089234,0.14870039739370103,0.01982567661522236,28.43276550719122,26.61093056031397,13.578728817893184,79.79797979796928,1.0017885465626732,2.5684431354626036,0.0003347620891780423,0.00013125254301793454,0.000255974376308421,0.00036431068152364965,0.0006993167707980419,1.0103276093869282,1.4377739056666476,1.5802560044265541,1.3211976430454415,0.1639344262293249,0.0,1.234020748416631,2.1119044895687096,4.998053152108965,0.8778837411520786,2.886148662540256,0.4527872867155561,0.5382222284977959,2.2910612439248,1.2742080664658797,1.5740846710383631,3.847016666513351,3.847016666513351,1.5303708193546512,-0.0024586009356509786,-0.045717442550049725,0.1878048780487594,1.220557468521333,1.7569021514490795,1.0,0.4157255616273259,0.777175084144516,5.012779292728947,-0.7071067811865471,-0.7071067811865479,0.43388373911755823,-0.900968867902419,0.000255974376308421,0.00036431068152364965,0.01982567661522236,13.032201742420787,15,3,0.29999999999931787,1.1829765441495539,,,,LONDON_NY_OVERLAP,136.0,2.8237361390570728,15.02538496011867,0.9482758620689358,9.326101009728301,2.4999131873297986,2.0,0.27522935779829527,1.01587256978973,CORE,CORE_GATE,M1_OHLC,2,4,V15_Q2,MEDIUM,1,A,15
XAUUSD,C_DISPLACEMENT_MID_RETEST,V15_QUALITY_PRESERVING_EXPANDED,C_DISPLACEMENT_MID_RETEST|BUY|2020-01-02T15:16:00+00:00,2020-01-02 15:16:00+00:00,2020-01-02 15:17:00+00:00,BUY,UTC_12_17,0.6476459034533706,7.0,1.088045117801851,1.3211976430454415,1.2142857142860237,0.8360655737706751,0.29791711558857403,,0.5181167227634034,0.49999999999986783,4.0,100.0,2.081525252432436,2.8237361390570728,0.29791711558857403,,1,0,1,0.5958342311771481,0.031746031745997376,3.0,3.470064529505789,0.394325514716518,2.099999999997499,1.2748735244520488,7.0,0.777175084144516,2.163137317534352,0.47136563876630094,1.5838273824587006,,0.0,60.50380007010205,0.1685260740089234,0.14870039739370103,0.01982567661522236,28.43276550719122,26.61093056031397,13.578728817893184,79.79797979796928,1.0017885465626732,2.5684431354626036,0.0003347620891780423,0.00013125254301793454,0.000255974376308421,0.00036431068152364965,0.0006993167707980419,1.0103276093869282,1.4377739056666476,1.5802560044265541,1.3211976430454415,0.1639344262293249,0.0,1.234020748416631,2.1119044895687096,4.998053152108965,0.8778837411520786,2.886148662540256,0.4527872867155561,0.5382222284977959,2.2910612439248,1.2742080664658797,1.5740846710383631,3.847016666513351,3.847016666513351,1.5303708193546512,-0.0024586009356509786,-0.045717442550049725,0.1878048780487594,1.220557468521333,1.7569021514490795,1.0,0.4157255616273259,0.777175084144516,5.012779292728947,-0.7071067811865471,-0.7071067811865479,0.43388373911755823,-0.900968867902419,0.000255974376308421,0.00036431068152364965,0.01982567661522236,13.032201742420787,15,3,,,,,0.0952380952379921,LONDON_NY_OVERLAP,136.0,2.8237361390570728,15.02538496011867,0.9482758620689358,9.326101009728301,2.4999131873297986,2.0,0.27522935779829527,1.01587256978973,CORE,CORE_GATE,M1_OHLC,2,4,V15_Q2,MEDIUM,2,A+C,15
XAUUSD,C_DISPLACEMENT_MID_RETEST,V15_QUALITY_PRESERVING_EXPANDED,C_DISPLACEMENT_MID_RETEST|BUY|2020-01-02T20:06:00+00:00,2020-01-02 20:06:00+00:00,2020-01-02 20:07:00+00:00,BUY,UTC_18_23,1.056814520443221,8.0,1.3254961781833268,0.5731875365113566,0.43243243243216667,0.7826086956514002,0.12538477361145198,,0.5731875365113566,0.5000000000007986,4.0,100.0,2.795058787719441,3.0987951192673724,0.12538477361145198,,-1,1,1,0.8060449732203171,0.5576923076922572,4.0,3.731305240183907,0.5219960698694174,1.999999999998771,1.0960187353630122,8.0,0.5552754259957839,0.8239570837358897,0.19480519480531758,0.3432818081598118,1.0979047124598118,-0.26423907034128347,55.67153881388349,0.11538044274402637,0.0822389154854703,0.03314152725855607,12.144847684841185,27.06920196119126,31.006314375734195,68.37944664031151,0.7695187498019281,3.445930685476851,0.00012456157603168982,-0.00017367881216812098,0.00011472663919787074,0.00023275864895078158,7.211081465552382e-05,0.6269238680597036,1.2717598466357942,0.8239570837358897,0.5731875365113566,0.21739130434859977,0.08695652173904447,0.6898844031256005,0.5843697672863388,-2.8372470272355654,-0.10551463583926163,-3.421616794521904,0.5731436633312331,0.10815915052716962,1.9498272539997221,-0.6062051192804003,0.8313447005701363,4.531763960547393,4.531763960547393,-9.251132119316864,-0.028281942504467826,0.058380172441168554,0.1459459459459433,0.5195054182153395,0.7997173761728872,1.0,0.403726708074242,2.113629040888071,9.636715457606144,-0.8660254037844386,0.5000000000000001,0.43388373911755823,-0.900968867902419,0.00011472663919787074,0.00023275864895078158,0.03314152725855607,-3.937112414542934,20,3,,,,,0.9189189189195832,NEW_YORK,426.0,3.0987951192673724,46.39236623642947,0.5451737451737486,18.48529805250754,3.4570373295869703,2.0,6.809248554913076,1.0789881796690308,CORE,CORE_GATE,M1_OHLC,2,4,V15_Q2,MEDIUM,1,C,15
XAUUSD,A_OB_RETEST_SEQUENCE,V15_QUALITY_PRESERVING_EXPANDED,A_OB_RETEST_SEQUENCE|BUY|2020-01-03T08:40:00+00:00,2020-01-03 08:40:00+00:00,2020-01-03 08:41:00+00:00,BUY,UTC_06_11,0.829497105604508,4.0,1.3987598251358822,0.39035157910748164,0.2790697674417129,0.7333333333337375,1.0572021934172056,,0.6831152634388326,0.6831152634388326,3.0,95.23809523820866,0.29276368433135086,1.040937544288097,1.0572021934172056,,1,1,2,0.016264649129848218,0.9259259259259883,1.0,2.208281194961374,0.08239855205033894,1.7200000000001274,0.9523809523809066,4.0,1.0572021934172056,0.04879394738880502,-0.9117647058818021,2.420298786197626,3.0355034621879358,0.9797844382680678,47.179954498697036,-0.0669607969621211,-0.03618933840576297,-0.03077145855635812,13.841810386019969,16.832431924606812,21.89402991756206,38.55421686749298,0.2957830844862618,2.51276775356302,0.0001232365818064629,-0.00022693527157657822,4.539941759040822e-05,-0.0001750734335790316,-0.0001491404968323451,0.22770508781343726,-0.8782910529925734,0.9758789477701835,0.39035157910748164,0.26666666666626243,0.3333333333343439,-0.37691250422705014,-0.1885622440261045,5.903408224613385,0.18835026020094564,6.09197046863949,-0.2332460795412029,-0.009370289875221035,-0.922339856809456,-0.31011845429913615,0.8263921650317707,2.2445215798702383,3.4481056154523797,-6.522266096572537,-0.012986523957480844,-0.9889103030857633,0.15041782729797676,0.6668710822912581,0.9210582905989655,0.6509433962265001,0.26770025839787914,6.2618899148547325,2.3421094746478484,0.8660254037844387,-0.4999999999999998,-0.433883739117558,-0.9009688679024191,4.539941759040822e-05,-0.0001750734335790316,-0.03077145855635812,-5.0615979929552495,8,4,0.19047619047598424,1.4831739369143444,,,,LONDON,40.0,1.040937544288097,51.81917212656479,0.876333961079735,44.142257737445064,42.69470396491964,1.0636190476190504,6.156249999996225,0.9843500396119329,CORE,CORE_GATE,M1_OHLC,1,4,V15_Q2,LOW,1,A,15
XAUUSD,A_OB_RETEST_SEQUENCE,V15_QUALITY_PRESERVING_EXPANDED,A_OB_RETEST_SEQUENCE|BUY|2020-01-06T06:05:00+00:00,2020-01-06 06:05:00+00:00,2020-01-06 06:06:00+00:00,BUY,UTC_06_11,0.6189245687655082,9.0,1.76299725648406,0.18755289962578234,0.10638297872330132,0.9000000000002274,0.3751057992515647,,0.487637539027887,0.487637539027887,3.0,100.0,1.762997256483207,2.0818371858483165,0.3751057992515647,,1,1,2,0.5063928289908917,0.0,6.0,2.472254617698718,0.26908893798128625,1.649122807017166,0.586666666666695,9.0,0.3751057992515647,0.5251481189530435,0.1666666666674562,4.111955185049385,3.6317898281125456,0.9980643554588626,45.56723027561309,-0.133553565481634,-0.13696880169007902,0.003415236208445027,22.69388642406485,23.1632386691134,28.535307632042063,67.9611650485499,0.4201415047404476,7.257067115528798,3.168517609042354e-05,-0.00011405001092978928,5.3865994081192525e-05,-0.00017739988785792082,-0.0006617609807992864,0.31883992936510935,-1.050296237905234,0.3751057992524176,0.18755289962578234,0.09999999999977263,0.40000000000136426,-0.5211740637340824,-0.49199300967418447,10.627491703644626,0.029181054059897866,11.119484713318812,-0.24666795779111095,-0.24653366976410007,-0.9914340192264144,-0.5158575051364804,0.9582218663157761,3.3196863233793326,8.214817003616943,-3.465793547599752,0.024113724598009867,-3.8038118340274423,0.26572528883184243,1.0338180977668996,0.9265435450395504,0.40410958904108163,0.41111111111160875,5.5890764088534315,3.7323027025569067,1.0,6.123233995736766e-17,0.0,1.0,5.3865994081192525e-05,-0.00017739988785792082,0.003415236208445027,-5.372068962928662,6,0,1.0,0.403633406971547,,,,ASIA,485.0,2.0818371858483165,57.29741083572811,0.7247135842880547,7.051989025935387,57.29741083572811,0.7247135842880547,7.576576576575576,0.6219912918322457,CORE,CORE_GATE,M1_OHLC,2,4,V15_Q2,MEDIUM,1,A,15
XAUUSD,C_DISPLACEMENT_MID_RETEST,V15_QUALITY_PRESERVING_EXPANDED,C_DISPLACEMENT_MID_RETEST|BUY|2020-01-06T06:07:00+00:00,2020-01-06 06:07:00+00:00,2020-01-06 06:08:00+00:00,BUY,UTC_06_11,0.6421258945443583,11.0,1.8290858814298936,0.8561678593927726,0.4680851063830096,0.9166666666667456,0.11675016264434834,,0.5059173714597277,0.5487257644292336,5.0,100.0,2.255223975082252,2.6657953803814993,0.11675016264434834,,1,1,2,0.5253757319008948,0.0,6.0,2.472254617698718,0.26908893798128625,1.649122807017166,0.586666666666695,11.0,0.4864590110185605,0.8561678593927726,0.275362318840637,4.111955185049385,3.6317898281125456,0.9980643554588626,49.18622641105172,-0.11575874399022723,-0.1322236274483145,0.016464883458087276,20.16718088104963,24.493618738679523,25.52675753068606,80.58252427183973,0.5682189075809699,5.262569613934129,0.00013308026958269714,0.00011406663392521388,-3.168055859170682e-05,6.019859198658217e-05,-0.0007060000506549091,-0.1945836044081321,0.3697088483733273,0.9340013011556716,0.8561678593927726,0.08333333333325438,0.0,0.041938821738946315,0.02662095804262099,11.31150089354423,-0.015317863696325321,11.284879935501609,-0.2313753884630032,-0.19671238323540252,-0.5658665564520734,-1.0459208407602583,0.9189196220886031,1.8290858814298936,8.522761873045392,4.8568219264728825,0.018053478219517305,-3.4730705575090113,0.25806451612899284,1.0314133022994283,0.8949695917482324,0.21461187214612584,0.6055555555556584,5.292674039882434,4.33921437828471,1.0,6.123233995736766e-17,0.0,1.0,-3.168055859170682e-05,6.019859198658217e-05,0.016464883458087276,-1.033138792006536,6,0,,,,,0.8510638297878619,ASIA,487.0,2.6657953803814993,59.44529114646756,0.7332242225859193,7.822260897177532,59.44529114646756,0.7332242225859193,5.9489051094895915,0.6243195507449844,CORE,CORE_GATE,M1_OHLC,4,4,V15_Q2,VERY_HIGH,2,A+C,15
XAUUSD,A_OB_RETEST_SEQUENCE,V15_QUALITY_PRESERVING_EXPANDED,A_OB_RETEST_SEQUENCE|BUY|2020-01-06T11:29:00+00:00,2020-01-06 11:29:00+00:00,2020-01-06 11:30:00+00:00,BUY,UTC_06_11,0.9692702144665826,7.0,2.6277992481105223,0.926191538269069,0.3524590163936733,0.8644067796611737,0.40924742388617336,,0.7323374953748709,0.7323374953748709,2.0,27.941176470602986,0.6784891501269996,2.304709176621825,0.40924742388617336,,1,1,2,0.021539338099736256,0.05882352941213186,5.0,2.6414720191160446,0.6289219093130468,3.935483870965636,0.9026548672567588,7.0,0.11846635954561091,0.09692702144685415,-0.09999999999772625,0.30512877708618524,2.124673994251811,0.2876681071181447,59.4658023702018,0.296530805297607,0.2816451901044552,0.014885615193151791,16.760172608330528,25.20575193502297,17.012492797792767,80.9968847352129,0.9105504608171963,2.9353906076631615,0.0003203633745365586,0.0003901727228030616,0.00018077390259141346,0.00029815335232230566,0.000688558817836471,0.61387113582926,1.012348890666055,1.2708209478570132,0.926191538269069,0.1355932203388263,0.1355932203388263,1.2917065861672103,2.6113249286850526,4.526172925433693,1.3196183425178425,1.9148479967486398,0.46071774266633503,0.8303900836062051,3.206386367610583,-0.36977502260721806,0.9189731003791485,3.4570637649322475,6.138711358290641,4.802217295462974,0.024784288326250126,0.6937986896954094,0.3114754098360871,0.8493303547603964,0.8430541224809746,0.5631578947368665,0.5613596369362329,0.6569498120272633,8.17417880867164,0.258819045102521,-0.9659258262890682,0.0,1.0,0.00018077390259141346,0.00029815335232230566,0.014885615193151791,8.193259137230203,11,0,0.5882352941179224,0.9033605606500555,,,,LONDON,209.0,2.304709176621825,32.90133894662867,0.6438625204582733,1.389287307402624,32.90133894662867,0.6438625204582733,5.084112149531771,1.1873606833534687,CORE,CORE_GATE,M1_OHLC,3,4,V15_Q2,HIGH,1,A,15
XAUUSD,C_DISPLACEMENT_MID_RETEST,V15_QUALITY_PRESERVING_EXPANDED,C_DISPLACEMENT_MID_RETEST|BUY|2020-01-06T14:35:00+00:00,2020-01-06 14:35:00+00:00,2020-01-06 14:36:00+00:00,BUY,UTC_12_17,0.6788377376423337,6.0,1.6673207591211507,0.428739623774134,0.2571428571429314,0.6774193548389463,0.19055094389991598,,2.3580679307569246,0.5001962277363994,3.0,64.28571428559054,2.262792458806696,2.941630196449571,0.19055094389991598,,1,1,2,0.08336603795624709,0.04347826086952224,3.0,2.7151245310831666,0.19627406248823848,1.6091954022987365,1.1968145620022679,6.0,0.01190943399398169,0.10718490594366889,0.7999999999963621,0.6503177572012862,2.032105896265114,0.5525696387131558,52.78461035565233,-0.12392512712199277,-0.2354950232888233,0.11156989616683052,24.319687271401104,27.014545329475336,26.47076573533709,88.5135135135241,0.8785696690478169,2.957148675501803,0.00012362820244593564,-6.339083938988743e-06,0.0003678044295067906,0.0003360864947130615,-0.0006208484717939999,1.3814943432720892,1.26240000333498,0.7383849076106174,0.428739623774134,0.3225806451610537,0.09677419354831612,0.6393189033732739,-0.03398638178772813,1.093778233557511,-0.673305285161002,1.1277646153452392,0.16712031679910785,-0.4806494223821746,-0.7959049106365765,-1.0006176287723365,0.9666943582122369,3.5251924621416757,5.6212528450369605,-0.09469854236859732,0.04235211823949711,-5.300801160897905,0.06907545164724291,1.178994201430488,1.0229691870910924,0.6271186440677704,0.48153837401166805,4.573222653588776,3.1202717063555054,-0.4999999999999997,-0.8660254037844388,0.0,1.0,0.0003678044295067906,0.0003360864947130615,0.11156989616683052,0.5437795941382468,14,0,,,,,0.4857142857134876,LONDON_NY_OVERLAP,95.0,2.941630196449571,36.383320850819565,0.6873977086743106,3.1202717063549636,36.383320850819565,0.6873977086743106,3.8663967611330943,1.1961384831727244,CORE,CORE_GATE,M1_OHLC,1,4,V15_Q2,LOW,1,C,15
XAUUSD,C_DISPLACEMENT_MID_RETEST,V15_QUALITY_PRESERVING_EXPANDED,C_DISPLACEMENT_MID_RETEST|BUY|2020-01-07T09:20:00+00:00,2020-01-07 09:20:00+00:00,2020-01-07 09:21:00+00:00,BUY,UTC_06_11,0.4682201446048964,6.0,1.8957205854739896,0.41112012696992495,0.21686746987933983,0.9354838709677893,0.09136002821553887,,1.3704004232341218,0.5687161756417815,5.0,76.10441767072601,1.0860423354132311,1.8843005819467877,0.09136002821553887,8.496482624053424,1,-1,1,0.4682201446048964,0.7317073170733195,1.0,1.8330242729957957,0.22528789947460895,1.9761904761899607,0.85492801771871,6.0,0.19414005995827976,0.7194602221976283,0.5749999999996731,1.4819496616107686,0.4305772116535182,-0.36596690832607615,51.30574888884871,-0.08168960128296021,-0.1508460757875573,0.06915647450459708,22.582926842161374,19.37978323154983,23.8050382574762,79.24528301885822,0.8130528968544868,1.5138979742097374,0.00012775960752242632,2.5549310168626604e-05,-4.4708151573535915e-05,0.0002044310428537255,-0.0005681346670669551,-0.15988004937771236,0.730880225724311,0.7080402186709456,0.41112012696992495,0.06451612903221074,0.35483870967789255,0.278940908298585,0.030654416541305237,4.698213393466409,-0.2482864917572797,4.667558976925103,0.06554211072302238,-0.18666289429401642,-1.585449338057965,-0.5487228930568019,0.8066022164682641,2.8321608746837823,4.67078144252332,1.1003446858279062,-0.009548919901287978,-1.9859951193105196,0.06019417475720817,0.7837954790027257,0.8046685403225717,0.606356968215098,0.7118279569892643,8.496482624053424,2.4895607688749926,0.7071067811865476,-0.7071067811865475,0.7818314824680298,0.6234898018587336,-4.4708151573535915e-05,0.0002044310428537255,0.06915647450459708,-4.4252550259263685,9,1,,,,,0.4578313253013765,LONDON,80.0,1.8843005819467877,32.06736990368323,0.7350427350427162,2.2383206912827798,23.50236725846867,1.002915451895019,4.509090909092212,1.021014309916015,CORE,CORE_GATE,M1_OHLC,1,4,V15_Q2,LOW,1,C,15
XAUUSD,A_OB_RETEST_SEQUENCE,V15_QUALITY_PRESERVING_EXPANDED,A_OB_RETEST_SEQUENCE|BUY|2020-01-07T19:14:00+00:00,2020-01-07 19:14:00+00:00,2020-01-07 19:15:00+00:00,BUY,UTC_18_23,0.5319601773257248,6.0,1.0639203546523293,0.8511362837216875,0.7999999999998346,0.7692307692309307,0.22245607415496177,,1.1026083675482898,1.1026083675482898,4.0,15.78947368419793,0.02901600967252018,1.9247286415978968,0.22245607415496177,,1,1,2,0.5319601773261646,0.0,2.0,2.5361615255935046,0.8389583753867429,1.1000000000003638,0.958061509785602,6.0,1.1026083675482898,1.392768464272172,0.11627906976767137,0.9991899184138233,0.7476248515487954,0.4824292018138826,59.716284355299756,0.5038321461315718,0.5209131717674738,-0.01708102563590197,31.19665414654733,26.79345088383694,18.202356383773882,63.57827476038872,0.7409662789934902,4.947058992448046,0.0002862267679275554,-0.00022886350199291527,0.00014945354061812743,0.0009483559708238776,0.001311625715504583,0.4545841515333639,2.8822569607849053,1.2573604191338912,0.8511362837216875,0.23076923076906933,0.09230769230762773,1.1506108698007669,2.805998822375461,5.883558833259056,1.655387952574694,3.0775600108835954,0.7721656449070746,1.1868996944645755,3.8938647643494764,0.19236094731045245,1.1325606071531638,3.0273370091461866,6.228770076326175,-7.315408068389395,-0.07128545158069455,-2.0394160508485797,0.146629603891583,1.0290534602875847,1.0293018484293108,0.4860248447205097,0.32424493745218474,1.1026083675482898,8.08579469535559,-0.9659258262890684,0.2588190451025203,0.7818314824680298,0.6234898018587336,0.00014945354061812743,0.0009483559708238776,-0.01708102563590197,8.591094500063058,19,1,1.0,1.1186111671817391,,,,NEW_YORK,374.0,1.9247286415978968,34.58708352941314,0.9681208053691309,15.417173139230055,19.904982635216015,1.6822157434402338,0.5728643216079081,1.1730977002623861,CORE,CORE_GATE,M1_OHLC,3,4,V15_Q2,HIGH,1,A,15
XAUUSD,C_DISPLACEMENT_MID_RETEST,V15_QUALITY_PRESERVING_EXPANDED,C_DISPLACEMENT_MID_RETEST|BUY|2020-01-10T17:30:00+00:00,2020-01-10 17:30:00+00:00,2020-01-10 17:31:00+00:00,BUY,UTC_12_17,1.0904166788576184,9.0,1.2682860661890354,1.0362825174961123,0.8170731707318595,1.0,0.34027187141628745,0.1701359357084954,0.5104078071247828,0.5000000000000108,6.0,100.0,3.307387746627631,3.7197902307128587,0.34027187141628745,,1,1,2,0.16240248408522212,0.2235294117645265,3.0,4.170032964297248,0.7828500546355958,1.3553719008263003,1.1297959183672943,9.0,1.1290839369732815,2.6293735518552404,0.3991769547324549,0.914520051222431,0.43817640334728497,0.2980926820655594,60.408737938570475,0.45291046213083064,0.3787047941780397,0.07420566795279093,29.822530552799787,30.999074138788366,15.543664500997112,78.74818049490452,0.7754840781004979,5.5807587620805545,0.0004373159092954104,6.107262821219983e-05,-0.0001285495751438548,0.000839598150953913,0.0014162299957511948,-0.30933806492460103,2.018430873630015,1.0362825174961123,1.0362825174961123,0.0,0.0,1.2811367262731597,2.3930771092669914,5.469324421011429,1.1119403829938317,3.0762473117444373,0.6380466693486274,0.9521368622774359,2.6259080499972836,0.6089902578617742,1.0339605688562297,4.84887416768614,5.31288126507269,-1.077798630562441,-0.10930506859188971,0.14957983274275577,0.12192040429564191,0.7212928061003803,0.9180965364420791,0.9126637554584609,0.40476190476186136,1.1290839369732815,4.887541425801803,-0.9659258262890683,-0.25881904510252063,-0.433883739117558,-0.9009688679024191,-0.0001285495751438548,0.000839598150953913,0.07420566795279093,15.455409637791254,17,4,,,,,0.7439024390243261,NEW_YORK,270.0,3.7197902307128587,16.797056925382766,0.903775322283602,4.00592794076764,12.497257822936719,1.2147277227722668,0.43451143451151075,2.1755391559790787,CORE,CORE_GATE,M1_OHLC,4,4,V15_Q2,VERY_HIGH,1,C,15
XAUUSD,C_DISPLACEMENT_MID_RETEST,V15_QUALITY_PRESERVING_EXPANDED,C_DISPLACEMENT_MID_RETEST|BUY|2020-01-13T07:38:00+00:00,2020-01-13 07:38:00+00:00,2020-01-13 07:39:00+00:00,BUY,UTC_06_11,0.7023571721001949,7.0,1.872952458935184,0.5852976434168291,0.31249999999977796,1.0,0.11705952868336582,,1.755892930251818,0.5618857376806883,6.0,100.0,1.2115661218745664,1.755892930253149,0.11705952868336582,,-1,1,1,0.526767879076477,0.0,1.0,2.3223463153176747,0.5316214456740572,2.206896551723976,1.1204819277106348,7.0,0.11705952868336582,0.05852976434301372,-0.33333333332322784,1.0616328193188649,0.014903888766328477,-0.011717881146614054,52.03863265071257,0.0511552191935607,0.044155112465953286,0.007000106727607411,14.308075659994948,20.765988495864537,20.90908011908934,51.260504201689024,0.6113473357409389,3.495574728243969,6.747963560993497e-05,-6.4257853916172e-05,-4.8194164650405824e-05,6.426611312138064e-05,0.00011568495131619727,-0.4389732325619564,0.5852976434181599,0.5852976434168291,0.5852976434168291,0.0,0.0,0.24303559761359272,0.39864021110274317,-1.8456798347430041,0.15560461348915047,-2.2443200458457473,0.34903614690567397,0.19065059722888633,0.772518170462664,-0.4454226773089441,1.142304877232918,3.48252097833346,4.38973232563021,-3.9327037525005935,-0.023719668629870495,-1.6099367495530998,0.121457489878626,1.0325512031880535,1.2057948342355294,0.7933333333333698,0.37037037037037307,1.6973631659101351,3.7166400357015226,0.9659258262890683,-0.25881904510252063,0.0,1.0,-4.8194164650405824e-05,6.426611312138064e-05,0.007000106727607411,-0.14309162322480162,7,0,,,,,0.7187499999994893,ASIA,578.0,1.755892930253149,37.25419500351511,0.28043990573449795,-20.661006812631367,37.25419500351511,0.28043990573449795,15.266666666657168,0.35357398096718784,CORE,CORE_GATE,M1_OHLC,2,4,V15_Q2,MEDIUM,1,C,15
XAUUSD,A_OB_RETEST_SEQUENCE,V15_QUALITY_PRESERVING_EXPANDED,A_OB_RETEST_SEQUENCE|BUY|2020-01-15T18:29:00+00:00,2020-01-15 18:29:00+00:00,2020-01-15 18:30:00+00:00,BUY,UTC_18_23,1.2205151090190451,8.0,0.8950444132798931,0.2712255797815989,0.30303030303009426,0.5599999999994907,0.4475222066399466,,0.5424511595631978,0.5424511595631978,2.0,57.49999999994315,3.0241652145682196,3.634422769077126,0.4475222066399466,,-1,1,1,0.18985790584650256,0.15000000000020844,6.0,3.5727167045323145,0.5417115580879407,0.8684210526313979,0.6326034063259748,8.0,0.013561278989388293,0.13561278989079945,0.8181818181780599,0.5226627466712966,0.05446387526126351,-0.02610337578445852,61.585870484381935,0.2844509588633173,0.22634400971912255,0.05810694914419473,23.35240850294341,31.119536439036402,14.049562328805367,91.46757679180972,0.8194873118699364,4.057933517826802,6.125041102245099e-05,9.349048331364074e-05,0.00016120140180730935,0.0004902134686151083,0.0013751028906212603,0.678063949454614,2.0613144063420017,0.678063949454614,0.2712255797815989,0.4400000000005093,0.15999999999985448,1.3994177231392497,2.095187188365934,0.5096953587193853,0.6957694652266844,-1.5854918296465488,0.8078535739514808,0.6037540968463287,2.6852859354517196,1.6489380724623908,0.8955736205237271,3.9734547438044325,6.712833099600432,0.7639209130956175,0.000730081310941183,3.699354052106006,0.14214463840399089,0.902768817263504,0.8137579477205737,0.5919191919192724,0.4993939393937789,0.339031974727307,6.373801124873125,-1.0,-1.8369701987210297e-16,0.9749279121818236,-0.22252093395631434,0.00016120140180730935,0.0004902134686151083,0.05810694914419473,17.069974110231037,18,2,0.1,0.10318315392140079,,,,NEW_YORK,329.0,3.634422769077126,28.966891920701283,0.4419475655430711,12.517060506932816,17.77883675470015,0.7200610221205158,1.3694029850745053,1.6628594414715312,CORE,CORE_GATE,M1_OHLC,0,4,V15_Q2,LOW,1,A,15
XAUUSD,B_FVG_RETEST_SEQUENCE,V15_QUALITY_PRESERVING_EXPANDED,B_FVG_RETEST_SEQUENCE|BUY|2020-01-20T03:41:00+00:00,2020-01-20 03:41:00+00:00,2020-01-20 03:42:00+00:00,BUY,UTC_00_05,0.4823860918243503,13.0,1.2278918700993433,0.9209189025747568,0.7500000000002031,0.8749999999992895,0.1096332026878509,1.0086254647246387,0.8332123404248749,1.0086254647246387,11.0,45.652173913047775,0.8770656214988187,2.346150537510836,0.1096332026878509,,-1,1,1,0.39467952967446845,0.0,2.0,2.902390410920078,0.8175747636398645,1.3333333333344162,0.8986784140965068,13.0,1.2059652295623715,1.8637644456864855,0.21428571428550544,0.04096950429643738,0.22960433124688337,-0.009239716945745421,56.44434660331307,0.1470688602789778,0.18729748588729794,-0.040228625608320134,15.678963469125263,26.652733432208436,31.66376728428668,58.15217391303744,0.6364651901953323,4.450717007166525,0.000144388578542598,5.775042831568378e-05,1.604111659014862e-05,0.0003947609128926999,0.0007898336212266432,0.1096332026878509,2.6969767861113603,1.0524787458005767,0.9209189025747568,0.12500000000071054,0.0,0.7248655240633916,1.986241599648105,2.980930512316458,1.2613760755847137,0.9946889126683527,0.11714018073468263,0.928686181002969,2.9705566307542512,-0.007018451197309166,0.9569021290998431,3.047803034711885,7.49891106382188,1.5282941504047258,-0.010426617252569603,-1.8275348820290684,0.07563025210082364,1.1243455014703103,1.0774806099367567,0.4064327485380988,0.535068426197336,1.6883513213867218,8.06900371779711,0.7071067811865475,0.7071067811865476,0.0,1.0,1.604111659014862e-05,0.0003947609128926999,-0.040228625608320134,-5.011033852078246,3,0,,,0.8214285714287164,0.4565217391304778,,ASIA,341.0,2.346150537510836,11.774605968633109,0.7728119180632819,-2.6311968644984507,11.774605968633109,0.7728119180632819,1.1401869158883986,0.6528785029993732,CORE,CORE_GATE,M1_OHLC,3,4,V15_Q2,HIGH,1,B,15
XAUUSD,C_DISPLACEMENT_MID_RETEST,V15_QUALITY_PRESERVING_EXPANDED,C_DISPLACEMENT_MID_RETEST|BUY|2020-01-20T11:56:00+00:00,2020-01-20 11:56:00+00:00,2020-01-20 11:57:00+00:00,BUY,UTC_06_11,0.7684528481789942,4.0,1.683277667439543,0.7318598554077735,0.43478260869522234,0.8333333333333334,0.25615094939355276,0.7318598554077735,1.7564636529786564,0.5049833002315302,2.0,100.0,2.2724248510435494,2.890846428863201,0.25615094939355276,,-1,1,1,0.109778978310334,0.0,2.0,2.9597092158268787,0.3609401482713704,1.840000000001819,1.2735426008967496,4.0,0.18296496385277541,0.18296496385277541,0.0,0.13649419889965103,1.017981907722784,-0.10432288112146361,54.70987808834621,0.0034164922822128574,0.0053581984137490695,-0.0019417061315362121,13.598596162281735,26.978269366719836,26.600911071836308,79.79797979799372,0.6086485288183361,3.9068979649653977,4.8064444807538464e-05,0.00010895270811572821,0.00024998557775512964,3.204244983767701e-05,1.602096824337984e-05,2.8542534360919807,0.36592992770555083,0.8782318264893282,0.7318598554077735,0.16666666666666666,0.0,0.6993766376223699,1.018098346871495,-0.21471587546964765,0.3187217092491252,-1.2328142223411427,0.03368175538965962,-0.028359808967106517,1.7779680710802177,-1.6356320728394806,0.825369794493344,3.366555334879086,4.208194168597194,6.975938192262028,0.0380857508912588,-2.80812102224756,0.03896103896098144,0.6045534100457912,0.7287081176429068,0.8000000000003163,0.5386473429949152,1.3173477397339923,6.8062966552972854,0.258819045102521,-0.9659258262890682,0.0,1.0,0.00024998557775512964,3.204244983767701e-05,-0.0019417061315362121,0.37735829488352834,11,0,,,,,0.5652173913047777,LONDON,236.0,2.890846428863201,46.72925176782877,0.6319498825372103,9.953294033555704,24.773456105575598,1.1920236336780186,5.949367088607639,0.7841817416912075,CORE,CORE_GATE,M1_OHLC,2,4,V15_Q2,MEDIUM,1,C,15
XAUUSD,A_OB_RETEST_SEQUENCE,V15_QUALITY_PRESERVING_EXPANDED,A_OB_RETEST_SEQUENCE|BUY|2020-01-20T19:34:00+00:00,2020-01-20 19:34:00+00:00,2020-01-20 19:35:00+00:00,BUY,UTC_18_23,0.5228148025803956,8.0,1.806087499811985,0.7604578946576779,0.42105263157894735,1.0,0.19011447366441947,,2.091259210308614,2.091259210308614,3.0,29.545454545402873,1.2832726972380735,3.6121749996282926,0.19011447366441947,,1,1,2,0.8079865130727021,0.8666666666668688,5.0,3.344623356711132,0.13378493426730964,2.533333333329493,1.3406593406591705,8.0,0.33270032891165335,0.1425858552472339,-0.400000000001819,0.647382710867443,0.5872279392009015,0.3008524753964284,54.6861273962056,-0.016295324179964155,-0.044183870405134607,0.027888546225170452,29.946367439188386,15.670956496525903,24.568597426458624,91.56626506027528,0.8421237610253723,3.4383268273265815,4.484807713867056e-05,3.20330068115382e-06,7.368110816385887e-05,4.805166515020609e-05,-0.00012171022077600568,1.0931582235714925,0.7129292762404923,0.8555151314898876,0.7604578946576779,0.0,0.1111111111111111,0.8030167173285083,0.4136846973162694,2.3321806687516755,-0.3893320200122389,1.9184959714354062,0.24238650096884096,-0.2968428047947556,-0.4415339768814092,-0.7324248841722945,0.9039450200189696,3.9448753285399456,6.131191775682931,-0.3704512583731727,0.011197621058401164,-2.873324433963539,0.04504504504497123,0.6964417208856191,0.7961219135442118,0.64341085271314,0.5000000000012674,3.517117762793921,3.6121749996282926,-0.9659258262890684,0.2588190451025203,0.0,1.0,7.368110816385887e-05,4.805166515020609e-05,0.027888546225170452,-8.89764092993272,19,0,0.3181818181818182,1.0256844960581617,,,,NEW_YORK,394.0,3.6121749996282926,60.69404571742103,0.6969459671104231,16.872659537733437,32.17687466773217,1.3146233382570331,5.092105263156289,0.8195121951219512,CORE,CORE_GATE,M1_OHLC,4,4,V15_Q2,VERY_HIGH,1,A,15
XAUUSD,C_DISPLACEMENT_MID_RETEST,V15_QUALITY_PRESERVING_EXPANDED,C_DISPLACEMENT_MID_RETEST|BUY|2020-01-20T19:34:00+00:00,2020-01-20 19:34:00+00:00,2020-01-20 19:35:00+00:00,BUY,UTC_18_23,0.5228148025803956,8.0,1.806087499811985,0.7604578946576779,0.42105263157894735,1.0,0.19011447366441947,,2.091259210308614,0.5418262499420825,3.0,67.5438596491718,2.5808039799995734,3.6121749996282926,0.19011447366441947,,1,1,2,0.8079865130727021,0.8666666666668688,5.0,3.344623356711132,0.13378493426730964,2.533333333329493,1.3406593406591705,8.0,0.33270032891165335,0.1425858552472339,-0.400000000001819,0.647382710867443,0.5872279392009015,0.3008524753964284,54.6861273962056,-0.016295324179964155,-0.044183870405134607,0.027888546225170452,29.946367439188386,15.670956496525903,24.568597426458624,91.56626506027528,0.8421237610253723,3.4383268273265815,4.484807713867056e-05,3.20330068115382e-06,7.368110816385887e-05,4.805166515020609e-05,-0.00012171022077600568,1.0931582235714925,0.7129292762404923,0.8555151314898876,0.7604578946576779,0.0,0.1111111111111111,0.8030167173285083,0.4136846973162694,2.3321806687516755,-0.3893320200122389,1.9184959714354062,0.24238650096884096,-0.2968428047947556,-0.4415339768814092,-0.7324248841722945,0.9039450200189696,3.9448753285399456,6.131191775682931,-0.3704512583731727,0.011197621058401164,-2.873324433963539,0.04504504504497123,0.6964417208856191,0.7961219135442118,0.64341085271314,0.5000000000012674,3.517117762793921,3.6121749996282926,-0.9659258262890684,0.2588190451025203,0.0,1.0,7.368110816385887e-05,4.805166515020609e-05,0.027888546225170452,-8.89764092993272,19,0,,,,,0.1578947368421053,NEW_YORK,394.0,3.6121749996282926,60.69404571742103,0.6969459671104231,16.872659537733437,32.17687466773217,1.3146233382570331,5.092105263156289,0.8195121951219512,CORE,CORE_GATE,M1_OHLC,4,4,V15_Q2,VERY_HIGH,2,A+C,15
XAUUSD,A_OB_RETEST_SEQUENCE,V15_QUALITY_PRESERVING_EXPANDED,A_OB_RETEST_SEQUENCE|BUY|2020-01-21T23:18:00+00:00,2020-01-21 23:18:00+00:00,2020-01-21 23:19:00+00:00,BUY,UTC_18_23,0.455723016377964,5.0,1.5851235352279358,0.1585123535226134,0.09999999999988632,0.4444444444444444,0.9708881653264575,,1.1888426514196004,1.1888426514196004,4.0,38.333333333295435,0.039628088381554384,0.9312600769467052,0.9708881653264575,,1,1,2,0.33683875123600393,0.6333333333331312,1.0,1.9009504841394607,0.24193915252732626,1.4285714285724727,0.6814814814814665,5.0,0.4953511047586173,0.4755370605687412,-0.020408163264813678,0.8297005811796899,0.0038144537276819756,0.002595018263610447,52.12751224600709,0.1355597598935674,0.18335872309440765,-0.04779896320084026,13.605399569399749,25.28785510354779,26.299240364798052,27.167630057817902,0.43395181366929336,4.079915224914245,2.2450432652032504e-05,-0.00014750634116933448,2.2450432652032504e-05,1.9243166270666023e-05,0.00034649034158173997,0.13869830933273722,0.11888426514286107,0.3566527954258801,0.1585123535226134,0.5555555555555556,0.0,0.0018499736353365282,1.2643659382989971,3.814729084088319,1.2625159646636606,2.5503631457893214,0.28007736109909487,0.7650017353474422,2.821765271722306,-1.2654992500460402,1.0286152576376733,2.4371274354124335,5.904585168722755,-6.026241779003776,-0.023553552376034542,-2.552144684603176,0.10574018126893239,1.373801961620833,1.069951913328604,0.4127516778523526,0.1481481481481525,2.496569567982963,6.380122229291496,-0.25881904510252157,0.9659258262890681,0.7818314824680298,0.6234898018587336,2.2450432652032504e-05,1.9243166270666023e-05,-0.04779896320084026,-1.0113852612502612,23,1,0.3333333333333333,1.1060075544078276,,,,ASIA,78.0,0.9312600769467052,88.37063708893714,0.5677130044843097,-7.885989587757224,34.13959813996304,-0.11897852582705942,41.021276595721915,0.5874464819452299,CORE,CORE_GATE,M1_OHLC,1,4,V15_Q2,LOW,1,A,15
XAUUSD,C_DISPLACEMENT_MID_RETEST,V15_QUALITY_PRESERVING_EXPANDED,C_DISPLACEMENT_MID_RETEST|BUY|2020-01-22T10:59:00+00:00,2020-01-22 10:59:00+00:00,2020-01-22 11:00:00+00:00,BUY,UTC_06_11,0.4709131617021186,12.0,1.271465536596791,0.28254789702127114,0.22222222222203508,0.4374999999993783,0.21191092276648874,,1.224374220426579,0.4999999999990809,7.0,26.45434191474371,1.8455635695764934,2.542931073193582,0.21191092276648874,14.810218935545015,1,-1,1,0.47091316170318936,0.15000000000096633,5.0,1.9673891726900463,0.05786438743244715,1.2000000000004043,0.6305084745761504,12.0,1.9307439629808278,2.0720179114914634,0.035294117647021055,1.5539173649294362,0.4739736164493113,-0.4036331502813078,63.16556451218249,0.2377891461899253,0.27213183471246183,-0.034342688522536524,37.75385333756293,28.07407151688381,11.698854572537494,85.82677165352526,0.8252329533795779,2.5302502145758594,2.891538394811377e-05,1.92767368338842e-05,1.606389575181666e-05,0.00022172735247893982,0.001244873341375019,0.11772829042606502,1.6246504078728445,0.7534610587244606,0.28254789702127114,0.5625000000006217,0.06249999999991118,1.1345214706135829,3.6611351441454625,10.707362242051762,2.52661367353188,7.046227097906299,0.6266182943686955,1.6336384017882575,5.931053993806855,-1.0986519816510365,0.748079980087715,2.0249265953212516,11.019367983839212,0.3754310996002346,-0.0032448277971510175,0.07149353738031294,0.1363636363636716,0.9762555168510453,0.7758419900333225,0.1837606837607174,0.47597687400277994,1.9307439629808278,11.137096274265277,0.49999999999999994,-0.8660254037844387,0.9749279121818236,-0.22252093395631434,1.606389575181666e-05,0.00022172735247893982,-0.034342688522536524,16.375216944346313,10,2,,,,,0.2962962962960468,LONDON,179.0,2.542931073193582,37.696598594288325,0.7589006870705693,-8.523528226815841,37.696598594288325,0.7589006870705693,3.574074074074433,0.9764371504538369,CORE,CORE_GATE,M1_OHLC,0,4,V15_Q2,LOW,1,C,15
XAUUSD,A_OB_RETEST_SEQUENCE,V15_QUALITY_PRESERVING_EXPANDED,A_OB_RETEST_SEQUENCE|BUY|2020-01-24T05:19:00+00:00,2020-01-24 05:19:00+00:00,2020-01-24 05:20:00+00:00,BUY,UTC_00_05,0.6584372342672782,9.0,1.3943376725658971,0.7746320403134088,0.5555555555548538,1.0,0.11619480604789198,,0.7746320403134088,0.7746320403134088,2.0,100.0,0.7746320403169314,1.5492640806303402,0.11619480604789198,,-1,1,1,0.7359004383003803,0.6666666666675088,7.0,3.3003797393925507,1.6721924012916922,1.8000000000022738,0.9751243781097072,9.0,0.23238961209226133,0.7746320403134088,0.5384615384642294,0.2694375825196605,0.34201544029162273,-0.08663285593059959,51.482372332167195,0.015012804302614313,0.014446013049700956,0.0005667912529133574,13.646397121516733,17.77935518888718,18.656582881589593,47.619047619104336,0.5336584315194046,2.9918852630479367,7.684770705651545e-05,-2.241168993732945e-05,5.443257245141275e-05,0.0,7.04432803515509e-05,0.6584372342672782,0.0,0.7746320403134088,0.7746320403134088,0.0,0.0,0.1901743811194692,0.33241691992806627,0.31810204050204677,0.14224253880859705,-0.014314879426019458,0.19317042417762198,0.09684973832070759,0.598781030973737,-1.278816627119934,0.9846761352733985,3.25345456931984,3.950623405600146,-3.875254992680887,0.0013787326508762285,-1.7155972687806003,0.061488673139008077,0.7300468171824759,0.8471632688403026,0.8235294117652304,0.6666666666666714,2.1689697128775447,3.175991365288499,0.9659258262890683,0.25881904510252074,-0.433883739117558,-0.9009688679024191,5.443257245141275e-05,0.0,0.0005667912529133574,-0.8772276927024123,5,4,0.9000000000022738,0.3080354423418373,,,,ASIA,439.0,1.5492640806303402,24.323446065863934,0.6417197452229414,-2.246432916910647,24.323446065863934,0.6417197452229414,5.624999999992326,0.22153749328018668,CORE,CORE_GATE,M1_OHLC,3,4,V15_Q2,HIGH,1,A,15
XAUUSD,B_FVG_RETEST_SEQUENCE,V15_QUALITY_PRESERVING_EXPANDED,B_FVG_RETEST_SEQUENCE|BUY|2020-01-24T23:22:00+00:00,2020-01-24 23:22:00+00:00,2020-01-24 23:23:00+00:00,BUY,UTC_18_23,1.193783548356199,9.0,1.1754176476126943,0.22039080892790217,0.1875000000004441,1.0,0.05509770223218433,0.36731801487844495,1.9835172803452732,0.36731801487844495,7.0,20.0,1.7631264714182062,2.4242988982002425,0.05509770223218433,,1,1,2,0.532611121574998,0.0,2.0,2.287014295887563,0.3573459837323505,1.1228070175450073,0.9493670886077142,9.0,0.05509770223218433,0.12856130520787332,0.39999999999818103,0.1439353871254232,1.5387582117875513,0.13035734933926113,48.5540036376323,-0.08430343157851894,-0.10613572860728931,0.021832297028770375,17.390033335441185,18.004205209519448,26.83582576261712,65.04854368932146,0.5194870739733805,3.2986302967457894,3.818737270888661e-05,2.2275612977296078e-05,-2.8638615673037826e-05,-1.2728476146861567e-05,-1.9092592710379108e-05,-0.1652931066957178,-0.07346360297568899,0.3673180148792801,0.22039080892790217,0.0,0.3999999999990905,-0.04457149650537614,-0.7336527081828138,-2.3479300773569514,-0.6890812116774376,-1.6142773691741374,-0.13382840723644374,-0.41422697958908133,-1.240639235868533,-1.2020900983465737,0.6632484950460986,3.746643751763479,5.215915811278094,1.435486480662675,-0.0032169934863722077,0.9761917276416057,0.11149825783969448,0.5440851200645356,0.5798350290070436,0.7183098591549949,0.7619047619047667,4.81186599491264,3.379325736884199,-0.25881904510252157,0.9659258262890681,-0.433883739117558,-0.9009688679024191,-2.8638615673037826e-05,-1.2728476146861567e-05,0.021832297028770375,-8.831620553097672,23,4,,,0.3124999999995559,0.2,,ASIA,82.0,2.4242988982002425,71.33315848945915,0.7566941297631247,34.234038986701975,12.213323994720405,2.0,7.159090909090228,1.2616259021890348,CORE,CORE_GATE,M1_OHLC,2,4,V15_Q2,MEDIUM,1,B,15
XAUUSD,A_OB_RETEST_SEQUENCE,V15_QUALITY_PRESERVING_EXPANDED,A_OB_RETEST_SEQUENCE|BUY|2020-01-27T07:38:00+00:00,2020-01-27 07:38:00+00:00,2020-01-27 07:39:00+00:00,BUY,UTC_06_11,1.1161019327036346,8.0,0.9621568385377367,1.2700470268695325,1.319999999999709,1.0,0.6350235134347663,,0.654266650205941,0.654266650205941,3.0,88.23529411752904,1.80885485645105,3.1558744304044066,0.6350235134347663,,-1,1,1,0.26940391479119635,0.6428571428574329,5.0,3.010326135999347,0.46611501460587185,1.2499999999997158,1.3254437869820768,8.0,0.4041058721859194,0.01924313677117477,-0.9090909090890299,0.11567424219836121,1.9989075108924919,-0.11100954095658033,51.30893015309768,-0.10193987069715149,-0.12229833378658644,0.020358463089434953,24.456475392723288,16.262445779000767,30.32693360638863,84.10256410258874,0.5677951110181602,4.839515372337362,0.0002153322925606549,2.84945385469193e-05,0.00011715459974293019,-0.0002848561001932426,-0.00024688466371447504,0.7119960605177151,-1.731882309367226,1.2700470268695325,1.2700470268695325,0.0,0.0,0.3974201508861014,-0.1632533436769336,-1.5348283278319275,-0.560673494563035,-1.371574984154994,-0.10623018338030968,-0.5577734290133644,-0.36728115463080246,-0.015065054705963197,1.1746453967934245,3.1558744304044066,6.042344946017617,1.6075571851892292,0.028664615078178968,0.9940860888522103,0.13905325443780614,1.0539646870196493,1.2057887757328631,0.5222929936306231,0.42592592592501877,2.8864705156132104,3.1558744304044066,0.9659258262890683,-0.25881904510252063,0.0,1.0,0.00011715459974293019,-0.0002848561001932426,0.020358463089434953,-14.064487827387861,7,0,0.4117647058818022,0.3884291788391097,,,,ASIA,578.0,3.1558744304044066,42.46960285305514,0.17535115541458732,-6.023101809246442,42.46960285305514,0.17535115541458732,11.09756097560743,0.3812602343534015,CORE,CORE_GATE,M1_OHLC,3,4,V15_Q2,HIGH,1,A,15
XAUUSD,A_OB_RETEST_SEQUENCE,V15_QUALITY_PRESERVING_EXPANDED,A_OB_RETEST_SEQUENCE|BUY|2020-01-27T16:19:00+00:00,2020-01-27 16:19:00+00:00,2020-01-27 16:20:00+00:00,BUY,UTC_12_17,0.8006926146929074,5.0,1.7793169215396016,0.7752738015280807,0.43571428571434834,0.7647058823529749,0.5782779995002405,,1.6776416688802949,1.6776416688802949,4.0,20.075757575762665,0.0,2.497398393446678,0.5782779995002405,,1,1,2,0.3177351645606225,0.6666666666666666,1.0,3.1130228341675075,0.7685517720261809,3.0434782608695223,1.075268817204287,5.0,0.025418813164826682,0.10802995595065788,0.6190476190480315,0.12280236283925196,0.9815936702088628,0.09210038452903589,57.570959534522025,0.37270233353024196,0.26823567780875435,0.10446665572148761,10.81413560431323,20.766407134389993,21.79151604243787,66.38513513513924,0.8001284685387445,3.604750461015244,0.00042324165203222464,-0.00043865600848269626,0.0006855785240158507,0.0006792555359327324,0.0010556124448490856,1.378970614193148,1.3662612076107346,1.5124193833086323,0.7752738015280807,0.2352941176470251,0.25210084033608465,0.8954936556170218,1.2064720196316503,1.1473948886122443,0.3109783640146284,-0.05907713101940592,0.6168474016227582,0.3572953613735473,1.4786643180970978,0.5813622852952992,1.2961721600399294,3.7619843483978164,5.032925006640307,-10.716209375121274,-0.07986810784688492,-1.2322345511731232,0.2804497189257063,1.0199029958090595,1.3756825695119006,0.7474747474747497,0.46990196078439506,1.264585954951139,3.7683390516891677,-0.8660254037844384,-0.5000000000000004,0.0,1.0,0.0006855785240158507,0.0006792555359327324,0.10446665572148761,-1.0251089080478764,16,0,0.31060606060591184,1.3197353661060658,,,,LONDON_NY_OVERLAP,199.0,2.497398393446678,15.823211195119057,0.6220883534136619,3.596762062826154,14.024830163705692,0.5736293611236983,2.3944020356231954,1.7339358417967876,CORE,CORE_GATE,M1_OHLC,3,4,V15_Q2,HIGH,1,A,15
XAUUSD,A_OB_RETEST_SEQUENCE,V15_QUALITY_PRESERVING_EXPANDED,A_OB_RETEST_SEQUENCE|BUY|2020-01-29T12:05:00+00:00,2020-01-29 12:05:00+00:00,2020-01-29 12:06:00+00:00,BUY,UTC_12_17,0.6828123513677209,3.0,1.3656247027372161,0.5072320324458094,0.3714285714289798,0.8750000000001185,0.42919633514659056,,1.1315176108395597,1.1315176108395597,2.0,20.689655172397572,0.5462498810945317,2.2630352216791194,0.42919633514659056,,1,1,2,0.09754462162446709,0.6399999999994179,1.0,1.8487090066222471,0.07545751047434242,1.7499999999991473,1.121076233183994,3.0,0.7218302000182175,0.8974105189419034,0.10843373493994386,1.6928588313409156,0.11351617539450065,0.10562872406885773,54.396033304578815,-0.0019423980561441567,0.03292085225565501,-0.03486325031179917,22.628497689414445,22.668570440594777,21.745753194118162,49.57264957264991,0.5131443662276514,4.007351496818234,7.63871427709173e-05,0.00024193265995409163,0.00019735732179748666,-8.273957083615446e-05,-0.00018455409503259634,1.2095533081387786,-0.5072320324449222,0.9364283675915128,0.5072320324458094,0.12499999999988158,0.3333333333330175,0.41366762779886984,1.5303316397926627,7.344420392623682,1.116664011993793,5.81408875283102,-0.19627576481260375,0.31724936038364115,2.422621460822877,-0.8824865754760008,0.7942058763000033,2.419106616277557,4.565088292007848,12.32433696096853,0.06852458124770343,-4.459603667588301,0.053658536585330145,0.5870377844443369,0.7371558989775112,0.5299145299145067,0.5678571428572252,2.6337047838508525,10.593345908379154,1.2246467991473532e-16,-1.0,0.9749279121818236,-0.22252093395631434,0.00019735732179748666,-8.273957083615446e-05,-0.03486325031179917,0.9228172464766153,12,2,0.3448275862066262,0.6979819718880963,,,,LONDON,245.0,2.2630352216791194,32.38481437920508,0.9186746987951857,8.896069492118928,25.927360427688956,1.1474793077501912,1.1637931034483435,0.8931004960887564,CORE,CORE_GATE,M1_OHLC,3,4,V15_Q2,HIGH,1,A,15
XAUUSD,C_DISPLACEMENT_MID_RETEST,V15_QUALITY_PRESERVING_EXPANDED,C_DISPLACEMENT_MID_RETEST|BUY|2020-01-29T22:39:00+00:00,2020-01-29 22:39:00+00:00,2020-01-29 22:40:00+00:00,BUY,UTC_18_23,0.5167982871814306,7.0,0.9437186113743642,0.359511851952455,0.3809523809527161,0.38095238095250983,0.03370423612075021,,0.6066762501694166,0.5000000000000113,4.0,67.9755925975968,0.9296482642180773,1.449282153182552,0.03370423612075021,,1,1,2,0.06740847224098952,0.046511627906927554,3.0,1.4835341060478797,0.15138103122902893,0.9438202247186476,0.6615384615384952,7.0,0.03370423612075021,0.9324838660011214,0.9302325581390798,1.484304376323805,0.7511133355607981,0.5736755450370986,47.922447179639114,-0.16715485195209112,-0.17840562862745563,0.011250776675364504,14.021704015554096,20.78250450416555,22.10490157316028,71.27071823204433,0.46793309632948404,5.080122782968753,7.933938851545363e-05,-3.807843523018217e-05,0.00020313397637927721,-0.0002696597845259774,-0.0003869956764335214,0.7190237039043992,-0.9549533567481179,0.9437186113748751,0.359511851952455,0.6190476190474902,0.0,-0.18252773540056647,0.18744723722072676,5.324269042663377,0.3699749726212932,5.13682180544265,-0.09258844291468761,-0.10159525113192963,-0.7129736476995768,1.50189507517086,0.7324340134974265,2.033488912604972,6.875664168587062,-0.5569992777353292,0.052924643485304596,-2.716467032195755,0.2680412371133851,0.9573965529484262,0.8340146347734313,0.2957516339869245,0.39858906525611326,5.42638201540451,7.268880256659757,-0.5000000000000004,0.8660254037844384,0.9749279121818236,-0.22252093395631434,0.00020313397637927721,-0.0002696597845259774,0.011250776675364504,-1.3223970689947286,22,2,,,,,0.4285714285706552,ASIA,39.0,1.449282153182552,32.82792598139153,0.8347022587269007,15.391601161706403,14.930976601392718,1.8352144469525913,3.744186046511677,1.7615592621348828,CORE,CORE_GATE,M1_OHLC,1,4,V15_Q2,LOW,1,C,15
XAUUSD,C_DISPLACEMENT_MID_RETEST,V15_QUALITY_PRESERVING_EXPANDED,C_DISPLACEMENT_MID_RETEST|BUY|2020-01-29T23:36:00+00:00,2020-01-29 23:36:00+00:00,2020-01-29 23:37:00+00:00,BUY,UTC_18_23,0.7714214486238558,7.0,1.265922377230529,0.3164805943074074,0.24999999999982236,0.47058823529411764,0.07912014857685185,0.2967005571627447,0.9494417829240211,0.4999999999996155,6.0,73.73604457289392,1.6686636029892994,2.1164639744321363,0.07912014857685185,,1,1,2,0.4945009286057738,0.4166666666660351,1.0,2.466954825573441,0.4011308659466785,1.6000000000002275,0.9528535980149846,7.0,0.138460260009041,0.09890018572151456,-0.1666666666628771,2.1253904902025456,1.1693827687158624,0.8009130970094593,51.39075100370356,0.011253772888267122,-0.011213356068301959,0.02246712895656908,15.75936199896095,22.06795444693227,15.881376596671826,62.94117647057785,0.6471741277957249,2.5938982795532084,-6.340772115809301e-06,6.3408525277086625e-06,0.00011731879003096246,2.853446963935191e-05,-0.0005101749805118683,0.7318613743363294,0.17802033429836642,0.6725212629032408,0.3164805943074074,0.5294117647058824,0.0,0.16264753714469102,0.7568119309446545,8.689413036341048,0.5941643937999634,7.932601105396393,0.20489612798795467,0.2402393341813856,1.4438002040560314,-1.3445765594452035,0.768123497445063,3.362606314518902,5.3010499546526715,-0.8282664165509104,0.022320214685735713,1.1568837139057262,0.08609271523175617,0.42986057587394955,0.6136654774511173,0.6343283582090338,0.47836812144215307,3.421946425951091,6.369171960442871,-0.25881904510252157,0.9659258262890681,0.9749279121818236,-0.22252093395631434,0.00011731879003096246,2.853446963935191e-05,0.02246712895656908,6.186577850260443,23,2,,,,,0.687499999998801,ASIA,96.0,2.1164639744321363,57.79726853544245,0.9339493497604432,32.834861659423204,26.287669364682863,2.0,1.803738317757347,0.8891024101209064,CORE,CORE_GATE,M1_OHLC,1,4,V15_Q2,LOW,1,C,15
XAUUSD,C_DISPLACEMENT_MID_RETEST,V15_QUALITY_PRESERVING_EXPANDED,C_DISPLACEMENT_MID_RETEST|BUY|2020-02-05T11:13:00+00:00,2020-02-05 11:13:00+00:00,2020-02-05 11:14:00+00:00,BUY,UTC_06_11,1.0290185706193684,3.0,1.1576458919469723,0.37301923184978797,0.3222222222224019,0.7959183673467588,0.2508232765884034,,1.5178023916637366,0.49999999999991845,2.0,11.411803601800292,0.9848222847434,1.9294098199114256,0.2508232765884034,,-1,1,1,0.012862732133023603,0.02222222222220538,1.0,1.706114891939947,0.127051108974266,1.2244897959184684,1.223880597014922,3.0,0.1672155177255048,0.900391249292057,0.6867469879520646,0.48540529930772813,0.3816645740939117,-0.16407316304703468,49.32624094577592,-0.37674178295287675,-0.4737821752400317,0.09704039228715494,26.72793163022994,14.697565516958408,21.22242796494305,56.28140703517561,0.5019426727797738,3.8071625100100412,0.00019936588785363085,0.00044385835129134854,0.0003602027426867771,-0.0006522067398980758,-0.00011893855377143048,0.7203129994338211,-1.3055673114735267,0.6302738745047032,0.37301923184978797,0.20408163265324114,0.20408163265277712,0.2020639918785617,-1.290092288956424,-4.079275957265214,-1.4921562808349855,-2.78918366830879,-0.23991998822818292,-0.998368144044359,-1.3110478012414686,-1.5685446432272125,0.9794606361761224,2.2895663196284826,4.199682041340665,6.372747295638007,0.1358719564994723,-1.2554594774219687,0.006134969325147555,1.3053022450483254,2.248147336579146,0.5451761102603815,0.7467876039303348,8.618030528937759,3.1192125421900796,0.258819045102521,-0.9659258262890682,0.9749279121818236,-0.22252093395631434,0.0003602027426867771,-0.0006522067398980758,0.09704039228715494,-6.524862447984644,11,2,,,,,0.0,LONDON,193.0,1.9294098199114256,13.274339560990526,0.2969961240310149,2.4825073016194494,7.7497961099773836,0.5087136929460787,1.973333333333206,2.044109542821796,CORE,CORE_GATE,M1_OHLC,0,4,V15_Q2,LOW,1,C,15
XAUUSD,C_DISPLACEMENT_MID_RETEST,V15_QUALITY_PRESERVING_EXPANDED,C_DISPLACEMENT_MID_RETEST|BUY|2020-02-06T12:52:00+00:00,2020-02-06 12:52:00+00:00,2020-02-06 12:53:00+00:00,BUY,UTC_12_17,0.4523825733436398,5.0,1.60847137188964,0.728838590388118,0.4531250000003886,0.975609756097588,0.3015883822296646,,1.0806917029892982,0.500000000000382,2.0,100.0,2.313501248949387,3.015883822293789,0.3015883822296646,,1,1,2,0.1759265563008758,0.0,3.0,2.9842361267450035,0.29842361267478307,1.802816901408577,0.9506493506494254,5.0,0.3518531126006087,2.5635012489501494,0.7586206896554091,2.4915728454434336,1.3569962935125222,0.8637748982930441,63.418848869100366,0.32350170851486837,0.29192147881480457,0.0315802297000638,35.81771799683865,31.544827196149736,15.225548714209546,90.99678456592495,1.0077289203865214,3.4439328499738737,0.00020441210758459505,0.000341798434754903,0.0006070927605785759,0.0003833412663678537,0.0012981573200405716,2.3875746926492734,1.5079419111471801,1.0304269726172113,0.728838590388118,0.02439024390241197,0.2682926829265317,1.8543523637081156,3.586147548414256,10.50158044002649,1.7317951847061406,6.915432891612235,0.7430209133612425,1.0049620043924237,4.5677775816984365,-1.4228146530292591,0.9870242749207606,3.908082786389047,5.667348349393233,3.860564778300983,0.07968247059832129,0.4523085108126921,0.23818897637798464,0.902142884057282,0.9402665998511015,0.6895787139690224,0.5856199186992569,0.3518531126006087,9.173313292810155,1.2246467991473532e-16,-1.0,0.43388373911755823,-0.900968867902419,0.0006070927605785759,0.0003833412663678537,0.0315802297000638,16.319278481940188,12,3,,,,,0.43749999999968914,LONDON,292.0,3.015883822293789,33.61453843598101,0.9895327102803831,27.645601704358686,13.345285913649374,2.0,0.11666666666655613,0.8873125749088864,CORE,CORE_GATE,M1_OHLC,4,4,V15_Q2,VERY_HIGH,1,C,15
XAUUSD,A_OB_RETEST_SEQUENCE,V15_QUALITY_PRESERVING_EXPANDED,A_OB_RETEST_SEQUENCE|BUY|2020-02-06T14:16:00+00:00,2020-02-06 14:16:00+00:00,2020-02-06 14:17:00+00:00,BUY,UTC_12_17,1.139554374566164,4.0,0.8230114927419097,0.34819717000588807,0.4230769230765531,1.0,0.4906414668268385,,0.569777187283082,0.569777187283082,1.0,0.0,1.9625658673080737,3.165428818238225,0.4906414668268385,,1,1,2,0.2848885936419009,0.4888888888891584,3.0,2.7706856285999377,0.16931967730350841,0.8965517241383636,1.0413476263401409,4.0,0.09496286454778012,0.26906144955036426,0.47826086956281033,1.7876957636800066,1.72196423134176,0.8869885231723814,48.34003844938015,-0.2810555805722288,-0.3573891018726253,0.0763335213003965,30.53099002668401,20.583131472596722,28.448233738576512,100.0,0.6168258768304796,4.83650591277276,6.39284001917595e-05,0.00012147094926362456,0.0005084566900428467,0.00016942813210274466,-0.0007505469411220878,2.5165159104988994,0.8388386368327265,0.6330857636470693,0.34819717000588807,0.0,0.45,0.22149695765103727,-1.3587565782669517,1.9788842281362167,-1.580253535917989,3.3376408064031686,-0.30091655845341153,-1.2131603985543074,-2.634251826483874,-1.117814947811479,0.7941666780168765,3.165428818238225,8.562484953334888,5.0999860048379375,0.07395265000604595,-2.2716195887903012,0.2759124087592305,0.7445476032544766,0.7738556484919155,0.3696857670979456,0.703703703703666,8.578312097425705,3.165428818238225,-0.4999999999999997,-0.8660254037844388,0.43388373911755823,-0.900968867902419,0.0005084566900428467,0.00016942813210274466,0.0763335213003965,-7.86510226597979,14,3,0.8333333333322807,0.41560284428992067,,,,LONDON_NY_OVERLAP,76.0,3.165428818238225,47.84545658767008,0.7806814422758781,30.277326646448074,16.808427024844804,2.0,3.3150000000000546,0.9242831430755196,CORE,CORE_GATE,M1_OHLC,3,4,V15_Q2,HIGH,1,A,15
XAUUSD,C_DISPLACEMENT_MID_RETEST,V15_QUALITY_PRESERVING_EXPANDED,C_DISPLACEMENT_MID_RETEST|BUY|2020-02-06T14:20:00+00:00,2020-02-06 14:20:00+00:00,2020-02-06 14:21:00+00:00,BUY,UTC_12_17,1.1263679595632579,8.0,0.81348797079537,0.6883359752877881,0.8461538461531062,0.9696969696963225,0.2190159921370235,,0.5631839797816289,0.5000000000004264,5.0,100.0,2.1591759135091793,2.862851897222154,0.2190159921370235,,1,1,2,0.2815919898911702,0.4888888888891584,3.0,2.7706856285999377,0.16931967730350841,0.8965517241383636,1.0413476263401409,8.0,0.17208399382301412,1.736483937658896,0.8196721311466244,1.6956120656113964,1.72196423134176,0.8769897238230518,47.582677181215296,-0.18242393670652746,-0.26603963063654085,0.08361569393001339,24.436730612589336,22.55159534919579,28.753215159944087,64.6643109540627,0.721218089323796,2.6908024585568224,0.00012147755062885679,-0.00017896576960085842,9.58926002869731e-06,0.0002046107759543503,-0.0009101418543902007,0.04693199831472076,1.001215964055676,1.032503962933105,0.6883359752877881,0.030303030303677557,0.30303030303057443,-0.018901158173731034,-1.3683660959753756,1.6240654837513835,-1.3494649378016446,2.992431579726759,-0.005067265623290675,-0.8727072373845044,-2.3494854212539567,0.10821286550015834,0.8315918701158471,4.427251841059459,8.463403696160302,-4.67789830732189,-0.020773128791633566,-4.184025805158132,0.05863192182406515,0.7518708659366795,0.7829151939510336,0.5231053604435796,0.3407761828812184,8.682419688297326,2.862851897222154,-0.4999999999999997,-0.8660254037844388,0.43388373911755823,-0.900968867902419,9.58926002869731e-06,0.0002046107759543503,0.08361569393001339,-6.201619810748298,14,3,,,,,0.0,LONDON_NY_OVERLAP,80.0,2.862851897222154,47.29181030220104,0.7750578895137188,29.661022935154644,16.613927403552008,2.0,3.715846994535766,0.9066482609017181,CORE,CORE_GATE,M1_OHLC,4,4,V15_Q2,VERY_HIGH,2,A+C,15
XAUUSD,C_DISPLACEMENT_MID_RETEST,V15_QUALITY_PRESERVING_EXPANDED,C_DISPLACEMENT_MID_RETEST|BUY|2020-02-07T07:16:00+00:00,2020-02-07 07:16:00+00:00,2020-02-07 07:17:00+00:00,BUY,UTC_06_11,2.3561768962372747,12.0,1.0589559084204354,0.1588433862630653,0.15,0.42857142857142855,0.052947795419817874,,0.7942169313165304,0.5000000000011833,4.0,65.88433862638932,5.918418166553862,6.247839859685384,0.052947795419817874,,-1,1,1,0.6088996473423522,0.13333333333323227,8.0,6.063641464190073,0.4106848800438619,1.142857142855658,0.7555555555556387,12.0,0.02647389771111283,0.450056261079287,0.8888888888866431,0.808332569845638,0.7171094760314415,-0.41130901216053345,55.30401063147249,0.07017494897172583,0.01258587853374987,0.05758907043797595,26.278930677363952,19.78603597801915,21.171314852495872,90.07633587785385,0.7272593912072342,6.7856581567289025,1.596347556787059e-05,-7.023323819932425e-05,4.1506096607024645e-05,0.0004311928070650506,0.00012133519806378779,0.34416067023724345,3.573976190921979,0.3706345679471524,0.1588433862630653,0.5714285714285714,0.0,0.8022444035804801,0.3819249210169627,-2.8116180542560145,-0.42031948256351737,-3.1935429752729774,0.6968413375455634,0.1178247446162074,0.8114580652331556,-0.6582638874554952,1.18920516694011,2.0914379191321655,6.936161200159871,-4.1196799132635675,-0.025075792819753043,-5.524041474021317,0.10082644628093458,1.4676954736694994,1.2691904405143517,0.3015267175572506,0.5989974937341984,2.9915504412907397,6.247839859685384,0.9659258262890683,-0.25881904510252063,-0.433883739117558,-0.9009688679024191,4.1506096607024645e-05,0.0004311928070650506,0.05758907043797595,-1.3852788744767217,7,4,,,,,0.8500000000011368,ASIA,556.0,6.247839859685384,22.741078133349916,0.2782305005820526,1.1119037038426611,22.741078133349916,0.2782305005820526,2.6271186440682768,0.806332815386686,CORE,CORE_GATE,M1_OHLC,0,4,V15_Q2,LOW,1,C,15
XAUUSD,B_FVG_RETEST_SEQUENCE,V15_QUALITY_PRESERVING_EXPANDED,B_FVG_RETEST_SEQUENCE|BUY|2020-02-12T19:53:00+00:00,2020-02-12 19:53:00+00:00,2020-02-12 19:54:00+00:00,BUY,UTC_18_23,0.4174670923788472,14.0,1.1480345040397535,0.887117571302529,0.7727272727264741,1.0,0.10436677309441518,0.8871175713037155,1.200217890586961,0.8871175713037155,12.0,41.17647058818022,0.9914843443981307,2.400435781173922,0.10436677309441518,,1,1,2,0.3131003192832455,0.7368421052634728,2.0,2.497362104014762,0.5351490222892398,1.1891891891882258,1.0818858560790012,14.0,0.6262006385676776,0.1826418529158198,-0.5483870967737204,1.1563811588382436,0.3561142817810656,0.2802163118053396,54.8441565667127,-0.031048289654563632,-0.07402922336721425,0.04298093371265062,10.529008009632845,22.62977188790891,21.543482128004865,81.10236220471229,0.8781236839895971,2.8636272116856807,0.00011159077431233122,6.695147612045815e-05,0.00019131371942560094,0.00020088132696449712,-1.9127346686298452e-05,1.5655015964174142,1.6437766762376322,0.887117571302529,0.887117571302529,0.0,0.0,0.8961063811389962,0.2271043179471735,4.279609385286397,-0.6690020631918228,4.052505067339224,0.19191694561080536,-0.44449898530657045,-1.561254672635133,-0.4064181784334938,0.7797472143982549,2.6874444071841572,3.339736739024845,3.3556761711324015,0.014102832197772003,-1.5088608254909452,0.1460674157303187,0.6696359351159042,0.5878224307488097,0.8046875000000306,0.8416666666666776,8.923359099580804,2.6874444071841572,-0.9659258262890684,0.2588190451025203,0.9749279121818236,-0.22252093395631434,0.00019131371942560094,0.00020088132696449712,0.04298093371265062,1.0862897599040444,19,2,,,0.7727272727275076,0.4117647058818022,,NEW_YORK,413.0,2.400435781173922,44.59070380462863,0.7507314218841521,4.383404469968997,17.16833417404672,0.9331306990881368,0.4782608695652389,0.8336706455743257,EXPANDED,RELAXED_SWEEP_WITH_STRONG_COMPENSATION,M1_OHLC,4,4,V15_Q2,VERY_HIGH,1,B,15
XAUUSD,C_DISPLACEMENT_MID_RETEST,V15_QUALITY_PRESERVING_EXPANDED,C_DISPLACEMENT_MID_RETEST|BUY|2020-02-14T01:53:00+00:00,2020-02-14 01:53:00+00:00,2020-02-14 01:54:00+00:00,BUY,UTC_00_05,1.0413234108947473,7.0,2.8337653476820606,0.3755592629455066,0.13253012048181878,1.0,0.30727576059177814,,2.389922582382049,0.8501296043039971,4.0,47.991967871531784,3.0061811911263505,4.09701014122759,0.30727576059177814,,1,1,2,0.3243466361813747,0.5,3.0,4.527431399596658,0.32571448917934925,4.150000000003411,1.3769230769228016,7.0,0.30727576059177814,2.7654818453291083,0.8000000000002021,0.5262477028500504,0.7439934437942528,0.30472856257817005,62.13948361210897,0.18990938278716385,0.12359271751987708,0.06631666526728677,23.12562531265333,37.41701269828346,15.660214834781176,84.50704225352,0.932367962772655,4.38055963812057,9.509047859035391e-05,0.00011094064992200892,0.0003804704517136326,0.000393157786268139,0.0005137035169666682,2.048505070614183,2.1167885729679115,0.6486932723611968,0.3755592629455066,0.0,0.4210526315796402,1.6796681666530673,2.5422492788908264,4.056731357531188,0.8625811122377589,1.514482078640362,0.928970515623329,0.5588881743983536,2.7774936672183714,0.4836032694681571,1.3617226548742825,4.848128667119379,4.848128667119379,2.6519137601553524,0.008026666726531365,4.159658140319209,0.2158940397351086,1.3604604538948277,1.5450087961577479,1.0,0.5491990846681459,0.7511185258917895,5.462680188303712,0.25881904510252074,0.9659258262890683,-0.433883739117558,-0.9009688679024191,0.0003804704517136326,0.000393157786268139,0.06631666526728677,21.756797863502282,1,4,,,,,0.5301204819278231,ASIA,233.0,4.09701014122759,6.213798714195502,0.879120879120875,5.3602549347723425,6.213798714195502,0.879120879120875,0.1833333333333491,0.3663627550832587,CORE,CORE_GATE,M1_OHLC,2,4,V15_Q2,MEDIUM,1,C,15
XAUUSD,C_DISPLACEMENT_MID_RETEST,V15_QUALITY_PRESERVING_EXPANDED,C_DISPLACEMENT_MID_RETEST|BUY|2020-02-14T20:20:00+00:00,2020-02-14 20:20:00+00:00,2020-02-14 20:21:00+00:00,BUY,UTC_18_23,0.5530098993791102,17.0,2.114449615272459,0.9758998224331581,0.461538461538327,1.0,0.2602399526486449,0.7969848549868449,1.7566196803798326,0.6343348845821815,11.0,100.0,2.236437093076326,2.9927594554623753,0.2602399526486449,,1,1,2,0.4228899230547877,0.7500000000002842,6.0,3.010898774391827,0.6905731133925287,2.241379310343665,1.124812030075188,17.0,0.6180698875412713,1.984329638947397,0.5249999999998366,1.68071146868907,1.669176854141223,0.8689930911348916,60.436660141320516,0.12236219635474299,0.13268809880394203,-0.010325902449199037,16.825166199996477,21.13797960862959,21.188556489821746,84.36213991769286,0.7769654468782187,4.02271225467279,0.00018943759136424987,0.00018943759136424987,0.00013259877819704613,0.0005179661616496745,0.0004516112732280142,0.6831298757034326,2.6674595146508295,0.9758998224331581,0.9758998224331581,0.0,0.0,0.9619930806073572,1.9472747281348708,6.270031096996764,0.9852816475275135,4.322756368861893,0.1553010839522586,0.6632377406285174,1.9889060431562993,-0.7783593312065277,1.0742515447092138,2.4234845590430947,5.367449023383479,7.5315848184622425,0.0043513974572799985,-2.186534040141268,0.03333333333330807,1.1433583627523898,1.1992858046057517,0.45151515151519833,0.6416666666664627,0.6180698875412713,4.960824097369602,-0.8660254037844386,0.5000000000000001,-0.433883739117558,-0.9009688679024191,0.00013259877819704613,0.0005179661616496745,-0.010325902449199037,-0.050576881192156975,20,4,,,,,0.5846153846154707,NEW_YORK,440.0,2.9927594554623753,35.96190845666754,0.9828132066937989,25.731225318157698,16.73668195473188,2.0,0.20652173913047778,1.0071864893999283,CORE,CORE_GATE,M1_OHLC,4,4,V15_Q2,VERY_HIGH,1,C,15
XAUUSD,C_DISPLACEMENT_MID_RETEST,V15_QUALITY_PRESERVING_EXPANDED,C_DISPLACEMENT_MID_RETEST|BUY|2020-02-17T01:29:00+00:00,2020-02-17 01:29:00+00:00,2020-02-17 01:30:00+00:00,BUY,UTC_00_05,0.8009198496818892,12.0,2.076458869545239,0.17798218881804773,0.08571428571423004,1.0,0.23730958509140476,,0.8602472459545718,0.6229376608638415,9.0,7.142857142795273,2.0764588695459136,3.159183851523382,0.23730958509140476,,-1,1,1,0.5932739627275002,0.17021276595776588,3.0,2.607192264036296,0.26190972515462774,1.9178082191769388,1.194520547945322,12.0,0.11865479254603963,1.0530612838411273,0.7974683544295199,0.010169325105542968,1.400742319651062,-0.009004748975341217,45.28414182622058,-0.2165320675185285,-0.33465389720100813,0.11812182968247964,28.83939928586025,22.473511839596682,30.75922845807705,74.117647058821,0.6417735060655605,4.299738460446632,3.4772163302720926e-05,-8.533960421386322e-05,-0.00020858220983377418,8.85157178625029e-05,-0.0016126639883611293,-0.9789020385006114,0.4152917739094525,0.5042828683178019,0.17798218881804773,0.0,0.6470588235294118,-0.27922876364180493,-1.8757706017997755,-3.165095466422553,-1.5965418381579706,-1.2893248646227777,-0.11179398145208586,-0.7723923681407081,-3.331877399696508,0.34142850682637144,1.0570973425267935,3.114688304318533,12.102788839638036,-1.866752743608437,-0.047447678161757045,-4.207214326873018,0.1574803149606398,1.700584660697722,1.893149029817873,0.25735294117646407,0.5757575757574204,9.759356686865726,3.7376259651823744,0.25881904510252074,0.9659258262890683,0.0,1.0,-0.00020858220983377418,8.85157178625029e-05,0.11812182968247964,-8.285716618480368,1,0,,,,,0.25714285714269014,ASIA,209.0,3.159183851523382,5.04282868318274,0.7411764705882101,1.0975568310459765,5.04282868318274,0.7411764705882101,0.41314553990613334,0.5691961029066092,CORE,CORE_GATE,M1_OHLC,1,4,V15_Q2,LOW,1,C,15
XAUUSD,C_DISPLACEMENT_MID_RETEST,V15_QUALITY_PRESERVING_EXPANDED,C_DISPLACEMENT_MID_RETEST|BUY|2020-02-17T02:57:00+00:00,2020-02-17 02:57:00+00:00,2020-02-17 02:58:00+00:00,BUY,UTC_00_05,0.6815082267927597,13.0,1.7824061316103048,0.3145422585191851,0.17647058823513675,0.7142857142861783,0.38444053819011514,,0.838779356051955,0.5347218394823763,7.0,76.14379084968486,1.2529266631027318,1.7299824218575046,0.38444053819011514,,-1,1,1,0.05242370975280019,0.18181818181799392,6.0,2.2619045695471196,0.7604679156231495,2.1249999999998814,1.2165898617512623,13.0,0.2446439788482551,0.38444053819011514,0.22222222222222224,0.2065333773439166,1.0996570459945822,-0.16299333083467152,50.77221013104562,-0.06168986605325699,-0.12333562133831191,0.06164575528505492,22.997925281725045,27.182526992927112,19.78098015630703,53.723404255316446,0.7795597925683055,2.6003099440739867,5.6885338119982976e-05,0.00018648166000279076,0.0001295815779245313,0.00037935787357268325,-0.00031591184795798366,0.7164573666282247,2.096948390130285,0.4892879576973048,0.3145422585191851,0.2857142857138217,0.07142857143007952,0.2891654190674066,-0.3860614859239923,-1.400822718247749,-0.6752269049913989,-1.0147612323237567,0.033511291053067306,-0.3302678084548069,-1.9266532368020999,-0.3311981878649365,1.04033406191976,2.90077860634598,4.14147307050618,7.872076753684624,0.016354533189043924,-1.8020167761278643,0.06779661016950589,0.5850295157806534,0.998035945255303,0.7004219409282408,0.5412046096980628,5.714184363103695,2.289168659224945,0.49999999999999994,0.8660254037844387,0.0,1.0,0.0001295815779245313,0.00037935787357268325,0.06164575528505492,7.401546836620081,2,0,,,,,0.7647058823522593,ASIA,297.0,1.7299824218575046,11.65553813513831,0.50974512743629,2.8308803266758447,11.65553813513831,0.50974512743629,3.303030303029496,0.7987309644670051,CORE,CORE_GATE,M1_OHLC,0,4,V15_Q2,LOW,1,C,15
XAUUSD,C_DISPLACEMENT_MID_RETEST,V15_QUALITY_PRESERVING_EXPANDED,C_DISPLACEMENT_MID_RETEST|BUY|2020-02-18T13:07:00+00:00,2020-02-18 13:07:00+00:00,2020-02-18 13:08:00+00:00,BUY,UTC_12_17,0.5291367752056934,8.0,1.5703413973873426,1.0241356939488069,0.6521739130438221,0.975609756098129,0.3584474928819272,0.22189606702229323,0.9217221245533052,0.49999999999929606,4.0,100.0,2.0201674549187065,2.4067188807779885,0.3584474928819272,,1,1,2,0.11948249762756778,0.0,4.0,2.9322994275812753,0.8501933251565237,1.6727272727275433,1.0583657587545885,8.0,0.40965427757890177,0.06827571292981696,-0.7142857142857142,0.2666599699780828,1.1748929806652013,0.21514159789722592,56.138406280721895,-0.009019704896445546,-0.10005827663138508,0.09103857173493954,25.664382306028628,23.435985045092803,18.45764820933814,85.27131782945271,0.8867193189978861,3.9525372747829164,0.0001984276967268439,0.0001291265377081352,0.0001732261640798871,0.00044736104241427377,0.0001637759167516517,0.9387910527861475,2.4237878090108307,1.399652115062024,1.0241356939488069,0.024390243901870928,0.24390243902425499,1.0527500935641847,0.2890389098013382,-0.32745531565633934,-0.7637111837628464,-0.6164942254576775,0.4228985545766559,-0.3126788491996679,-0.043378354338439014,-0.7340620522615003,1.034102047843184,4.403783483977075,4.403783483977075,3.9984458438089874,-0.01193494340388404,-4.088741037317455,0.06209150326801125,0.8346893430729032,1.0907479185755962,1.0,0.5770551038848173,3.840508852305697,3.755164211143038,-0.2588190451025208,-0.9659258262890683,0.7818314824680298,0.6234898018587336,0.0001732261640798871,0.00044736104241427377,0.09103857173493954,4.978336835754664,13,1,,,,,0.8260869565219111,LONDON_NY_OVERLAP,7.0,2.4067188807779885,20.789954587147893,0.7372742200328521,13.757556155371313,14.21841721764719,1.0780312124850056,2.269503546099396,1.4926265287663694,CORE,CORE_GATE,M1_OHLC,4,4,V15_Q2,VERY_HIGH,1,C,15
XAUUSD,C_DISPLACEMENT_MID_RETEST,V15_QUALITY_PRESERVING_EXPANDED,C_DISPLACEMENT_MID_RETEST|BUY|2020-02-18T16:02:00+00:00,2020-02-18 16:02:00+00:00,2020-02-18 16:03:00+00:00,BUY,UTC_12_17,0.7058720182842418,15.0,1.1058661619783423,0.5646976146275005,0.5106382978725772,0.7352941176469899,0.058822668190576397,,1.011749892874383,0.49999999999973166,9.0,100.0,1.7734997857483654,2.1999677903194255,0.058822668190576397,,1,1,2,0.5411685473513769,0.6896551724140364,6.0,2.282044813482838,0.1856208699962782,1.068181818181507,1.0599078341015846,15.0,0.058822668190576397,1.4940957720351837,0.9242424242421581,0.945596464666073,0.8772407831428846,0.5201623292960578,63.632423704991616,0.4057857294708356,0.5109866314826994,-0.10520090201186383,26.33257529453971,25.511042320000634,15.40510568966878,66.7910447761108,0.6968636463042619,2.4023442678676354,0.00016653521905651836,5.341091530608466e-05,1.8850259819291892e-05,0.00025453848401912893,0.0011417212627500284,0.07058720182837068,0.9529272246838068,1.5999765747780073,0.5646976146275005,0.26470588235301,0.38235294117642143,0.8154027285140948,3.1559676629024147,7.067408979238073,2.34056493438832,3.9114413163356585,0.3656661000311904,1.5488542926181768,4.717655339106841,-1.2500103539753442,1.0158461569019008,2.2234968575960843,6.246967361816958,-0.21623551946843378,-0.027127845177352228,-1.9386450069165697,0.02192242833054682,0.9513479022317956,1.3931858068791783,0.35593220338986536,0.3998029833946763,1.047043493788836,11.223365090721105,-0.8660254037844384,-0.5000000000000004,0.7818314824680298,0.6234898018587336,1.8850259819291892e-05,0.00025453848401912893,-0.10520090201186383,10.105936630331854,16,1,,,,,0.6808510638294578,LONDON_NY_OVERLAP,182.0,2.1999677903194255,20.37617226114173,0.948614318706679,18.246791672650673,9.799856520514291,1.9723889555822305,0.4759358288772082,2.3536625424285558,CORE,CORE_GATE,M1_OHLC,3,4,V15_Q2,HIGH,1,C,15
XAUUSD,A_OB_RETEST_SEQUENCE,V15_QUALITY_PRESERVING_EXPANDED,A_OB_RETEST_SEQUENCE|BUY|2020-02-21T06:47:00+00:00,2020-02-21 06:47:00+00:00,2020-02-21 06:48:00+00:00,BUY,UTC_06_11,0.7091563697132027,12.0,0.9583194185316377,1.3799799626843032,1.4399999999986903,1.0,0.45999332089476774,,0.651657204600921,0.651657204600921,5.0,100.0,1.5908102347623791,2.721627148629119,0.45999332089476774,,1,1,2,0.5174924860070496,0.4848484848488398,7.0,3.2867354928115673,0.7011702384660425,1.2195121951217078,0.7590618336884247,12.0,0.30666221393071674,2.012470778915916,0.7355371900821415,2.4490024371200296,1.925208142574533,0.9441489267157501,58.34946889940363,0.14753464632121904,0.16455725692052842,-0.017022610599309373,19.88532519573187,16.782738231951107,19.563617277124084,86.06060606057817,0.8957809801246243,2.3898603358658037,0.0002152442099307983,9.531100596138486e-05,-2.4593439699960307e-05,0.0001721879554523742,0.00027368362787627554,-0.15333110696492258,1.073317748754458,1.9166388370632754,1.3799799626843032,0.0,0.28000000000065484,0.9882990242493664,2.419079244595516,8.930257773975427,1.4307802203461493,6.511178529379912,0.3179215077298813,0.9326635344490627,2.7072872688055747,0.297375721875305,1.1646224012028084,2.3574657695887353,3.354117964860732,2.2027854508107083,-0.01263634577079159,-2.6932291732581497,0.037567084078645334,1.1912925603745455,1.1302598810305453,0.7028571428574131,0.5246913580246861,0.44082693252545985,8.107382280776818,1.0,6.123233995736766e-17,-0.433883739117558,-0.9009688679024191,-2.4593439699960307e-05,0.0001721879554523742,-0.017022610599309373,-2.780879045172977,6,4,0.5882352941176471,0.39440825913814537,,,,ASIA,527.0,2.721627148629119,28.787915332691234,0.9846870838881181,25.222967095752427,28.787915332691234,0.9846870838881181,0.16197183098629211,0.4854871544505752,EXPANDED,RELAXED_SECOND_WITH_STRONG_COMPENSATION,M1_OHLC,4,4,V15_Q2,VERY_HIGH,1,A,15
XAUUSD,C_DISPLACEMENT_MID_RETEST,V15_QUALITY_PRESERVING_EXPANDED,C_DISPLACEMENT_MID_RETEST|BUY|2020-02-21T06:55:00+00:00,2020-02-21 06:55:00+00:00,2020-02-21 06:56:00+00:00,BUY,UTC_06_11,0.8474978747454573,20.0,1.14526739830501,1.0078353105095754,0.8800000000010186,1.0,0.22905347966183529,,0.7787818308466985,0.4999999999997879,13.0,100.0,2.6131684957615895,2.931884539661284,0.22905347966183529,,1,1,2,0.6184443950846638,0.4848484848488398,7.0,3.2867354928115673,0.7011702384660425,1.2195121951217078,0.7590618336884247,20.0,0.16033743576203477,1.3056048340680864,0.7812500000008659,2.53328631948464,1.925208142574533,0.9463372022447063,55.84935387314613,0.07702208773434904,0.11113651616352774,-0.034114428429178695,16.066382557546174,18.40030664851901,21.870858415863964,69.91869918701231,0.6709513776915731,2.6060569031833736,0.00013836659768839965,0.00013836659768839965,2.1521178376726624e-05,9.531510867466508e-05,0.00019679954736107064,0.16033743576307638,0.7100657869500228,1.0536460064406925,1.0078353105095754,0.0,0.04347826086853365,0.6266032994403895,1.975415458918723,9.584777580178539,1.3488121594783335,7.609362121259815,-0.0065025675958990505,0.7702721448524215,2.219439920656488,-1.2431364314911564,0.958614208161656,2.7715471038982074,3.779382414406741,6.515510068331544,-3.80219107881663e-06,0.28356887965432875,0.1300813008131449,1.0773189356028745,0.9550344814890088,0.733333333333315,0.4843137254902117,0.8474978747454573,7.535859480846882,1.0,6.123233995736766e-17,-0.433883739117558,-0.9009688679024191,2.1521178376726624e-05,9.531510867466508e-05,-0.034114428429178695,-3.470551767344954,6,4,,,,,0.8799999999973807,ASIA,535.0,2.931884539661284,34.4038326450835,0.9753661784287696,29.822763051863458,34.4038326450835,0.9753661784287696,0.28906249999986955,0.48785434431896746,CORE,CORE_GATE,M1_OHLC,4,4,V15_Q2,VERY_HIGH,2,A+C,15
XAUUSD,C_DISPLACEMENT_MID_RETEST,V15_QUALITY_PRESERVING_EXPANDED,C_DISPLACEMENT_MID_RETEST|BUY|2020-02-24T12:13:00+00:00,2020-02-24 12:13:00+00:00,2020-02-24 12:14:00+00:00,BUY,UTC_12_17,1.485571782530623,3.0,1.832774383045559,0.7399399683104684,0.40372670807461575,0.9285714285714982,0.2959759873243944,,0.557800899187565,0.5498323149139006,3.0,70.70393374738569,0.6414710340656997,1.5424902416316273,0.2959759873243944,,1,1,2,0.10814507229154592,0.12422360248436679,0.0,1.5034956469291176,0.32754726593822947,2.0124999999999895,1.0483460559796596,3.0,0.2902841414139316,0.05691845910100436,-0.6721311475398594,2.274382431562302,2.564360811300916,0.9675291601486814,44.56832365841925,-0.8714118031361977,-0.9631171868435942,0.09170538370739645,22.622386264445883,18.141581761819488,22.39663023892877,42.05202312139131,0.42306383647609186,5.274874581739211,0.0003747445937145599,-2.675672783047922e-05,0.0007348828352791159,-0.0007664588117511917,-0.002715916873967772,1.405885939789838,-1.4684962448005288,0.7968584274112138,0.7399399683104684,0.07142857142850183,0.0,-0.3697960593992437,-1.566450907471836,3.924032445909571,-1.1966548480725923,5.490483353381407,-0.5403921341215123,-1.1265536053732754,-3.467872466681539,-1.5680461672495627,0.8417203970235252,1.9466113012473087,8.196258110514862,1.3852679777746957,0.1435056913465692,-2.7311877883224156,0.2800863464651876,0.7973820325994241,0.8033256493642632,0.23750000000000354,0.40476190476195945,8.571919940579782,1.6563271598333773,1.2246467991473532e-16,-1.0,0.0,1.0,0.0007348828352791159,-0.0007664588117511917,0.09170538370739645,-4.2550484771092805,12,0,,,,,0.3167701863351353,LONDON,253.0,1.5424902416316273,35.79032708258114,0.7604961832061137,25.3059469162145,26.09142165180556,1.0431937172774872,5.557195571955457,1.2126231944704984,CORE,CORE_GATE,M1_OHLC,4,4,V15_Q2,VERY_HIGH,1,C,15
XAUUSD,C_DISPLACEMENT_MID_RETEST,V15_QUALITY_PRESERVING_EXPANDED,C_DISPLACEMENT_MID_RETEST|BUY|2020-02-24T14:27:00+00:00,2020-02-24 14:27:00+00:00,2020-02-24 14:28:00+00:00,BUY,UTC_12_17,0.9912287840755656,14.0,1.0715986854863901,0.589379277017484,0.5499999999999716,0.8518518518516179,0.0669749178428613,,0.401849507057777,0.4999999999998117,10.0,100.0,2.616526483677299,2.9803838440102215,0.0669749178428613,,1,1,2,0.5625893098803395,0.058823529411899576,4.0,2.797989333267062,0.08929753191282754,1.1428571428568643,1.1525029103609135,14.0,0.0669749178428613,0.15404231103873328,0.39393939393981153,0.8054019674852826,2.6004026007655057,0.6597325765341585,53.01619909354776,-0.2037491847640922,-0.2903048517358085,0.0865556669717163,24.478302965359248,20.951658988854042,26.755633939079406,62.70161290322791,0.7472730446494409,3.1540959888561186,0.0002915798869385089,0.0006548047788843547,0.000651826453438975,0.0012597721688631935,-0.00047865524632906276,1.466750700760033,2.8330390247556223,0.7233291127038158,0.589379277017484,0.14814814814838206,0.03703703703741131,0.604201910207147,-0.40994977743099437,-0.6428545171534864,-1.0141516876381413,-0.232904739722492,-0.18393262859351095,-0.5176460745395502,-0.7185630659616108,0.3862962455806009,0.9347840413572527,3.3219559250089667,5.81342286876554,11.224302662120813,0.056892393069235714,-0.9873987267144813,0.09134906231093941,1.0689220086554494,0.9310273607816206,0.5714285714285864,0.6609997976117087,5.384783394570922,3.7974778416937385,-0.4999999999999997,-0.8660254037844388,0.0,1.0,0.000651826453438975,0.0012597721688631935,0.0865556669717163,-5.8039749502253635,14,0,,,,,0.7874999999998366,LONDON_NY_OVERLAP,87.0,2.9803838440102215,42.11382833962926,0.7355279898218869,28.725542262829254,30.701302339195642,1.0089441535776582,3.7370786516850862,1.0204533666045168,CORE,CORE_GATE,M1_OHLC,4,4,V15_Q2,VERY_HIGH,1,C,15
XAUUSD,A_OB_RETEST_SEQUENCE,V15_QUALITY_PRESERVING_EXPANDED,A_OB_RETEST_SEQUENCE|BUY|2020-02-26T09:18:00+00:00,2020-02-26 09:18:00+00:00,2020-02-26 09:19:00+00:00,BUY,UTC_06_11,0.5065399228129085,5.0,1.229203546026102,0.32418555060027376,0.26373626373625003,0.8627450980392769,0.5470631166379043,0.16884664093763618,1.5263736340760714,1.5263736340760714,3.0,24.77876106192696,0.0,1.7424973344763561,0.5470631166379043,3.390440550027722,1,-1,1,0.11481571583764175,0.4070796460177739,2.0,2.7612946776856098,0.4947598211832735,1.2465753424656403,0.9630973986690111,5.0,0.006753865637345739,1.2359574116634477,0.9891304347828638,0.9089972086551783,0.13695444041773472,-0.09808382776640497,51.59069083259113,0.16455300666848416,0.1942014147934693,-0.02964840812498515,18.355016826102982,24.470792198141368,26.604442908128984,50.29239766082068,0.4726573039826907,3.186403662191973,0.00013978151541405026,-0.0004707154267110658,0.000504612952745731,-0.0006467401865526412,0.000611072264615542,1.121141695825806,-1.438573380788734,0.6888942950252361,0.32418555060027376,0.13725490196072312,0.39215686274492323,0.11839339456119748,0.6394970860282112,2.5035752891191563,0.5211036914670137,1.864078203090945,0.2472904362107693,0.27355245988127413,1.0371528409929545,0.14272948425474358,1.4105110930338494,3.464733072040061,3.957765263578278,-7.192362678946402,-6.439246101819229e-05,-2.6859486300751136,0.02087475149103528,1.481233442754201,1.5071990524386945,0.8754266211603315,0.33796929624562666,2.1139599445392787,4.113104173240608,0.7071067811865476,-0.7071067811865475,0.9749279121818236,-0.22252093395631434,0.000504612952745731,-0.0006467401865526412,-0.02964840812498515,-2.1336507099876165,9,2,0.5752212389379926,1.511023237668427,,,,LONDON,78.0,1.7424973344763561,16.229539126925726,0.8697461506450236,9.921428621495538,15.007089446537275,0.9405940594059339,0.511627906976822,0.7953808226287792,CORE,CORE_GATE,M1_OHLC,1,4,V15_Q2,LOW,1,A,15
XAUUSD,B_FVG_RETEST_SEQUENCE,V15_QUALITY_PRESERVING_EXPANDED,B_FVG_RETEST_SEQUENCE|BUY|2020-02-26T09:20:00+00:00,2020-02-26 09:20:00+00:00,2020-02-26 09:21:00+00:00,BUY,UTC_06_11,0.5291442034063055,7.0,1.2840566002660836,0.6349730440879516,0.4945054945057499,0.6969696969699057,0.014110512091142816,0.17638140113543518,1.5944878662641673,0.17638140113543518,5.0,7.999999999810825,1.5944878662641673,2.405842311487554,0.014110512091142816,4.12732478656944,1,-1,1,0.11993935277214725,0.4070796460177739,2.0,2.7612946776856098,0.4947598211832735,1.2465753424656403,0.9630973986690111,7.0,0.07055256045378906,1.2064487837664022,0.889502762431511,0.8945445318984656,0.13695444041773472,-0.09712844398121948,55.05083516531255,0.17329998845093542,0.1830673270242465,-0.00976733857331108,16.502706974610508,27.48761806756441,23.96321948937815,66.47173489279803,0.629473285270693,3.2858665681438035,0.00026737480478611353,0.0003919959888782909,-0.0002186549078914135,-4.5560992500526254e-05,0.0008086384474141894,-0.5079784352695913,-0.10582884068100444,0.9312937979948924,0.6349730440879516,0.30303030303009426,0.015151515151160207,0.6340968171778665,1.1806182642415985,3.143617282774505,0.5465214470637321,1.9629990185329065,0.1661247094067713,0.33736636874553283,1.6164176670062549,1.3417526474239252,1.324131059637507,3.619346351298886,4.134380042614691,5.324948360465484,0.01460189537424994,-2.9428906648408066,0.06570048309181903,1.5120569652385698,1.440449621925213,0.8754266211603315,0.7008573126222236,1.6227088904458111,4.882237183428897,0.7071067811865476,-0.7071067811865475,0.9749279121818236,-0.22252093395631434,-0.0002186549078914135,-4.5560992500526254e-05,-0.00976733857331108,3.5243985781862577,9,2,,,0.137362637362625,0.07999999999810825,,LONDON,80.0,2.405842311487554,16.953780277138172,0.9042863087807029,10.949757382488123,15.676778932917658,0.977947794779488,0.14369501466267956,0.7983859189822201,CORE,CORE_GATE,M1_OHLC,2,4,V15_Q2,MEDIUM,2,A+B,15
XAUUSD,C_DISPLACEMENT_MID_RETEST,V15_QUALITY_PRESERVING_EXPANDED,C_DISPLACEMENT_MID_RETEST|BUY|2020-02-26T13:21:00+00:00,2020-02-26 13:21:00+00:00,2020-02-26 13:22:00+00:00,BUY,UTC_12_17,0.4205503290477494,8.0,1.4590521620028898,1.4418868424503186,0.988235294117924,1.0,0.3175584117303713,0.04291329888259864,1.2873989664732757,0.49999999999969963,6.0,100.0,1.4493666357448898,2.4031447374169375,0.3175584117303713,,1,1,2,0.2660624530714871,0.5740740740740117,2.0,2.4131492028959873,0.20033691495762773,1.7346938775499976,1.0700389105058805,8.0,0.34330639105922794,1.0127538536258933,0.4936708860763865,0.3570290883773173,0.6088980303285143,0.18614903727149176,53.25738936410195,0.06986777291808721,0.031865464238704636,0.038002308679382577,16.379279835408976,18.02593950465056,24.18785601155053,76.71232876712637,0.6953288313500998,3.4448602483591078,0.0005219111658647524,-0.00019709213299157202,-3.032775201528004e-06,0.0006312173390548015,0.00020930592335766107,-0.008582659776285553,1.7851932335095466,1.544878759768087,1.4418868424503186,0.0,0.0666666666665993,0.48782931546087266,0.4958563394840113,0.34123885057388986,0.008027024023138664,-0.15461748891012145,0.2658194725675025,0.017681868213587585,1.092209334936864,-0.2260352407698202,1.0091602527256485,3.1326708184183825,3.630465085454653,-5.7814406797306646,-0.045142168309981676,-0.5057523624116094,0.06571428571429518,0.9165499204084147,0.837030193691594,0.862884160756519,0.5910098770408393,1.2273203480377157,3.287158694395035,-0.2588190451025208,-0.9659258262890683,0.9749279121818236,-0.22252093395631434,-3.032775201528004e-06,0.0006312173390548015,0.038002308679382577,-6.161916506899971,13,2,,,,,0.035294117646763046,LONDON_NY_OVERLAP,21.0,2.4031447374169375,34.004498034447366,0.6786976274608885,17.748940417778478,19.07067002335768,1.210171017101711,4.5464285714281205,0.8956278711169648,EXPANDED,RELAXED_SWEEP_WITH_STRONG_COMPENSATION,M1_OHLC,4,4,V15_Q2,VERY_HIGH,1,C,15
XAUUSD,A_OB_RETEST_SEQUENCE,V15_QUALITY_PRESERVING_EXPANDED,A_OB_RETEST_SEQUENCE|BUY|2020-02-27T03:34:00+00:00,2020-02-27 03:34:00+00:00,2020-02-27 03:35:00+00:00,BUY,UTC_00_05,0.9264603116590313,9.0,1.1267760547201973,1.3646509996053318,1.2111111111108979,0.8866666666667697,1.6463450132855235,,1.1518155226025584,1.1518155226025584,1.0,1.630434782619844,1.2895325959576793,4.087693131845761,1.6463450132855235,,1,1,2,0.5133090915945224,0.2500000000001421,8.0,2.846417517341373,0.22825046129632715,1.5254237288136312,1.0334075723829592,9.0,0.1251973394135134,1.1768549904852041,0.8076923076920388,0.7350715354267633,0.2360097479061458,0.14509543687209464,69.17166261192125,0.42876731886485686,0.27162120005869184,0.15714611880616502,34.25252691101733,32.62043480649375,7.859116578472103,95.19094766619936,1.3015878186832106,3.2986626627554543,0.0006948384728118207,0.0011930457273481299,0.0011687314255184322,0.0012295193945299765,0.0013085547907982775,2.410048783706788,2.5352461231200167,1.877960091200139,1.3646509996053318,0.11333333333323026,0.16000000000015766,2.4521004208214556,3.296220573899113,5.613780506663987,0.8441201530776574,2.317559932764875,0.5163781426282695,0.5920693701407924,3.7096200069113756,0.6618280932398629,0.9099159004796782,4.30052860884825,4.425725948261479,14.255124717349617,0.15437380644971083,3.6325275929656833,0.18873239436618203,0.7811773335864629,0.8097505076475707,0.9717114568599962,0.7934113060429504,0.21283547700248884,7.16754768141375,0.7071067811865475,0.7071067811865476,0.43388373911755823,-0.900968867902419,0.0011687314255184322,0.0012295193945299765,0.15714611880616502,24.761318228021644,3,3,0.2717391304348283,0.6176188952718938,,,,ASIA,334.0,4.087693131845761,10.867129061077932,0.9804147465437962,9.74035300635802,10.867129061077932,0.9804147465437962,0.05206738131694952,1.0084398529154264,CORE,CORE_GATE,M1_OHLC,4,4,V15_Q2,VERY_HIGH,1,A,15
XAUUSD,C_DISPLACEMENT_MID_RETEST,V15_QUALITY_PRESERVING_EXPANDED,C_DISPLACEMENT_MID_RETEST|BUY|2020-03-02T04:20:00+00:00,2020-03-02 04:20:00+00:00,2020-03-02 04:21:00+00:00,BUY,UTC_00_05,0.463999709934067,14.0,1.3057690952126775,0.665203123976164,0.50943396226407,0.9010989010989999,0.24637152739874524,,0.8540879616484357,0.500000000000151,9.0,100.0,2.2794143479587823,2.603325806178556,0.24637152739874524,7.793552650042069,1,-1,1,0.4804244784272918,0.1329787234042476,5.0,2.1240847926097364,0.3798434893794354,1.0324675324675752,0.8481515429269728,14.0,0.2627962958915966,0.26279629589197,7.104809317526362e-13,1.2006941050294295,0.6194494440577946,-0.45924729310327495,49.239957540420825,-0.3543778975135865,-0.5438432630587436,0.18946536554515714,19.192205117761958,18.68945205175874,22.73164589867628,73.25408618128199,0.6777858722600087,3.2311694441674605,0.0004886146521754231,-3.44355851074063e-05,-6.886879867762374e-05,0.0018441967394100534,-0.0024016614875309594,-0.09033622671273632,2.414440968506284,0.7473269664424746,0.665203123976164,0.09890109890100006,0.010989010989249866,0.09415267355088769,-0.5916036228934614,2.978189094613672,-0.685756296444349,3.5697927175071333,-0.07142990073665528,-0.3003444133214885,-1.9263579097484678,-2.1624077566235838,0.695205810708572,1.4659105880217125,6.344066830513955,0.4833467652255621,-0.13327629675861707,-1.0511216204183569,0.12183269698021724,0.8636418708560393,0.6903643980562783,0.23106796116505504,0.387639027638991,7.793552650042069,3.0714317082360223,0.8660254037844386,0.5000000000000001,0.0,1.0,-6.886879867762374e-05,0.0018441967394100534,0.18946536554515714,-4.042193846917542,4,0,,,,,0.886792452830016,ASIA,380.0,2.603325806178556,25.651382194317055,0.6961741635985333,12.560841705205139,25.651382194317055,0.6961741635985333,2.993690851734878,1.167518635790644,CORE,CORE_GATE,M1_OHLC,3,4,V15_Q2,HIGH,1,C,15
XAUUSD,A_OB_RETEST_SEQUENCE,V15_QUALITY_PRESERVING_EXPANDED,A_OB_RETEST_SEQUENCE|BUY|2020-03-02T05:15:00+00:00,2020-03-02 05:15:00+00:00,2020-03-02 05:16:00+00:00,BUY,UTC_00_05,0.5737954285950618,8.0,1.3406435247546122,0.8365615594466049,0.6239999999997963,0.7812499999998779,0.9545381896251474,,0.933087893229093,0.933087893229093,1.0,2.8735632184016193,0.3700176128323022,2.3488074553698954,0.9545381896251474,12.559148539901246,1,-1,1,0.26276613085178696,0.5876288659792993,7.0,1.5624160342992357,0.12698080844129395,1.5432098765433138,0.790892750149733,8.0,0.25740355675313914,0.4129182056241669,0.23199999999924328,0.6872590100226936,0.4955063839506697,-0.2734112825527932,56.17593234952084,-0.11798569838629192,-0.1697059531295014,0.05172025474320949,15.933362063118476,28.78911536961602,23.851036445823105,67.28110599078055,0.703794334502352,3.2273699602620374,0.000486157069507831,0.0010513201128519167,0.0007843580186488452,3.134982961228161e-06,0.0008283184507933417,1.3406435247546122,0.005362574098891641,1.3728189693489374,0.8365615594466049,0.21875000000012212,0.17187500000017208,0.9069809778538218,0.29572612000610315,1.0580972493941905,-0.6112548578477187,0.7623711293880874,-0.07558702708224098,-0.4695519869265087,0.3018201951625655,1.3397679468701724,0.8839074113425502,2.649111604915143,5.426924988206611,14.00838003510107,0.13422990114198638,-0.8869293378664089,0.16886090440753415,0.7190206538796883,0.765803089224159,0.48814229249012925,0.888861111111119,3.3516088118867744,4.284696705115624,0.9659258262890683,0.25881904510252074,0.0,1.0,0.0007843580186488452,3.134982961228161e-06,0.05172025474320949,4.938078923792915,5,0,0.7816091954022087,0.5741740903431767,,,,ASIA,435.0,2.3488074553698954,33.50000039656814,0.6251000480230487,14.023131268933048,33.50000039656814,0.6251000480230487,5.347031963470759,0.86615966934092,CORE,CORE_GATE,M1_OHLC,2,4,V15_Q2,MEDIUM,1,A,15
XAUUSD,B_FVG_RETEST_SEQUENCE,V15_QUALITY_PRESERVING_EXPANDED,B_FVG_RETEST_SEQUENCE|BUY|2020-03-04T17:05:00+00:00,2020-03-04 17:05:00+00:00,2020-03-04 17:06:00+00:00,BUY,UTC_12_17,0.5804449843634655,15.0,1.3519224952263016,0.8008671303242519,0.592391304347808,0.9921259842519755,0.036737024326769896,0.3453280286719711,0.389412457864095,0.3453280286719711,11.0,100.0,1.4731546755047256,2.2078951620407916,0.036737024326769896,,1,1,2,0.2204221459607864,0.03954802259883449,4.0,3.9979685100734796,1.0773264959159288,1.9891891891891984,0.9217557251908143,15.0,0.28654878974897224,0.20572733623007847,-0.16417910447750053,0.036152519819901856,0.5048506664369045,0.016836969936308985,53.57152726725566,0.31993531594048363,0.4134810303142361,-0.09354571437375248,17.164005348393776,21.516461393257934,17.281361047536123,41.83864915572324,0.6460580378580785,3.6357717413667188,0.0005661721285026289,0.0009195934300834097,0.0008647358292939167,0.0011665270692149399,0.0007367581423953773,1.0433314908812674,1.4070280317165398,0.9331204179007906,0.8008671303242519,0.007874015748024448,0.13385826771659465,0.46647982787194747,0.8938555986366404,0.8572621053699264,0.42737577076469296,-0.03659349326671407,-0.011574437773676905,0.3463439676033264,1.2411397518987717,0.66413626735923,1.4742848753603413,3.916166793237179,4.573759528686945,6.216715601013128,0.013692211106143048,-2.3002598832480494,0.04807421984818932,1.3939323827375587,1.467358024969204,0.8562248995983944,0.7399873855928126,2.277695508261738,3.4018484526620663,-0.9659258262890683,-0.25881904510252063,0.9749279121818236,-0.22252093395631434,0.0008647358292939167,0.0011665270692149399,-0.09354571437375248,4.235100345721811,17,2,,,0.2554347826087218,1.0,,NEW_YORK,245.0,2.2078951620407916,15.686709387544944,0.5473067915690865,0.9625100373622065,9.948386187698308,0.28618906942392985,3.2163061564061044,1.388150980665257,CORE,CORE_GATE,M1_OHLC,4,4,V15_Q2,VERY_HIGH,1,B,15
XAUUSD,A_OB_RETEST_SEQUENCE,V15_QUALITY_PRESERVING_EXPANDED,A_OB_RETEST_SEQUENCE|BUY|2020-03-05T12:54:00+00:00,2020-03-05 12:54:00+00:00,2020-03-05 12:55:00+00:00,BUY,UTC_12_17,0.36298796067018885,4.0,1.0399114548932267,1.177258250822849,1.132075471698429,0.857142857143279,1.373467959293547,,0.7848388338818993,0.7848388338818993,1.0,41.25000000003837,1.5206252406455667,3.276702131456328,1.373467959293547,,1,1,2,0.2452621355880378,0.707317073170894,3.0,2.215947544803005,0.234870016269918,1.3086419753086627,0.9169590643274985,4.0,2.158306793174554,0.17658873762367272,-0.8487394957980817,1.5336905130366028,0.7316138747970574,0.5685448196301259,60.26817702469896,-0.1319380541542614,-0.25582377287067715,0.12388571871641574,21.89031711134864,27.35393344490799,19.17272301022774,93.82022471911863,1.2483032516730326,2.564376066188537,0.0003554642758403226,0.0005104893404965782,0.0008480629815950103,0.0006594802566199931,-0.000758693105604058,2.737125433162912,2.1288753369042395,1.510814755222277,1.177258250822849,0.14285714285672102,0.07792207792230418,1.4464878415637865,1.4873682404435333,6.057364464350517,0.040880398879746906,4.569996223906984,0.0777700243178418,-0.18970892459144506,0.6822402124118596,0.7179200971664166,0.8416862120303352,3.4925328107731586,8.074029503557776,12.290929994698793,0.1320128094382903,-3.45954970900965,0.12250000000005912,0.9861927252730807,0.8789337789817198,0.43256379100846654,0.5750224618151105,4.797327372101448,4.934674168031517,1.2246467991473532e-16,-1.0,0.43388373911755823,-0.900968867902419,0.0008480629815950103,0.0006594802566199931,0.12388571871641574,8.18121043468025,12,3,0.10000000000045475,0.010211739838024423,,,,LONDON,294.0,3.276702131456328,26.90035103129561,0.8216630196936731,18.639922304691318,11.3899735767086,1.9405684754521924,1.464071856287187,1.2485500145660637,EXPANDED,RELAXED_SWEEP_WITH_STRONG_COMPENSATION,M1_OHLC,4,4,V15_Q2,VERY_HIGH,1,A,15
XAUUSD,A_OB_RETEST_SEQUENCE,V15_QUALITY_PRESERVING_EXPANDED,A_OB_RETEST_SEQUENCE|BUY|2020-03-06T03:58:00+00:00,2020-03-06 03:58:00+00:00,2020-03-06 03:59:00+00:00,BUY,UTC_00_05,0.7065728321988688,7.0,1.1418216968336188,0.4522066126073789,0.3960396039604005,0.8717948717950212,0.1865352277007173,0.1130516531517162,2.272338228351552,2.272338228351552,2.0,23.631840796026797,0.5935211790471526,3.0976152963601082,0.1865352277007173,,1,1,2,0.7178779975142975,0.547619047618996,5.0,3.018803426560798,0.17139726414536197,1.4125874125881042,1.4329054842473363,7.0,0.06783099189102972,0.11870423580943053,0.2727272727277738,0.23158602361910524,2.239508185886836,0.22242819472974032,49.57569348598523,-0.5621207836029498,-0.7674932728173283,0.20537248921437845,29.654579311833455,19.419073021143436,24.343052051263612,86.84627575277537,0.6138626089701996,4.304125128043629,0.00023353712940954452,0.00047317572788196927,0.0011657770998223516,-0.0006312017063385689,-0.0017749039340714257,2.198854653803065,-1.1926949407515055,0.8818028945844145,0.4522066126073789,0.1282051282049787,0.3589743589745234,0.2850860665057665,-1.010110690500098,-1.8485938112536517,-1.2951967570058645,-0.8384831207535537,-0.125689105771659,-0.9984781289768857,-1.270096066406424,0.7099633624434976,1.0955819042497248,3.3350237679789694,7.252263549689405,5.788265372479991,0.1888524362891657,-4.664096786833266,0.05347846663510277,1.1122657318216076,1.224333906598415,0.45985970381920266,0.683694356961705,5.189070879668143,3.0976152963601082,0.7071067811865475,0.7071067811865476,-0.433883739117558,-0.9009688679024191,0.0011657770998223516,-0.0006312017063385689,0.20537248921437845,-4.923979030120176,3,4,0.8358208955224236,1.1555492969800536,,,,ASIA,358.0,3.0976152963601082,10.123775539745568,0.3059743160245884,-1.5375024828643684,10.123775539745568,0.3059743160245884,2.268248175182256,1.1021853292251151,CORE,CORE_GATE,M1_OHLC,2,4,V15_Q2,MEDIUM,1,A,15
XAUUSD,C_DISPLACEMENT_MID_RETEST,V15_QUALITY_PRESERVING_EXPANDED,C_DISPLACEMENT_MID_RETEST|BUY|2020-03-06T03:58:00+00:00,2020-03-06 03:58:00+00:00,2020-03-06 03:59:00+00:00,BUY,UTC_00_05,0.7065728321988688,7.0,1.1418216968336188,0.4522066126073789,0.3960396039604005,0.8717948717950212,0.1865352277007173,0.1130516531517162,2.272338228351552,0.49999999999997213,2.0,89.56807860317998,2.2767044479433127,3.0976152963601082,0.1865352277007173,,1,1,2,0.7178779975142975,0.547619047618996,5.0,3.018803426560798,0.17139726414536197,1.4125874125881042,1.4329054842473363,7.0,0.06783099189102972,0.11870423580943053,0.2727272727277738,0.23158602361910524,2.239508185886836,0.22242819472974032,49.57569348598523,-0.5621207836029498,-0.7674932728173283,0.20537248921437845,29.654579311833455,19.419073021143436,24.343052051263612,86.84627575277537,0.6138626089701996,4.304125128043629,0.00023353712940954452,0.00047317572788196927,0.0011657770998223516,-0.0006312017063385689,-0.0017749039340714257,2.198854653803065,-1.1926949407515055,0.8818028945844145,0.4522066126073789,0.1282051282049787,0.3589743589745234,0.2850860665057665,-1.010110690500098,-1.8485938112536517,-1.2951967570058645,-0.8384831207535537,-0.125689105771659,-0.9984781289768857,-1.270096066406424,0.7099633624434976,1.0955819042497248,3.3350237679789694,7.252263549689405,5.788265372479991,0.1888524362891657,-4.664096786833266,0.05347846663510277,1.1122657318216076,1.224333906598415,0.45985970381920266,0.683694356961705,5.189070879668143,3.0976152963601082,0.7071067811865475,0.7071067811865476,-0.433883739117558,-0.9009688679024191,0.0011657770998223516,-0.0006312017063385689,0.20537248921437845,-4.923979030120176,3,4,,,,,0.0,ASIA,358.0,3.0976152963601082,10.123775539745568,0.3059743160245884,-1.5375024828643684,10.123775539745568,0.3059743160245884,2.268248175182256,1.1021853292251151,CORE,CORE_GATE,M1_OHLC,2,4,V15_Q2,MEDIUM,2,A+C,15
XAUUSD,A_OB_RETEST_SEQUENCE,V15_QUALITY_PRESERVING_EXPANDED,A_OB_RETEST_SEQUENCE|BUY|2020-03-11T08:11:00+00:00,2020-03-11 08:11:00+00:00,2020-03-11 08:12:00+00:00,BUY,UTC_06_11,1.006161877794071,9.0,1.6298159342779805,0.5488155697057194,0.3367346938774705,0.8461538461539359,0.2411462351737481,,0.931323391016259,0.931323391016259,3.0,4.464285714259975,0.5571309571256864,1.9956929807489643,0.2411462351737481,,1,1,2,0.22451546033457045,0.0,6.0,2.469295990258791,0.34712148105841595,2.0,0.8301225919441534,9.0,0.2411462351737481,0.9895311029548933,0.6081081081082824,1.2234498693896059,0.6772872145883301,0.49578696781785286,48.32350654859496,-0.2473468457810668,-0.31769985822165536,0.07035301244058856,24.486262849245847,18.636581223413174,28.919710807805675,76.66666666666983,0.49506724671366825,3.708649360953471,0.00019560225935655318,-0.00021958519454334802,0.0002558029655088667,-0.00032483156881613073,-0.0011359879789630822,0.7068079306820667,-0.8980618413367693,0.6486002187430542,0.5488155697057194,0.15384615384606415,0.0,-0.04510352281022619,-0.796918288402475,1.39326778713019,-0.7518147655922488,2.1901860755326648,-0.1334308923544947,-0.5155333276617403,-1.4896607620604145,-1.623120302819432,1.0137995203498524,2.927016371764845,6.328009826456841,-3.0416866759578554,0.019754868992119257,-1.338211180674513,0.12746386333769272,1.112213237459475,1.0027710210504406,0.4625492772668039,0.28205128205133,6.045286654183637,3.060062570481292,0.8660254037844387,-0.4999999999999998,0.9749279121818236,-0.22252093395631434,0.0002558029655088667,-0.00032483156881613073,0.07035301244058856,-10.283129584392501,8,2,0.3571428571424221,1.1518121871494564,,,,LONDON,11.0,1.9956929807489643,24.638492924824412,0.7546405669929295,16.298159342779805,22.767530755372682,0.816654492330186,2.091666666665994,0.6439068259083385,CORE,CORE_GATE,M1_OHLC,2,4,V15_Q2,MEDIUM,1,A,15
XAUUSD,C_DISPLACEMENT_MID_RETEST,V15_QUALITY_PRESERVING_EXPANDED,C_DISPLACEMENT_MID_RETEST|BUY|2020-03-11T08:11:00+00:00,2020-03-11 08:11:00+00:00,2020-03-11 08:12:00+00:00,BUY,UTC_06_11,1.006161877794071,9.0,1.6298159342779805,0.5488155697057194,0.3367346938774705,0.8461538461539359,0.2411462351737481,,0.931323391016259,0.49999999999974565,3.0,100.0,1.5378082952540768,1.9956929807489643,0.2411462351737481,,1,1,2,0.22451546033457045,0.0,6.0,2.469295990258791,0.34712148105841595,2.0,0.8301225919441534,9.0,0.2411462351737481,0.9895311029548933,0.6081081081082824,1.2234498693896059,0.6772872145883301,0.49578696781785286,48.32350654859496,-0.2473468457810668,-0.31769985822165536,0.07035301244058856,24.486262849245847,18.636581223413174,28.919710807805675,76.66666666666983,0.49506724671366825,3.708649360953471,0.00019560225935655318,-0.00021958519454334802,0.0002558029655088667,-0.00032483156881613073,-0.0011359879789630822,0.7068079306820667,-0.8980618413367693,0.6486002187430542,0.5488155697057194,0.15384615384606415,0.0,-0.04510352281022619,-0.796918288402475,1.39326778713019,-0.7518147655922488,2.1901860755326648,-0.1334308923544947,-0.5155333276617403,-1.4896607620604145,-1.623120302819432,1.0137995203498524,2.927016371764845,6.328009826456841,-3.0416866759578554,0.019754868992119257,-1.338211180674513,0.12746386333769272,1.112213237459475,1.0027710210504406,0.4625492772668039,0.28205128205133,6.045286654183637,3.060062570481292,0.8660254037844387,-0.4999999999999998,0.9749279121818236,-0.22252093395631434,0.0002558029655088667,-0.00032483156881613073,0.07035301244058856,-10.283129584392501,8,2,,,,,0.7448979591832141,LONDON,11.0,1.9956929807489643,24.638492924824412,0.7546405669929295,16.298159342779805,22.767530755372682,0.816654492330186,2.091666666665994,0.6439068259083385,CORE,CORE_GATE,M1_OHLC,2,4,V15_Q2,MEDIUM,2,A+C,15
XAUUSD,B_FVG_RETEST_SEQUENCE,V15_QUALITY_PRESERVING_EXPANDED,B_FVG_RETEST_SEQUENCE|BUY|2020-03-11T15:12:00+00:00,2020-03-11 15:12:00+00:00,2020-03-11 15:13:00+00:00,BUY,UTC_12_17,0.7675506690306743,20.0,1.1731668762416232,0.62402493417104,0.5319148936169904,0.9506172839506589,0.1809672309095789,0.06864274275889384,0.5741029394374021,0.06864274275889384,12.0,100.0,2.3900154978750376,2.708268214302404,0.1809672309095789,,1,1,2,0.08112324144201952,0.0,8.0,3.186290900030353,0.8569627149899931,1.2129032258067356,1.0491803278688643,20.0,0.09360374012542898,0.3619344618191578,0.5890410958911618,0.5816855826705244,0.8331089135915817,0.35736691188111064,55.237651324468054,-0.1456660406267929,-0.19726216139476402,0.051596120767971126,22.667270090290195,26.241130346278826,25.498672123390982,64.30594900849856,0.7100014484821725,4.703926939232286,0.0003092461599432106,0.0010816950160901229,0.0006397203250860795,0.0005645933876503584,0.000540555150139177,1.329173109784383,1.1731668762416232,1.0109203933570166,0.62402493417104,0.04938271604934113,0.3333333333333333,0.8706278030923986,0.27391716116045767,0.9686203002390551,-0.596710641931941,0.6947031390785974,-0.23707427710187373,-0.3743876815683012,-0.5444582683346519,-0.6976329597911511,0.8939207285227556,3.800311849101724,4.942277478634682,17.112414834901713,0.12080959742229919,-2.3491510713107218,0.17265353418307658,0.9755490425637353,0.9953935784900952,0.7689393939394051,0.9445281056393312,6.8143522811478014,3.3697346445236724,-0.7071067811865471,-0.7071067811865479,0.9749279121818236,-0.22252093395631434,0.0006397203250860795,0.0005645933876503584,0.051596120767971126,0.7424582228878442,15,2,,,0.05851063829793667,1.0,,LONDON_NY_OVERLAP,192.0,2.708268214302404,25.75350903323909,0.7354010176883945,17.216847933779082,17.085802697603143,1.1084733382030767,2.516129032257997,1.4314646861386844,CORE,CORE_GATE,M1_OHLC,4,4,V15_Q2,VERY_HIGH,1,B,15
XAUUSD,A_OB_RETEST_SEQUENCE,V15_QUALITY_PRESERVING_EXPANDED,A_OB_RETEST_SEQUENCE|BUY|2020-03-20T04:08:00+00:00,2020-03-20 04:08:00+00:00,2020-03-20 04:09:00+00:00,BUY,UTC_00_05,1.1367120361773673,9.0,0.7336226616465926,0.7739315990994684,1.0549450549447363,1.0,0.33859507460606325,0.1531739623216247,0.4998308244182998,0.4998308244182998,2.0,100.0,1.713129841756571,2.0154468726547896,0.33859507460606325,4.401735969878089,1,-1,1,0.23379183722792624,0.18994413407829744,7.0,3.4068313364173983,0.8593415790963891,1.0833333333336603,0.9499105545617216,9.0,0.33859507460606325,0.8787348364774222,0.4437086092714236,1.0773540781444029,0.1027514613294456,-0.08111606468456757,53.21812772295621,0.4537844830715585,0.5057748240889546,-0.05199034101739608,17.01311425725495,19.591209981355846,27.46024751312987,70.82961641391235,0.578539436832649,2.532798990587498,0.0007525165435531278,-0.0004550096563161743,5.7326881249153416e-05,0.0004959263195181141,0.0010430274123807148,0.06852519367029217,0.5925413805604274,0.8948584114586459,0.7739315990994684,0.0,0.1351351351350244,0.3025643553005118,1.4088486274629692,5.121811883615564,1.1062842721624575,3.7129632561525945,0.3180039315486402,0.6435511275307458,1.9724728925480115,0.0662970777669241,1.0562718444575574,3.3335491273711977,4.518631888492052,-6.487548971923282,-0.05766209282480417,-0.9278994493709369,0.01727306137450285,1.027156689353786,1.0442796714065665,0.7377341659233193,0.5849816849817239,1.3181022547164083,6.368812117589208,0.8660254037844386,0.5000000000000001,-0.433883739117558,-0.9009688679024191,5.7326881249153416e-05,0.0004959263195181141,-0.05199034101739608,-7.869037531774023,4,4,0.20967741935505166,0.4231275795551312,,,,ASIA,428.0,2.0154468726547896,14.906245070155013,0.9115738236884696,12.225700729523924,14.906245070155013,0.9115738236884696,0.6540000000000873,0.8382755141097464,CORE,CORE_GATE,M1_OHLC,3,4,V15_Q2,HIGH,1,A,15
XAUUSD,B_FVG_RETEST_SEQUENCE,V15_QUALITY_PRESERVING_EXPANDED,B_FVG_RETEST_SEQUENCE|BUY|2020-03-23T16:25:00+00:00,2020-03-23 16:25:00+00:00,2020-03-23 16:26:00+00:00,BUY,UTC_12_17,1.1470026247427774,20.0,1.3147895794413933,1.0672350561155932,0.811715481171537,0.902325581395336,0.2035448302900216,0.03300726977673998,0.8691914374549032,0.03300726977673998,13.0,100.0,1.7246298458362275,2.423283722777849,0.2035448302900216,,1,1,2,0.21179664773426915,0.0,7.0,2.497761454788296,0.5235268867038801,1.2849462365590272,0.7971014492753651,20.0,0.6491429722765116,1.0177241514503583,0.22112211221117214,1.8084089212094834,1.3384345159437605,0.8257007564939236,58.674196463169686,0.00572786858992913,0.03394150083496207,-0.02821363224503294,16.73334795622285,27.55418566586455,24.187300836725367,83.21479374110856,0.7828132681690463,3.830048628388872,0.0012921506765752877,0.002423056465752138,0.0029631089648827214,0.0016403553665866877,0.0008982487427795505,2.4810464448870815,1.3753029073654166,1.1827605003343082,1.0672350561155932,0.09767441860466396,0.0,1.286475310218163,1.8522133906043559,6.982751665748213,0.5657380803861928,5.1305382751438575,-0.11054900360127987,0.09822501492011287,2.3315778671191194,-0.5084178873955275,0.8430014576333686,3.33373424745374,4.6210177687478495,12.580873453609328,0.5581887350722466,-1.2522506886574654,0.10450985687280104,0.951347497214137,0.8910489756803368,0.7214285714285572,0.8471665439682662,1.402808965512825,8.133541394158993,-0.8660254037844384,-0.5000000000000004,0.0,1.0,0.0029631089648827214,0.0016403553665866877,-0.02821363224503294,3.3668848291391846,16,0,,,0.025104602510436367,1.0,,LONDON_NY_OVERLAP,265.0,2.423283722777849,24.216333592890244,0.9420717855520176,19.93914155098375,8.540631054739162,2.0,0.5788876276958451,2.0206405349096372,CORE,CORE_GATE,M1_OHLC,4,4,V15_Q2,VERY_HIGH,1,B,15
XAUUSD,C_DISPLACEMENT_MID_RETEST,V15_QUALITY_PRESERVING_EXPANDED,C_DISPLACEMENT_MID_RETEST|BUY|2020-03-23T16:25:00+00:00,2020-03-23 16:25:00+00:00,2020-03-23 16:26:00+00:00,BUY,UTC_12_17,1.1470026247427774,20.0,1.3147895794413933,1.0672350561155932,0.811715481171537,0.902325581395336,0.2035448302900216,0.03300726977673998,0.8691914374549032,0.5000000000000774,13.0,100.0,2.165031905333688,2.423283722777849,0.2035448302900216,,1,1,2,0.21179664773426915,0.0,7.0,2.497761454788296,0.5235268867038801,1.2849462365590272,0.7971014492753651,20.0,0.6491429722765116,1.0177241514503583,0.22112211221117214,1.8084089212094834,1.3384345159437605,0.8257007564939236,58.674196463169686,0.00572786858992913,0.03394150083496207,-0.02821363224503294,16.73334795622285,27.55418566586455,24.187300836725367,83.21479374110856,0.7828132681690463,3.830048628388872,0.0012921506765752877,0.002423056465752138,0.0029631089648827214,0.0016403553665866877,0.0008982487427795505,2.4810464448870815,1.3753029073654166,1.1827605003343082,1.0672350561155932,0.09767441860466396,0.0,1.286475310218163,1.8522133906043559,6.982751665748213,0.5657380803861928,5.1305382751438575,-0.11054900360127987,0.09822501492011287,2.3315778671191194,-0.5084178873955275,0.8430014576333686,3.33373424745374,4.6210177687478495,12.580873453609328,0.5581887350722466,-1.2522506886574654,0.10450985687280104,0.951347497214137,0.8910489756803368,0.7214285714285572,0.8471665439682662,1.402808965512825,8.133541394158993,-0.8660254037844384,-0.5000000000000004,0.0,1.0,0.0029631089648827214,0.0016403553665866877,-0.02821363224503294,3.3668848291391846,16,0,,,,,0.9874476987448769,LONDON_NY_OVERLAP,265.0,2.423283722777849,24.216333592890244,0.9420717855520176,19.93914155098375,8.540631054739162,2.0,0.5788876276958451,2.0206405349096372,CORE,CORE_GATE,M1_OHLC,4,4,V15_Q2,VERY_HIGH,2,B+C,15
XAUUSD,A_OB_RETEST_SEQUENCE,V15_QUALITY_PRESERVING_EXPANDED,A_OB_RETEST_SEQUENCE|BUY|2020-03-24T12:42:00+00:00,2020-03-24 12:42:00+00:00,2020-03-24 12:43:00+00:00,BUY,UTC_12_17,1.1962955435590308,6.0,0.7797387054041739,1.0535755126591628,1.351190476190414,1.0,1.0999885308379915,0.029008136361761323,2.23014552349224,2.23014552349224,5.0,23.673257023934035,0.0,3.231506390700201,1.0999885308379915,,1,1,2,0.7669751254049841,0.8803329864724166,1.0,3.132034525204072,0.8443417129575792,1.8929577464789693,2.0963712076145535,6.0,0.5557958926913955,2.0352108471411703,0.5709807433945063,0.7270517769086305,1.067362363425106,0.48984071905340787,58.33829230857158,1.955051739844066,1.560394304350976,0.39465743549309007,15.716488600260602,14.98898548117408,23.305439142210925,85.32475490195965,0.9175449707956211,2.7468267508668576,0.002155125157013993,0.002089206289544343,0.000844655364969471,0.005465322388022109,0.004742209115719209,0.31328787270705394,2.017805965324103,1.529308948992038,1.0535755126591628,0.0,0.3110773899848225,0.9818935122198446,1.6631119654879065,3.5237929243581214,0.681218453268062,1.8606809588702151,0.48548139332797696,0.5030401569580807,2.1392579114042154,0.8189457015935321,0.8432011196674549,3.7873022833915964,3.7873022833915964,3.0697140563651857,-0.05846714297876332,-0.16804993076444852,0.15783994795056117,0.9032394589873795,0.9220621537553547,1.0,0.7433398310591665,0.5557958926913955,5.206380314208962,1.2246467991473532e-16,-1.0,0.7818314824680298,0.6234898018587336,0.000844655364969471,0.005465322388022109,0.39465743549309007,-8.316453661036846,12,1,0.09989594172736979,1.0909193813434326,,,,LONDON_NY_OVERLAP,42.0,3.231506390700201,10.285124828426133,0.9459611913357355,8.321854159462065,5.581165436002816,1.6251559251559355,0.17199281867146982,0.5208381185718296,EXPANDED,RELAXED_SECOND_WITH_STRONG_COMPENSATION,M1_OHLC,4,4,V15_Q2,VERY_HIGH,1,A,15
XAUUSD,A_OB_RETEST_SEQUENCE,V15_QUALITY_PRESERVING_EXPANDED,A_OB_RETEST_SEQUENCE|BUY|2020-03-24T19:37:00+00:00,2020-03-24 19:37:00+00:00,2020-03-24 19:38:00+00:00,BUY,UTC_18_23,0.655985557457427,6.0,1.1878657391796912,1.0389392882975121,0.8746268656716846,0.9832775919732594,1.0070264773941247,,0.6701690289700079,0.6701690289700079,2.0,29.100529100528654,1.8261219572464729,3.3437534090939907,1.0070264773941247,,1,1,2,0.170201658151131,0.48927038626615266,4.0,2.9754628625543122,0.6631633030928372,1.2226277372262402,1.001226134174098,6.0,0.21629794056701865,2.544160202571481,0.8432883750803055,1.155337301949225,1.079571260511679,0.6499078289192113,61.323187226366855,1.1998533224509629,0.7716918208233122,0.42816150162765065,16.2496925614683,24.186979558396484,14.139848708979995,99.47257383966293,1.027189488671012,3.137503220386585,0.001728374559064605,0.0026349244460039944,0.0027738268959613954,0.003973073105778102,0.008558361897330613,1.597413479105825,2.2853118474666396,1.0602144955663833,1.0389392882975121,0.016722408026740593,0.0033444816053481187,1.5944183142882666,2.2306345376724237,5.1624131821631885,0.636216223384157,2.931778644490765,0.5380716914377821,0.37309439259198207,2.1615447209027203,-0.41297693016422626,1.1416828903092133,3.3614827484847165,5.217744582695383,6.976265556140554,0.45996567521101317,1.8204509045859716,0.07288285629979502,1.0268223816762212,1.0773126753684719,0.6442405708460802,0.6655369751021799,0.21629794056701865,5.290434874197481,-0.9659258262890684,0.2588190451025203,0.7818314824680298,0.6234898018587336,0.0027738268959613954,0.003973073105778102,0.42816150162765065,10.047130849416488,19,1,0.12698412698414036,0.17368562700055817,,,,NEW_YORK,457.0,3.3437534090939907,25.35827413057844,0.9914703209116982,22.99140732191438,8.527812246946874,2.0,0.06468716861080549,0.7497760907578794,CORE,CORE_GATE,M1_OHLC,4,4,V15_Q2,VERY_HIGH,1,A,15
XAUUSD,C_DISPLACEMENT_MID_RETEST,V15_QUALITY_PRESERVING_EXPANDED,C_DISPLACEMENT_MID_RETEST|BUY|2020-03-24T19:49:00+00:00,2020-03-24 19:49:00+00:00,2020-03-24 19:50:00+00:00,BUY,UTC_18_23,0.8512016933755447,18.0,1.5413652285449393,0.2254534214887777,0.14626865671649247,0.6973684210526946,0.3174752261779466,,0.8696060543133786,0.5000000000001044,14.0,55.06119925791369,2.881041904551797,3.349593690688887,0.3174752261779466,,1,1,2,0.22085233125421463,0.48927038626615266,4.0,2.9754628625543122,0.6631633030928372,1.2226277372262402,1.001226134174098,18.0,1.2699009047115772,1.0513491185747488,-0.09415262636267517,1.2913905152101313,1.1347786448084787,0.6984634161215372,51.34165713096826,1.016088006827431,1.3135095909541663,-0.29742158412673536,14.181435342648767,19.83489213981527,23.975450012385362,41.171171171172986,0.5006913325686546,4.991545071625464,0.0001568063165273692,-0.0013783914877417702,-0.0016787380309352118,0.0013113058574740766,0.0013760366450565886,-1.2583981791253787,0.9800322199405904,0.34968285781926034,0.2254534214887777,0.3026315789473054,0.052631578947305434,-0.02071191622800558,0.968628223942771,4.998475135530293,0.9893401401707766,4.029846911587522,0.14170498850634836,0.699198989756818,1.2117932526107627,1.3181271104358376,0.8438714358858471,2.5536050801267387,4.851849652240877,-5.766812258070161,-0.43968180918115163,-1.139631053404882,0.16409147095179,1.1924313500054662,0.8536597843309421,0.5263157894736763,0.45894818822763933,1.5022559615519901,5.875592229408875,-0.9659258262890684,0.2588190451025203,0.7818314824680298,0.6234898018587336,-0.0016787380309352118,0.0013113058574740766,-0.29742158412673536,-4.140557872570092,19,1,,,,,0.716417910447672,NEW_YORK,469.0,3.349593690688887,33.137051868599855,0.9546653707303544,28.844234679846256,11.0656220138825,2.0,0.4484890109889812,0.8398913933543075,CORE,CORE_GATE,M1_OHLC,1,4,V15_Q2,LOW,2,A+C,15
XAUUSD,B_FVG_RETEST_SEQUENCE,V15_QUALITY_PRESERVING_EXPANDED,B_FVG_RETEST_SEQUENCE|BUY|2020-03-25T19:23:00+00:00,2020-03-25 19:23:00+00:00,2020-03-25 19:24:00+00:00,BUY,UTC_18_23,0.7855124247931152,3.0,0.7569483366188438,0.38561519035298975,0.5094339622641428,0.6966292134831231,0.02499357715256873,0.9997430861004761,1.6138709818476378,0.9997430861004761,2.0,8.571428571420219,0.9711789979258799,2.327973186205074,0.02499357715256873,,1,1,2,0.8426406011416583,0.1129032258063481,1.0,2.6781128295899266,0.3249443566570215,0.8983050847457545,1.32107157137145,3.0,0.02499357715256873,0.3820446793311246,0.8771929824558394,0.1913416718733091,0.04055193187538886,0.007661748349981981,52.706531899740796,-0.16284151637137256,-0.2341305135151206,0.07128899714374803,18.438245884152973,22.31777058653689,29.875437157709648,65.10172143974863,0.6644894529684962,2.4995179735780244,0.0005575949073000075,0.0006071889937702135,0.0012740867494978048,0.00015482512502118517,-0.0003899468001151707,1.4674800299544153,0.17852555108935914,0.6355509618780276,0.38561519035298975,0.3033707865168769,0.08988764044936931,0.4253112805923312,0.35893561429683707,1.1630666690754092,-0.06637566629549412,0.8041310547785722,-0.04399835347954812,-0.1886776025477407,-0.07489996445619403,-0.9643161846967288,0.9277610524078306,3.3705624045669578,4.563113085843929,5.032958937240579,0.2279988676602116,-1.1306294038319926,0.007486631016043787,0.565631317677726,0.7023008081756795,0.7386541471048347,0.6112388258780733,1.9459285068741121,2.970665170126832,-0.9659258262890684,0.2588190451025203,0.9749279121818236,-0.22252093395631434,0.0012740867494978048,0.00015482512502118517,0.07128899714374803,-7.557666571172756,19,2,,,1.3207547169812859,0.08571428571420218,,NEW_YORK,443.0,2.327973186205074,31.881092913537742,0.4483144809049139,-11.800538927006704,23.78317391612447,0.2604714006905851,7.555214723926962,1.3037127714329433,CORE,CORE_GATE,M1_OHLC,2,4,V15_Q2,MEDIUM,1,B,15
XAUUSD,A_OB_RETEST_SEQUENCE,V15_QUALITY_PRESERVING_EXPANDED,A_OB_RETEST_SEQUENCE|BUY|2020-03-26T19:35:00+00:00,2020-03-26 19:35:00+00:00,2020-03-26 19:36:00+00:00,BUY,UTC_18_23,0.5786646984831565,4.0,1.1830478280101355,2.237503500801889,1.891304347826181,0.7680608365018623,1.7874309575369682,,0.3857764656555838,0.3857764656555838,1.0,25.83333333336081,0.8840710671271785,3.7677501479019475,1.7874309575369682,,1,1,2,0.03857764656566072,0.41025641025644016,3.0,2.5820097513550504,0.15743961898492217,1.7037037037035634,1.1650983746791919,4.0,,2.411102910346851,,1.1555353424709989,1.3465935772725541,0.7156952629146588,69.72274363899552,0.5847749034874141,0.2773241924556114,0.3074507110318027,16.401568641978876,33.38726456027834,15.538648582595437,83.20715760495199,1.3406726642158984,3.1688281883529683,0.0015746926145085993,0.0023577774587921763,0.0021680117500129104,0.0030041318272944206,0.0018987902081035735,2.2825107551281767,3.160152214494582,3.3819736822466564,2.237503500801889,0.23193916349813765,0.10646387832698141,2.37283081244678,3.0432610469644046,5.578733250881969,0.6704302345176243,2.5354722039175646,0.3503632922230994,0.4473593372216916,3.1721493092586965,2.154898623989174,1.073780302912849,4.552162294734954,5.076175327250371,16.39019060401828,0.29346252780613563,0.8098921657492273,0.3429878048780279,0.8626861373828913,1.0484337956400276,0.8967701076630737,0.8337980566117275,0.7844121468330059,6.297800801825875,-0.9659258262890684,0.2588190451025203,0.43388373911755823,-0.900968867902419,0.0021680117500129104,0.0030041318272944206,0.3074507110318027,17.848615977682904,19,3,0.1833333333331249,1.1060133233702416,,,,NEW_YORK,455.0,3.7677501479019475,30.035912655160928,0.9738841913732152,18.09613104312322,11.58615318518672,2.0,0.2081911262799105,1.1366545884080643,CORE,CORE_GATE,M1_OHLC,3,4,V15_Q2,HIGH,1,A,15
XAUUSD,A_OB_RETEST_SEQUENCE,V15_QUALITY_PRESERVING_EXPANDED,A_OB_RETEST_SEQUENCE|BUY|2020-03-27T04:41:00+00:00,2020-03-27 04:41:00+00:00,2020-03-27 04:42:00+00:00,BUY,UTC_00_05,0.7437347548613762,5.0,0.973282518707913,1.781290647446353,1.8301886792450726,1.0,1.0926473559079952,,0.624369917661294,0.624369917661294,1.0,61.764705882378514,1.2671036564306783,3.287123978276778,1.0926473559079952,,-1,1,1,0.541732722676975,0.8750000000001066,4.0,2.6767119545209996,0.3419157606143222,1.2926829268294981,0.8665906499428147,5.0,0.5050050804607943,0.5325508121233473,0.026548672567361653,0.27193205705967977,0.2544187329400186,-0.06610800432096547,59.575290574906354,0.14362631115227487,0.116892993560553,0.026733317591721872,15.790010228526318,23.45610532199972,24.531491602660036,100.0,1.1111189934075036,1.997540612062652,0.0002581430296773046,0.0006763715739475096,0.0006702186203950689,0.00044568758836938116,0.0002735128889108651,2.001656500738427,1.3313770303081596,1.781290647446353,1.781290647446353,0.0,0.0,1.2971233991638955,2.054994268014748,2.5754140288716196,0.7578708688508526,0.5204197608568716,0.22331845579243964,0.398567808594249,2.1028307604265186,0.2315878746530167,0.9842670018665747,3.287123978276778,3.287123978276778,12.227508218860827,0.09582814055295694,-0.5540649595036715,0.12068965517244022,0.7379071419178403,0.8318758752069628,1.0,1.0,0.0,6.115152428861318,0.8660254037844386,0.5000000000000001,-0.433883739117558,-0.9009688679024191,0.0006702186203950689,0.00044568758836938116,0.026733317591721872,-1.075386280660318,4,4,1.0,0.6545244560325219,,,,ASIA,461.0,3.287123978276778,20.94393797331987,0.6365629110039663,-6.289608729383166,20.94393797331987,0.6365629110039663,2.315642458100174,0.49379753312981944,CORE,CORE_GATE,M1_OHLC,3,4,V15_Q2,HIGH,1,A,15
XAUUSD,C_DISPLACEMENT_MID_RETEST,V15_QUALITY_PRESERVING_EXPANDED,C_DISPLACEMENT_MID_RETEST|BUY|2020-03-27T19:03:00+00:00,2020-03-27 19:03:00+00:00,2020-03-27 19:04:00+00:00,BUY,UTC_18_23,1.5101894464089092,8.0,1.278145224164832,0.623856597509126,0.488095238095317,0.9900990099012219,0.10651210201363509,,0.5934245683622001,0.500000000000151,5.0,100.0,1.355289537492523,2.0237299382609693,0.10651210201363509,,1,1,2,0.5059324845651991,0.0,3.0,1.9745517685460754,0.06149123154651487,1.2631578947368511,1.3542366554683822,8.0,0.10651210201363509,0.5135404918520603,0.6564417177917465,0.5544695040662005,0.10659224810344711,0.053505350451994026,53.168127512163714,0.0525112196671671,0.09090787007254733,-0.038396650405380234,10.260264764702377,17.6679534994482,18.690544505993632,77.0663562281738,0.5803848502999699,2.986043128769011,0.0006300015980529317,0.00038712650741223875,-0.0001412572509497112,-0.000488089390962676,0.0008299239851106144,-0.17498416759400207,-0.6048365792923189,0.7684087359560292,0.623856597509126,0.009900990098778092,0.17821782178205786,0.3947729020174667,0.8161646917251519,2.77856787967856,0.4213917897076852,1.9624031879534078,0.020487386686032245,0.14883751443995596,0.8583887272183561,-0.2697461539188433,0.9217298030540937,2.738882623210181,3.9333397672212698,3.3275344803151015,0.04544251189978327,-1.2644209955826557,0.06522451655194061,0.9933547367404961,0.8905039940600017,0.6963249516441038,0.5410421776123439,1.41508935532522,3.0165748891747337,-0.9659258262890684,0.2588190451025203,-0.433883739117558,-0.9009688679024191,-0.0001412572509497112,-0.000488089390962676,-0.038396650405380234,-1.022591006545433,19,4,,,,,0.3452380952379035,NEW_YORK,423.0,2.0237299382609693,13.488996919310496,0.7989283699943698,-2.164478073064615,8.676932310475786,0.6874177992108869,1.3402255639096683,1.9206315978348636,CORE,CORE_GATE,M1_OHLC,4,4,V15_Q2,VERY_HIGH,1,C,15
XAUUSD,C_DISPLACEMENT_MID_RETEST,V15_QUALITY_PRESERVING_EXPANDED,C_DISPLACEMENT_MID_RETEST|BUY|2020-03-30T17:47:00+00:00,2020-03-30 17:47:00+00:00,2020-03-30 17:48:00+00:00,BUY,UTC_12_17,0.6126687093758101,5.0,1.0228023082143525,0.18228159948400133,0.17821782178242787,0.4186046511631842,0.07595066645136021,,0.7696334200425378,0.5000000000001583,2.0,76.32956436988249,1.3753442620629897,1.675978039697616,0.07595066645136021,,1,1,2,0.5822884427952199,0.3988439306358655,3.0,1.824376414884759,0.17193076161203297,0.9853658536587714,0.8688741721854659,5.0,0.040507022107453515,0.055697155398093966,0.1578947368451285,0.050154482384137736,0.020879508838425143,0.0010461717494350583,54.81856835739969,0.10341397937645525,0.05749723267467227,0.04591674670178297,20.650816884874722,19.10995085404633,10.302094299372058,61.52416356877942,0.6470967087273997,2.459459115895142,3.081825550199646e-05,0.0002805161497154707,0.0002928501408763218,0.00032985393944251484,0.0005550193794268132,0.4810208875265861,0.5417814206877664,0.43545048765581607,0.18228159948400133,0.5813953488368158,0.0,0.4021073941854917,0.7089480260403099,1.3481589618942738,0.30684063185481825,0.6392109358539639,0.17970309844477309,0.09307670643734337,0.5877540649769476,-1.4132680054372513,0.917684689181715,2.1367454161702453,3.3519560793947716,3.504618970987096,0.104095768988762,2.0147597915108513,0.17662860980521672,0.8649257005968143,0.9061565638181028,0.6374622356495958,0.6497187592513974,1.6759780396971555,3.9747515442976753,-0.9659258262890683,-0.25881904510252063,0.0,1.0,0.0002928501408763218,0.00032985393944251484,0.04591674670178297,8.80785655467427,17,0,,,,,0.9009900990095622,NEW_YORK,347.0,1.675978039697616,22.506714158474235,0.5064116985376897,2.4608015930303337,20.471236297572855,0.4573336631214522,6.628398791539864,2.4414674062595045,CORE,CORE_GATE,M1_OHLC,1,4,V15_Q2,LOW,1,C,15
XAUUSD,C_DISPLACEMENT_MID_RETEST,V15_QUALITY_PRESERVING_EXPANDED,C_DISPLACEMENT_MID_RETEST|BUY|2020-04-03T12:27:00+00:00,2020-04-03 12:27:00+00:00,2020-04-03 12:28:00+00:00,BUY,UTC_12_17,1.8185906520707351,13.0,1.8094058507972424,0.7531537043929877,0.4162436548224604,0.9519230769233376,0.33524524646755177,,1.0562521464044636,0.542821755239131,8.0,100.0,2.980008773052127,3.30193605767371,0.33524524646755177,,1,1,2,0.7715233069389289,0.22695035461003202,5.0,3.3107278758467684,0.832477345375117,2.141304347825965,1.1213731099305675,13.0,0.013777201909508123,0.05510880763845017,0.6000000000024254,0.051106327835781847,0.27657408941310974,0.013772990746190523,54.6242496639922,0.008752113765922331,-0.02866703583153002,0.03741914959745235,17.027461498371203,21.30799377367364,22.127339457295452,79.44751381215873,0.739509066038184,3.472452083066316,0.0005026357349184885,0.0006733985836906431,0.0004064132633434525,0.0013383763104288793,0.0005026357349184885,0.6016044833869364,1.9793246743496526,0.9552193324006383,0.7531537043929877,0.048076923076662406,0.16346153846161415,0.636586072886819,0.4446403243908856,0.13141685203402764,-0.19194574849593343,-0.31322347235685793,-0.06950774627656203,-0.011587928431111578,0.9500385258896188,-0.9385959478029507,0.9793818319823552,2.456934340549763,5.359331542844187,7.322756485724014,0.028542484348105333,-2.198935162549578,0.01410598551276722,1.2453077538335646,1.0996803794562855,0.45844044558696456,0.5878882714925943,1.662449030428042,4.188269380525972,1.2246467991473532e-16,-1.0,-0.433883739117558,-0.9009688679024191,0.0004064132633434525,0.0013383763104288793,0.03741914959745235,-0.8193456836218118,12,4,,,,,0.944162436548153,LONDON_NY_OVERLAP,27.0,3.30193605767371,9.446568109366334,0.496840058337393,-2.948321208659799,7.150367791095488,0.4874759152215842,1.109874826147351,1.0935407449075627,CORE,CORE_GATE,M1_OHLC,4,4,V15_Q2,VERY_HIGH,1,C,15
XAUUSD,A_OB_RETEST_SEQUENCE,V15_QUALITY_PRESERVING_EXPANDED,A_OB_RETEST_SEQUENCE|BUY|2020-04-06T11:19:00+00:00,2020-04-06 11:19:00+00:00,2020-04-06 11:20:00+00:00,BUY,UTC_06_11,0.936218030156485,11.0,1.294655790273578,0.3209890389105029,0.24793388429728772,0.977272727272234,0.21399269260700193,,0.7168755202339431,0.7168755202339431,4.0,14.17910447758535,2.0864287529202152,3.1617420332712514,0.21399269260700193,,1,1,2,0.6901264336581894,0.4144736842106031,7.0,2.9596325694514274,0.3208663141638476,1.3595505617978145,0.9529983792545385,11.0,0.09629671167339415,1.87243606031297,0.9021739130433278,1.5504496443352538,0.9286450790058445,0.6670824172078433,58.8552700763493,0.4535950357344518,0.43424893155161504,0.019346104182836776,26.636324062280806,21.75256404931381,14.054776625540057,91.10473457675232,0.7563814025927713,3.349095021724295,0.00021448838392190694,3.9826601105907855e-05,0.0005609281368297303,0.0005639950466520549,0.0005578612458083665,0.9790165686778853,0.9843663859929387,0.4707839237358908,0.3209890389105029,0.022727272727765997,0.29545454545475686,0.7995601370158529,2.027111686875386,6.928415183171183,1.2275515498595329,4.901303496295798,0.4524928297723101,0.7659168718092179,2.5882416170841456,-1.256905960074589,0.8029860120182979,2.2041247338543095,4.360101111871435,-0.15589287945562802,0.004343495638012451,-1.2793706583143347,0.06083001705512477,0.6463365436852586,0.7240923753988712,0.5055214723927031,0.5281238309014601,0.9629671167324818,7.243652644753584,0.258819045102521,-0.9659258262890682,0.0,1.0,0.0005609281368297303,0.0005639950466520549,0.019346104182836776,7.697787423773754,11,0,0.805970149253863,0.4501706497226081,,,,LONDON,259.0,3.1617420332712514,25.556077314614438,0.9623194473518907,18.03423416947151,14.198415154487472,1.7321024868123536,0.30456852791882,1.5552848522621037,CORE,CORE_GATE,M1_OHLC,2,4,V15_Q2,MEDIUM,1,A,15
XAUUSD,C_DISPLACEMENT_MID_RETEST,V15_QUALITY_PRESERVING_EXPANDED,C_DISPLACEMENT_MID_RETEST|BUY|2020-04-06T11:19:00+00:00,2020-04-06 11:19:00+00:00,2020-04-06 11:20:00+00:00,BUY,UTC_06_11,0.936218030156485,11.0,1.294655790273578,0.3209890389105029,0.24793388429728772,0.977272727272234,0.21399269260700193,,0.7168755202339431,0.5000000000002361,4.0,41.440292295723964,2.4088592056444353,3.1617420332712514,0.21399269260700193,,1,1,2,0.6901264336581894,0.4144736842106031,7.0,2.9596325694514274,0.3208663141638476,1.3595505617978145,0.9529983792545385,11.0,0.09629671167339415,1.87243606031297,0.9021739130433278,1.5504496443352538,0.9286450790058445,0.6670824172078433,58.8552700763493,0.4535950357344518,0.43424893155161504,0.019346104182836776,26.636324062280806,21.75256404931381,14.054776625540057,91.10473457675232,0.7563814025927713,3.349095021724295,0.00021448838392190694,3.9826601105907855e-05,0.0005609281368297303,0.0005639950466520549,0.0005578612458083665,0.9790165686778853,0.9843663859929387,0.4707839237358908,0.3209890389105029,0.022727272727765997,0.29545454545475686,0.7995601370158529,2.027111686875386,6.928415183171183,1.2275515498595329,4.901303496295798,0.4524928297723101,0.7659168718092179,2.5882416170841456,-1.256905960074589,0.8029860120182979,2.2041247338543095,4.360101111871435,-0.15589287945562802,0.004343495638012451,-1.2793706583143347,0.06083001705512477,0.6463365436852586,0.7240923753988712,0.5055214723927031,0.5281238309014601,0.9629671167324818,7.243652644753584,0.258819045102521,-0.9659258262890682,0.0,1.0,0.0005609281368297303,0.0005639950466520549,0.019346104182836776,7.697787423773754,11,0,,,,,0.22314049586812268,LONDON,259.0,3.1617420332712514,25.556077314614438,0.9623194473518907,18.03423416947151,14.198415154487472,1.7321024868123536,0.30456852791882,1.5552848522621037,CORE,CORE_GATE,M1_OHLC,2,4,V15_Q2,MEDIUM,2,A+C,15
XAUUSD,A_OB_RETEST_SEQUENCE,V15_QUALITY_PRESERVING_EXPANDED,A_OB_RETEST_SEQUENCE|BUY|2020-04-09T21:17:00+00:00,2020-04-09 21:17:00+00:00,2020-04-09 21:18:00+00:00,BUY,UTC_18_23,0.6045243394088575,12.0,1.0595426593942765,0.4810193668416949,0.45398773006146437,0.6981132075474288,0.28601151541918246,0.3185128239895273,1.319553127957183,1.319553127957183,4.0,58.12807881773791,1.202548417103794,2.2360900296417947,0.28601151541918246,,1,1,2,0.32501308570374404,0.2999999999999567,8.0,2.8477172807368674,0.5601100241615309,1.2074074074074679,0.7506339814031636,12.0,0.13650549599544834,0.19500785142236468,0.17647058823602849,0.49176614632708804,1.676007042505432,0.424790687566736,48.98712141646215,-0.45186936267873534,-0.7140356905253387,0.2621663278466033,20.769020092787493,22.355705183147045,24.30454928298157,69.8354661791617,0.552031591006368,4.025841410664059,0.0004494542553794556,-0.0007016500668944881,3.570344716785634e-05,-0.00033310927768814835,-0.0015654658820523082,0.03900157028456162,-0.36401465598815785,0.689027741691902,0.4810193668416949,0.30188679245257116,0.0,0.060458275291619415,-0.8612986006511164,-0.9343359922157114,-0.9217568759427359,-0.07303739156459489,0.10036351594022898,-0.5210407175308849,-2.092540679119526,-1.0191065922045008,0.8353806458145429,2.873115677620997,4.4851805827117275,-4.562162018363061,-0.15117741705991516,-3.23178916530939,0.12449528936742216,1.1925305898583731,1.0032017144696581,0.6405797101448967,0.2901756668837133,6.415758311791837,2.483099974776711,-0.7071067811865477,0.7071067811865474,0.43388373911755823,-0.900968867902419,3.570344716785634e-05,-0.00033310927768814835,0.2621663278466033,-1.948844099834524,21,3,0.2610837438423546,0.5984333416041923,,,,ASIA,17.0,2.2360900296417947,30.222966839591088,0.7859984944617735,22.74766586840512,3.7669016633064407,2.0,2.8924418604650177,2.6799878303710756,CORE,CORE_GATE,M1_OHLC,2,4,V15_Q2,MEDIUM,1,A,15
XAUUSD,B_FVG_RETEST_SEQUENCE,V15_QUALITY_PRESERVING_EXPANDED,B_FVG_RETEST_SEQUENCE|BUY|2020-04-09T21:26:00+00:00,2020-04-09 21:26:00+00:00,2020-04-09 21:27:00+00:00,BUY,UTC_18_23,0.5728463383525643,21.0,1.004021001628932,0.468132491556871,0.46625766871148017,0.7321428571426686,0.06159638046811254,0.30182226429320524,1.2504065235009618,0.30182226429320524,13.0,69.38775510200863,1.7308582911515673,2.3283431816913205,0.06159638046811254,,1,1,2,0.30798190234014255,0.2999999999999567,8.0,2.8477172807368674,0.5601100241615309,1.2074074074074679,0.7506339814031636,21.0,0.036957828280923546,0.12319276093594497,0.538461538460193,0.36903775721622983,1.676007042505432,0.3292561630553757,53.19675720128071,-0.43293088014661407,-0.5885420404405108,0.15561116029389677,20.19020330520824,22.901226392919888,26.276791729285293,81.47100424327886,0.7363205637616029,2.9759436199685645,0.00039279869067088136,0.001913333730702682,0.0021462937679974647,0.0006846216126112914,-0.0008440674540667326,2.21746969684897,0.7083583753822438,0.6898794612418521,0.468132491556871,0.26785714285733137,0.05357142857138507,0.6619401143705673,-0.13768690566263156,-0.5364222598512983,-0.7996270200331989,-0.39873535418866674,-0.16628258144110367,-0.5023635026087757,-0.9059437813179251,-0.5334304782557499,0.8931786153953789,3.8497737792517817,4.878433333067902,13.08458842357571,0.2999568677053316,-1.0693093253337658,0.1325098259404615,0.9916828217762249,0.9953840453363886,0.7891414141414069,0.7970810629392181,5.3773640148589,3.5479515149582963,-0.7071067811865477,0.7071067811865474,0.43388373911755823,-0.900968867902419,0.0021462937679974647,0.0006846216126112914,0.15561116029389677,-3.375565336365405,21,3,,,0.3006134969323613,0.6938775510200862,,ASIA,26.0,2.3283431816913205,28.639237098609787,0.7933111087213647,21.765081038377755,3.5695102481222967,2.0,2.5423280423282475,2.494041893244861,CORE,CORE_GATE,M1_OHLC,2,4,V15_Q2,MEDIUM,2,A+B,15
XAUUSD,A_OB_RETEST_SEQUENCE,V15_QUALITY_PRESERVING_EXPANDED,A_OB_RETEST_SEQUENCE|BUY|2020-04-13T14:47:00+00:00,2020-04-13 14:47:00+00:00,2020-04-13 14:48:00+00:00,BUY,UTC_12_17,1.1889315200684754,1.0,1.985188409655451,1.3198230635623913,0.6648351648352911,1.0,0.7308111178401417,,0.5890119457220016,0.5890119457220016,1.0,1.851851851808186,0.28359834423628044,2.2360638680185625,0.7308111178401417,,1,1,2,0.6217348315954185,0.34615384615383654,0.0,1.8643541888821424,0.31446938125722573,2.8437499999996056,0.63243243243238,1.0,0.005453814312360168,0.5126585453504473,0.9789473684205892,0.17050210060395038,0.7729919370636884,0.10953946757864406,55.73539462258177,0.13666225761267015,0.18439564283777,-0.047733385225099845,12.199291280069476,23.996196154463867,27.96517869339757,82.25806451612264,0.72556141024216,2.619777825013478,0.00023073236820136955,0.0010420984072472272,0.0004438106171333889,0.00028399342081897316,0.0011636204287925889,0.8180721468361684,0.5235661739749196,1.374361206684505,1.3198230635623913,0.0,0.039682539682330584,0.7710362221052534,1.0781898320043242,1.3761363678452678,0.3071536098990707,0.2979465358409439,-0.0570304911715069,0.20308123994303318,1.3800925493628202,3.3562119672351653,1.109603982776103,3.381364873589397,3.855846718754315,12.484632839846235,0.11752093595713986,0.8399671180533677,0.1470453504351837,1.2039977854493016,1.120311595642585,0.8769448373408874,0.9439319804283447,1.0253170907013907,4.723003194400733,-0.4999999999999997,-0.8660254037844388,0.0,1.0,0.0004438106171333889,0.00028399342081897316,-0.047733385225099845,-3.9689825389337017,14,0,0.7222222222220351,0.9546391931025388,,,,LONDON_NY_OVERLAP,167.0,2.2360638680185625,18.755667419797398,0.865077057284086,13.509098051421002,18.248462688758817,0.889121338912133,0.9048780487806171,0.47708669747758786,CORE,CORE_GATE,M1_OHLC,4,4,V15_Q2,VERY_HIGH,1,A,15
XAUUSD,C_DISPLACEMENT_MID_RETEST,V15_QUALITY_PRESERVING_EXPANDED,C_DISPLACEMENT_MID_RETEST|BUY|2020-04-14T13:50:00+00:00,2020-04-14 13:50:00+00:00,2020-04-14 13:51:00+00:00,BUY,UTC_12_17,1.239173448426965,10.0,2.1023218504350076,0.4187551653303576,0.19918699186982702,0.9682539682539911,0.2820187848143859,,0.7520500928384272,0.6306965551303468,7.0,97.42547425477203,1.7869735728698344,2.3245184687734617,0.2820187848143859,,1,1,2,0.30765685616132493,0.8928571428571263,3.0,3.148866732617363,0.38908410776619984,3.215686274509909,1.7632933104630482,10.0,0.01709204756449646,0.1623744518629107,0.8095238095240159,0.3543963363538964,0.5766476183873024,0.17701612087928395,50.16864489786602,0.12979950105022908,0.11844906163517487,0.011350439415054217,13.494303944397728,18.281522320021185,21.203282860571846,63.551401869157985,0.5464060088227715,2.624247203895027,0.00038955526742689983,-0.0006214968199111937,-0.0007375787670238498,0.0003982801275659309,0.0003313934221311765,-1.0853450203464967,0.5854026290844896,0.5383994982820272,0.4187551653303576,0.03174603174600883,0.1904761904764139,-0.023077252375274766,0.10348357733815312,0.8026150927838869,0.12656082971342789,0.6991315154457338,0.14324702491585897,0.15277378548226073,0.2036680596540007,-0.4433639914389647,1.3356080506826873,2.8757370027289584,3.6576981788053518,-8.165931021357885,-0.18663492950745375,-1.7388204799857476,0.029203539823000765,0.9081324056942598,1.1285582290673102,0.7862149532710238,0.5276723276723552,1.3331797100318898,2.3245184687734617,-0.2588190451025208,-0.9659258262890683,0.7818314824680298,0.6234898018587336,-0.0007375787670238498,0.0003982801275659309,0.011350439415054217,-2.921760540550661,13,1,,,,,0.7886178861790571,LONDON_NY_OVERLAP,110.0,2.3245184687734617,16.36990855491135,0.622552858261549,6.969282394429747,11.45594488011415,0.6083550913838112,1.9301470588236713,0.6741896758703482,CORE,CORE_GATE,M1_OHLC,2,4,V15_Q2,MEDIUM,1,C,15
XAUUSD,A_OB_RETEST_SEQUENCE,V15_QUALITY_PRESERVING_EXPANDED,A_OB_RETEST_SEQUENCE|BUY|2020-04-20T18:37:00+00:00,2020-04-20 18:37:00+00:00,2020-04-20 18:38:00+00:00,BUY,UTC_18_23,0.9288534646591682,10.0,1.412366227084326,0.6234769831273829,0.44144144144148945,1.0,0.3753585918827531,,1.4060042170525646,1.4060042170525646,2.0,43.89140271493264,0.17495527587763654,1.8036298440470615,0.3753585918827531,,1,1,2,0.08906814044683098,0.2513966480446913,8.0,2.539639557641014,0.22627107760899845,1.7759999999996785,1.2410714285714115,10.0,0.11451618057445564,0.8747763793878934,0.768488745980635,0.984290875383208,0.6442142433563132,0.42861352413517256,53.20386882247382,0.12519525734364834,0.06340756299814615,0.06178769434550219,12.541013009593446,18.111082073973414,16.915416940175778,62.721238938051,0.7616088353485229,1.884706136993524,0.0004931927586306895,0.00046364656547170924,0.0005138761322256435,0.0002745922452787042,-0.00201789891062909,0.5534948727764151,0.29583346648385367,0.8397853242123372,0.6234769831273829,0.0,0.257575757575708,0.4055338647970828,0.8646870582495124,3.135479591606931,0.4591531934524296,2.270792533357419,0.08689143859460613,0.24716841825129382,1.0175901845191648,-0.29573676309494196,1.199538477503949,2.700673258546699,4.434320992242648,2.5585988786654568,0.1462583354061551,-1.8485515760942768,0.0725781961737043,1.1392993409900507,1.2088898448346315,0.6090387374462126,0.6672167216722257,2.6306911481955866,3.9285411947056015,-1.0,-1.8369701987210297e-16,0.0,1.0,0.0005138761322256435,0.0002745922452787042,0.06178769434550219,1.195665133797636,18,0,0.4298642533936787,1.3812667274934822,,,,NEW_YORK,397.0,1.8036298440470615,16.779801459167775,0.8432227488151662,6.578318372996907,7.682127113533711,1.841821946169766,1.4585537918871032,1.9127724210804387,CORE,CORE_GATE,M1_OHLC,4,4,V15_Q2,VERY_HIGH,1,A,15
XAUUSD,C_DISPLACEMENT_MID_RETEST,V15_QUALITY_PRESERVING_EXPANDED,C_DISPLACEMENT_MID_RETEST|BUY|2020-04-21T05:10:00+00:00,2020-04-21 05:10:00+00:00,2020-04-21 05:11:00+00:00,BUY,UTC_00_05,1.4254187513770278,4.0,2.029796301961116,0.9920914509585462,0.4887640449438317,0.9100000000000819,0.2622770502533939,,0.5473608005287994,0.6089388905883866,4.0,91.19850187265615,0.7104287056863646,1.8017293017407394,0.2622770502533939,,-1,1,1,0.5017474004847761,0.21348314606745306,0.0,1.9024429532973224,0.38274000243841005,2.144578313253441,1.146417445482822,4.0,0.21096197520399718,0.36490720035244656,0.2673267326727413,0.5173176336000102,0.2611436352424994,-0.1214584685623529,54.524341543196684,-0.10358238904086647,-0.15384818606165962,0.050265797020793146,13.610126744013247,23.20214192913389,19.8223159162372,75.65789473684151,0.7570115034399348,2.3249369486569638,0.00047050468285325664,0.0003846563539311454,0.0006748237466924767,-0.00012716739073215244,0.0004349794494402648,1.2999819012559635,-0.24517202523675546,1.1403350011016222,0.9920914509585462,0.08999999999991815,0.03999999999996362,0.6055840956173325,0.4343223935303544,-0.4824521715638791,-0.17126170208697813,-0.9167745650942335,0.05502203832719677,-0.20194706243475277,0.2531435999057623,-0.7348617680865359,1.0311757400741035,3.4666184033488903,3.8258239286959634,6.313753141742481,0.05201901522140129,-1.5910340358541841,0.02208588957056033,0.9338695907986466,1.0042869827294918,0.9061102831594477,0.6052490421455246,1.573662301520104,2.7368040026439973,0.9659258262890683,0.25881904510252074,0.7818314824680298,0.6234898018587336,0.0006748237466924767,-0.00012716739073215244,0.050265797020793146,3.3798260128966895,5,1,,,,,0.22471910112362137,ASIA,490.0,1.8017293017407394,8.512600783223517,0.32685867381112943,-5.730183380535497,8.512600783223517,0.32685867381112943,3.1803797468350457,0.5846644743268323,CORE,CORE_GATE,M1_OHLC,3,4,V15_Q2,HIGH,1,C,15
XAUUSD,C_DISPLACEMENT_MID_RETEST,V15_QUALITY_PRESERVING_EXPANDED,C_DISPLACEMENT_MID_RETEST|BUY|2020-04-21T10:34:00+00:00,2020-04-21 10:34:00+00:00,2020-04-21 10:35:00+00:00,BUY,UTC_06_11,0.793980519912412,11.0,0.8811247233173604,0.6100094238352989,0.692307692307923,0.7479674796748449,0.39699025995653625,,0.8520766555159311,0.5000000000001507,8.0,100.0,1.6139176839407487,2.294797356332508,0.39699025995653625,,1,1,2,0.455086395559615,0.18367346938772194,3.0,2.104219529691481,0.37133285818093237,0.9629629629626422,1.0000000000000207,11.0,1.0457304408602608,0.3873075706890996,-0.45945945945934324,0.8116537953486935,0.2398601691866164,0.15781170827288396,52.735896125316664,0.24477875963248152,0.2576679664512692,-0.01288920681878769,14.62529658112793,18.04631344522047,20.005773976092144,69.66292134831619,0.5877443612014008,3.023620917509721,0.0003096733094050119,-0.00035367765818228314,-0.00012676326223781675,0.00032737472018307123,0.00041884199038433323,-0.20817781924526446,0.5373892543310652,1.1909707798687281,0.6100094238352989,0.25203252032515516,0.23577235772354418,0.20961135177205614,0.9909499539005298,3.7196162734878864,0.7813386021284736,2.7286663195873566,0.23095124659306931,0.5072245244292968,1.1488164955123206,-0.20564913816703287,0.904606291484649,2.2463839099964256,4.424988995121675,-5.055260788013932,-0.09789399084395617,-2.465278632141086,0.03969548667756715,0.9719997475956882,0.996578362028513,0.5076586433261076,0.38838463228700454,2.0236820568497857,4.579912023397579,0.49999999999999994,-0.8660254037844387,0.7818314824680298,0.6234898018587336,-0.00012676326223781675,0.00032737472018307123,-0.01288920681878769,-1.9594605308716737,10,1,,,,,0.021978021977505757,LONDON,214.0,2.294797356332508,11.435256024593013,0.8230313293819052,0.353418158253952,8.767675131472341,1.040309221424654,0.8818565400842138,1.0425586826384998,CORE,CORE_GATE,M1_OHLC,3,4,V15_Q2,HIGH,1,C,15
XAUUSD,A_OB_RETEST_SEQUENCE,V15_QUALITY_PRESERVING_EXPANDED,A_OB_RETEST_SEQUENCE|BUY|2020-04-27T01:25:00+00:00,2020-04-27 01:25:00+00:00,2020-04-27 01:26:00+00:00,BUY,UTC_00_05,0.5991601297421794,7.0,0.7503500690232018,0.7727485785462596,1.0298507462686264,0.9729729729730062,0.44797019046141157,,0.7055530499768314,0.7055530499768314,3.0,100.0,1.2655157880537868,1.7974803892270472,0.44797019046141157,8.847411261615743,1,-1,1,0.26318248689631163,0.7777777777779309,4.0,2.422840195222309,0.0817343680315288,0.7015706806284019,0.8250137136586928,7.0,0.44797019046141157,1.1983202594848679,0.4557823129253658,0.09813650708177686,0.14728114238357282,-0.014304156890922204,42.16389607560464,-0.9670085212030699,-1.1600369055962498,0.19302838439317993,35.117719220088155,16.913458969891327,32.55307167982427,61.25954198473607,0.6976176490149035,1.615132870444608,0.0004185097565088114,-0.0002730050302627296,0.00011331181377349786,5.810237638792515e-06,-0.003427850124201548,0.21838546785019597,0.011199254761783564,0.8287448523541588,0.7727485785462596,0.02702702702699381,0.040540540540797976,-0.5431737965250081,-2.4497388750675393,-3.4443495757711124,-1.9065650785425312,-0.9946107007035729,-0.4726923044520953,-1.3541663453689787,-2.254274365282457,0.7288577032995067,1.3092504363070379,2.424638655873176,9.00980045565804,-0.5756858251578052,0.016960839771369862,-2.039709631509261,0.11431742508320404,1.5076551885993963,1.027140971909184,0.2691112492231206,0.4787958690397754,7.212320066430992,1.7974803892270472,0.25881904510252074,0.9659258262890683,0.0,1.0,0.00011331181377349786,5.810237638792515e-06,0.19302838439317993,-15.639612709932944,1,0,0.5555555555555155,0.6538749442530268,,,,ASIA,265.0,1.7974803892270472,4.485301531996281,0.40074906367042834,-1.4559031189997786,4.485301531996281,0.40074906367042834,1.4953271028036363,0.24483847461743988,CORE,CORE_GATE,M1_OHLC,3,4,V15_Q2,HIGH,1,A,15
XAUUSD,C_DISPLACEMENT_MID_RETEST,V15_QUALITY_PRESERVING_EXPANDED,C_DISPLACEMENT_MID_RETEST|BUY|2020-04-27T01:27:00+00:00,2020-04-27 01:27:00+00:00,2020-04-27 01:28:00+00:00,BUY,UTC_00_05,0.6148960181435517,9.0,0.7700566956193204,0.5516824088018621,0.7164179104477105,0.8717948717946924,0.028733458791605767,,0.7240831615522808,0.5000000000002075,5.0,100.0,1.8532891835568324,2.3331568538908276,0.028733458791605767,8.591304178737165,1,-1,1,0.27009451264271445,0.7777777777779309,4.0,2.422840195222309,0.0817343680315288,0.7015706806284019,0.8250137136586928,9.0,0.1379206022005962,0.2815878961591477,0.342465753424026,0.09813650708177686,0.14728114238357282,-0.014304156890922204,46.347110034729454,-0.7977176276399405,-1.0465758217995926,0.24885819415965216,33.36366949854846,18.910075483350507,28.80589559696759,93.76443418012838,0.9227633292001876,1.7501200146364164,0.0003370221766403336,0.0006655467655589664,-2.6138779493312114e-05,0.000348647682800296,-0.0029970290320899817,-0.05172022582525625,0.689603011002197,0.8964839143029607,0.5516824088018621,0.1282051282053076,0.2564102564100322,0.0009820085563896478,-1.8447354134969358,-2.979451488064185,-1.8457174220533255,-1.1347160745672493,-0.3941083744997279,-1.2236840070865416,-1.5254370684311944,0.23985087850874143,1.2579975960191083,2.4883175313665964,9.246427039189015,11.05707919078938,0.0899606131906503,-2.0233700709690297,0.10872313527178157,1.528233867321817,1.0020851301173415,0.26911124922312063,0.689549480594274,6.913270185298188,2.3331568538908276,0.25881904510252074,0.9659258262890683,0.0,1.0,-2.6138779493312114e-05,0.000348647682800296,0.24885819415965216,-9.895820113617084,1,0,,,,,0.40298507462747346,ASIA,267.0,2.3331568538908276,4.603100098440227,0.5068664169787279,-1.0056710577116899,4.603100098440227,0.5068664169787279,0.972906403941076,0.24868222891566263,CORE,CORE_GATE,M1_OHLC,3,4,V15_Q2,HIGH,2,A+C,15
XAUUSD,C_DISPLACEMENT_MID_RETEST,V15_QUALITY_PRESERVING_EXPANDED,C_DISPLACEMENT_MID_RETEST|BUY|2020-04-28T17:14:00+00:00,2020-04-28 17:14:00+00:00,2020-04-28 17:15:00+00:00,BUY,UTC_12_17,1.260362399848911,11.0,1.7329982997921602,0.9452717998866216,0.545454545454539,0.89201877934272,0.30965800341122196,0.4454729171879112,2.145875637673666,0.519899489937574,9.0,100.0,2.3232499150662504,3.0694170513560173,0.30965800341122196,,-1,1,1,0.010865193102135138,0.025641025641000726,2.0,2.9907574703581927,0.5637530055947947,1.7624309392264919,1.3272377285851908,11.0,0.9235414136823513,0.027162982755337843,-0.9428571428571949,0.5149993913328482,0.07570229919672707,-0.03580175509031618,48.17425965245947,-1.3927659925861917,-1.9006410648704959,0.5078750722843042,38.88853956292189,20.390358233281994,28.405384220173357,81.91489361702097,0.8021332736474368,3.1956368472215253,0.001001283999481517,0.0008008668205585767,0.0008038135505887833,0.0008185474610304944,-0.0043702913918147734,0.7415494292214024,0.7551309205990097,1.1571430653785038,0.9452717998866216,0.10798122065728,0.07511737089205336,0.2220073114619093,-1.5969929619525314,-4.053220315230757,-1.8190002734144406,-2.4562273532782255,-0.2743019576872166,-1.028462835146915,-2.4286469616298536,-0.5721468789299541,1.2479335572559809,2.4745477290135627,8.904025747207898,7.226122458011439,0.039821297373574094,-3.3786262027057887,0.13737734165923193,1.5970186313600825,1.6062528132029135,0.2779133618059814,0.443032477009516,7.344870537050023,4.183099344325857,-0.9659258262890683,-0.25881904510252063,0.7818314824680298,0.6234898018587336,0.0008038135505887833,0.0008185474610304944,0.5078750722843042,-8.015025986891363,17,1,,,,,0.438871473354253,NEW_YORK,314.0,3.0694170513560173,13.271833374270175,0.31518624641833914,-8.510162497255067,10.962979840064236,0.17096134786916978,2.9610619469026105,1.6138710610454892,CORE,CORE_GATE,M1_OHLC,3,4,V15_Q2,HIGH,1,C,15
XAUUSD,A_OB_RETEST_SEQUENCE,V15_QUALITY_PRESERVING_EXPANDED,A_OB_RETEST_SEQUENCE|BUY|2020-04-29T01:45:00+00:00,2020-04-29 01:45:00+00:00,2020-04-29 01:46:00+00:00,BUY,UTC_00_05,0.646881325639874,2.0,1.2187619178731037,0.937509167594564,0.7692307692306616,1.0,0.4500044004458341,0.15000146681499382,0.9937597176501867,0.9937597176501867,1.0,97.1698113207357,0.018750183351874228,1.040635176029659,0.4500044004458341,,-1,1,1,0.028125275028450837,0.2249999999997442,1.0,2.0605902760997754,0.4623763546370183,1.7333333333341014,1.0233766233768677,2.0,0.4500044004458341,0.27187765860238944,-0.24675324675376833,0.10898801622142162,0.10617016662426271,-0.011482564620476483,45.897287239738894,-0.2704245515440107,-0.3201943671441687,0.04976981560015803,21.169411977132107,23.152905699526045,30.3190495384619,43.431635388731515,0.39108766025805086,2.715800092781462,-0.0002756153699551289,0.00022294908840203576,-0.00014075874830299373,-0.00023750740378025714,-0.0003488917556000448,-0.4500044004458341,-0.759382425751972,0.9937597176497603,0.937509167594564,0.0,0.05660377358445237,-0.3761851363545201,-1.6507376149618107,-3.076251521923573,-1.2745524786072908,-1.425513906961762,-0.35652705385432826,-0.8485303585623235,-2.342426093382293,-0.2108654452229294,0.8479437382281763,2.793777319432244,3.496909195128167,5.904868991362775,0.062237646151059756,-1.7314111175529163,0.11684370257969129,0.6843658774830934,0.7588671576906536,0.7989276139410443,0.9666666666667337,8.37195686661973,2.184396360495266,0.25881904510252074,0.9659258262890683,0.9749279121818236,-0.22252093395631434,-0.00014075874830299373,-0.00023750740378025714,0.04976981560015803,-7.166143838935856,1,2,0.8301886792454287,1.0453726278748787,,,,ASIA,285.0,1.040635176029659,8.38133195829588,0.26062639821026784,-6.196935597800614,8.38133195829588,0.26062639821026784,5.954954954957236,0.18634638041628485,CORE,CORE_GATE,M1_OHLC,3,4,V15_Q2,HIGH,1,A,15
XAUUSD,C_DISPLACEMENT_MID_RETEST,V15_QUALITY_PRESERVING_EXPANDED,C_DISPLACEMENT_MID_RETEST|BUY|2020-04-29T01:46:00+00:00,2020-04-29 01:46:00+00:00,2020-04-29 01:47:00+00:00,BUY,UTC_00_05,0.6181794255736401,3.0,1.1646858742700157,0.6092203034644914,0.5230769230770738,0.3863636363637538,0.08063209898804324,0.1433459537561592,0.9496669436353694,0.4999999999997749,2.0,100.0,1.0042770953677276,1.3438683164652145,0.08063209898804324,,-1,1,1,0.02687736632989097,0.2249999999997442,1.0,2.0605902760997754,0.4623763546370183,1.7333333333341014,1.0233766233768677,3.0,0.08063209898804324,0.179182442195199,0.37931034482650483,0.10898801622142162,0.10617016662426271,-0.011482564620476483,48.20508455501378,-0.2399962276219867,-0.3041547392397323,0.0641585116177456,20.04023598500907,29.952296139997575,26.904246409616828,61.09422492401947,0.5095302263987206,2.491197228433162,0.00011438258334539597,0.00022879133643471938,0.0004342060483728538,-0.00016126431220775395,-0.0001583326980477695,1.3259500722456947,-0.4927517160374083,1.5768054913193807,0.6092203034644914,0.6136363636362462,0.0,-0.009127391943036661,-1.179928836541081,-2.5645788843707256,-1.1708014445980444,-1.3846500478296448,-0.18197872504345092,-0.7899735735690809,-1.822457427254575,-0.28194636839897164,0.8861226865497043,2.7683687319184727,3.341752546943924,5.572532959215003,0.06811616296472373,-3.010248090875475,0.08376963350784966,0.6889819380480837,0.8203840619979473,0.8284182305629367,0.7954545454546138,7.651090281741922,2.4368812138571507,0.25881904510252074,0.9659258262890683,0.9749279121818236,-0.22252093395631434,0.0004342060483728538,-0.00016126431220775395,0.0641585116177456,3.048049730380747,1,2,,,,,0.8461538461540076,ASIA,286.0,1.3438683164652145,8.009455166133135,0.3042505592841275,-5.5725739522759845,8.009455166133135,0.3042505592841275,4.146666666666836,0.18756290968011194,CORE,CORE_GATE,M1_OHLC,2,4,V15_Q2,MEDIUM,2,A+C,15
XAUUSD,A_OB_RETEST_SEQUENCE,V15_QUALITY_PRESERVING_EXPANDED,A_OB_RETEST_SEQUENCE|BUY|2020-04-29T06:00:00+00:00,2020-04-29 06:00:00+00:00,2020-04-29 06:01:00+00:00,BUY,UTC_06_11,0.8373324831245001,9.0,1.050213622901992,0.709603799257876,0.6756756756754597,1.0,0.2270732157623138,,0.709603799257876,0.709603799257876,3.0,63.99999999994179,0.865716635094144,1.8307778020852683,0.2270732157623138,,1,1,2,0.24126529174778108,0.0,6.0,1.9124289088015496,0.05134037339060645,1.0724637681162,0.7087980173482803,9.0,0.05676830394057845,0.8089483311535656,0.8688524590164424,1.1547823994841329,0.5236848204636271,0.3937210400103499,45.165201925300565,-0.3154692976629576,-0.40292767384938866,0.08745837618643104,41.71659887319258,13.929005743494953,30.38357189273405,85.43689320387749,0.5670648023286087,2.9203194789931346,0.00014628437682850937,-5.85017696784762e-05,0.00014628437682850937,0.0,-0.001011116436194448,0.709603799257876,0.0,0.709603799257876,0.709603799257876,0.0,0.0,-0.2794342871015803,-1.8618946419409268,0.7050437147626661,-1.5824603548393463,2.566938356703593,-0.3296286921868291,-1.0788980313839374,-3.3593445429514093,-1.5960983978063306,0.8229063412985538,2.256540081640252,8.302364451317665,-0.2220215549556528,0.00894215405211174,-1.1965595871580064,0.03611738148980677,0.8606274433447838,0.7374764355415991,0.27179487179487977,0.33333333333336274,8.6145901229902,2.497805373388033,1.0,6.123233995736766e-17,0.9749279121818236,-0.22252093395631434,0.00014628437682850937,0.0,0.08745837618643104,-16.4545661492391,6,2,0.08000000000083674,0.7572705075123207,,,,ASIA,540.0,1.8307778020852683,24.992245809861927,0.6553094832481646,3.235793324615553,24.992245809861927,0.6553094832481646,4.705426356589054,0.4604085642936095,CORE,CORE_GATE,M1_OHLC,4,4,V15_Q2,VERY_HIGH,1,A,15
XAUUSD,C_DISPLACEMENT_MID_RETEST,V15_QUALITY_PRESERVING_EXPANDED,C_DISPLACEMENT_MID_RETEST|BUY|2020-04-29T06:00:00+00:00,2020-04-29 06:00:00+00:00,2020-04-29 06:01:00+00:00,BUY,UTC_06_11,0.8373324831245001,9.0,1.050213622901992,0.709603799257876,0.6756756756754597,1.0,0.2270732157623138,,0.709603799257876,0.49999999999936795,3.0,100.0,1.4814332701898947,1.8307778020852683,0.2270732157623138,,1,1,2,0.24126529174778108,0.0,6.0,1.9124289088015496,0.05134037339060645,1.0724637681162,0.7087980173482803,9.0,0.05676830394057845,0.8089483311535656,0.8688524590164424,1.1547823994841329,0.5236848204636271,0.3937210400103499,45.165201925300565,-0.3154692976629576,-0.40292767384938866,0.08745837618643104,41.71659887319258,13.929005743494953,30.38357189273405,85.43689320387749,0.5670648023286087,2.9203194789931346,0.00014628437682850937,-5.85017696784762e-05,0.00014628437682850937,0.0,-0.001011116436194448,0.709603799257876,0.0,0.709603799257876,0.709603799257876,0.0,0.0,-0.2794342871015803,-1.8618946419409268,0.7050437147626661,-1.5824603548393463,2.566938356703593,-0.3296286921868291,-1.0788980313839374,-3.3593445429514093,-1.5960983978063306,0.8229063412985538,2.256540081640252,8.302364451317665,-0.2220215549556528,0.00894215405211174,-1.1965595871580064,0.03611738148980677,0.8606274433447838,0.7374764355415991,0.27179487179487977,0.33333333333336274,8.6145901229902,2.497805373388033,1.0,6.123233995736766e-17,0.9749279121818236,-0.22252093395631434,0.00014628437682850937,0.0,0.08745837618643104,-16.4545661492391,6,2,,,,,0.8108108108116578,ASIA,540.0,1.8307778020852683,24.992245809861927,0.6553094832481646,3.235793324615553,24.992245809861927,0.6553094832481646,4.705426356589054,0.4604085642936095,CORE,CORE_GATE,M1_OHLC,4,4,V15_Q2,VERY_HIGH,2,A+C,15
XAUUSD,A_OB_RETEST_SEQUENCE,V15_QUALITY_PRESERVING_EXPANDED,A_OB_RETEST_SEQUENCE|BUY|2020-04-29T09:29:00+00:00,2020-04-29 09:29:00+00:00,2020-04-29 09:30:00+00:00,BUY,UTC_06_11,0.7472581840812217,10.0,1.3433854994723569,0.7052773872225673,0.5249999999996874,0.8852459016390999,0.6297119528779058,,0.5205618810457101,0.5205618810457101,4.0,100.0,0.016792318743767184,0.4366002873280196,0.6297119528779058,,1,1,2,0.31065789675320205,0.603174603174672,6.0,1.4891302776668063,0.4384661373131253,1.5686274509804272,1.0251954821894738,10.0,0.6297119528779058,0.033584637486770735,-0.8987341772153356,0.15998457226679733,0.7715452972300065,0.10276705991300218,40.893159646382045,-0.44310899478705323,-0.48758101124164255,0.044472016454589314,30.874081269770837,14.77471402352158,29.61307146791811,41.86046511625939,0.32120945500464815,4.30396364884153,0.0001989944925346876,-0.0003568211331703708,5.8516489944704375e-06,-0.0005760520259779911,-0.001764070212330937,0.016792318743003555,-1.654043396225177,1.024331443347653,0.7052773872225673,0.11475409836090016,0.1967213114755626,-0.8597354963222951,-2.0590828068009124,-2.5394105212826004,-1.1993473104786174,-0.4803277144816878,-0.2905604040700176,-0.925223641458664,-2.6069344445874916,-0.3505757430811085,1.0920253297342524,2.4180938990494023,6.767304453590031,-5.081338648924643,-0.019354623007465266,-1.4441617725818965,0.2547241118669773,1.1765237425770874,1.1849797834186295,0.35732009925556285,0.34687705732238044,6.347496485005778,1.05791608083366,0.7071067811865476,-0.7071067811865475,0.9749279121818236,-0.22252093395631434,5.8516489944704375e-06,-0.0005760520259779911,0.044472016454589314,-14.83835744439653,9,2,0.16129032258040857,0.8107487067296387,,,,LONDON,149.0,0.4533926060717868,16.305341499842083,0.5612770339855611,1.3769701369583638,14.78563665356399,0.6189664963089062,12.42592592592683,0.7283393955647933,CORE,CORE_GATE,M1_OHLC,4,4,V15_Q2,VERY_HIGH,1,A,15
XAUUSD,C_DISPLACEMENT_MID_RETEST,V15_QUALITY_PRESERVING_EXPANDED,C_DISPLACEMENT_MID_RETEST|BUY|2020-04-30T09:08:00+00:00,2020-04-30 09:08:00+00:00,2020-04-30 09:09:00+00:00,BUY,UTC_06_11,0.7969064496620839,5.0,1.7183295320837504,0.7055942523050567,0.41062801932375004,0.8203124999999819,0.03320443540274412,,0.5229698575906246,0.5154988596252195,2.0,99.11433172299353,1.888087208079513,2.764269247265377,0.03320443540274412,,1,1,2,0.17432328586360446,0.0797101449276222,3.0,2.9105583278514464,0.14300431090605564,1.9714285714283828,0.9910554561717433,5.0,,1.9673627976032932,,0.4727016463622107,0.6927041728941906,0.26410287318639747,60.63411981762506,0.5521984026599966,0.48365536314663,0.06854303951336665,32.645878785711325,24.05258324736347,10.994691237899383,89.16876574307214,0.9381990274608825,2.7321544525591417,0.0005246773234459656,0.0011666977786073396,0.001260151218146266,0.0009506535013792394,0.0021488298220209145,1.7930395117396887,1.3530807426552638,1.0625419328827157,0.7055942523050567,0.17968750000001804,0.15624999999986122,1.3319027469332874,2.0945496991498085,3.1422671545098444,0.7626469522165211,1.047717455360036,0.4335638727599541,0.4349614856529999,2.202277042990851,0.43088082368672403,1.5677361507236505,3.2955402137068295,3.8932200509532033,8.624535734552772,0.24390480829155403,1.6141950456060385,0.11908284023667715,1.5379193097406465,2.2673214434079396,0.8464818763326671,0.5810059380032307,0.35694768057784776,4.60711541210871,0.7071067811865476,-0.7071067811865475,0.43388373911755823,-0.900968867902419,0.001260151218146266,0.0009506535013792394,0.06854303951336665,13.057892009464085,9,3,,,,,0.2801932367148394,LONDON,128.0,2.764269247265377,6.400154923848399,0.9442282749675666,2.6563548322068833,5.918690610510969,1.0210378681626735,0.12912912912914226,0.8145930259339444,CORE,CORE_GATE,M1_OHLC,3,4,V15_Q2,HIGH,1,C,15
XAUUSD,A_OB_RETEST_SEQUENCE,V15_QUALITY_PRESERVING_EXPANDED,A_OB_RETEST_SEQUENCE|BUY|2020-05-04T07:45:00+00:00,2020-05-04 07:45:00+00:00,2020-05-04 07:46:00+00:00,BUY,UTC_06_11,2.1514817426377473,3.0,1.2828711011991245,0.2939912940252678,0.2291666666670318,1.0,0.08017944382429962,,0.962153325900103,0.962153325900103,2.0,36.11111111112866,2.0713022988122325,2.980002662162397,0.08017944382429962,,1,1,2,0.28062805338687175,0.6129032258064359,1.0,3.0301724147760556,0.25453448284123276,1.5737704918022644,0.7195266272190495,3.0,0.08017944382429962,0.4276237004001133,0.6842105263181828,0.26301474809530073,0.8998824824896458,0.18415489512367575,48.90239061489921,-0.1532810096882713,-0.23828051172542075,0.08499950203714945,16.980923356353323,27.133773824076503,37.28714689295057,79.07801418440934,0.7090546335861229,3.5604688149695893,1.4721383103433183e-05,0.0001207281379009828,0.00011778320234867579,0.000285672213223398,-0.0009912231163818896,0.5345296254999897,1.2962343418375206,0.2939912940252678,0.2939912940252678,0.0,0.0,0.08888357678978183,-0.6483121745470474,-0.0334489244876789,-0.7371957513368292,0.6148632500593685,-0.06477462646533262,-0.46616878949120943,-2.4228710123734496,-0.5244113095135969,0.9508173597789559,3.7684338597742895,7.937764938673723,3.7141238342971192,0.0303509104945342,-0.6514913846863344,0.027190332326324663,1.0020596271159743,0.8598334626451299,0.4747474747474616,0.5555555555554808,8.619290211185131,2.980002662162397,0.9659258262890683,-0.25881904510252063,0.0,1.0,0.00011778320234867579,0.000285672213223398,0.08499950203714945,-10.153373068874064,7,0,0.02777777777774269,0.46058620704554154,,,,LONDON,45.0,2.980002662162397,25.1629821204062,0.6574614976102048,-0.440986941037294,25.1629821204062,0.6574614976102048,2.892376681613655,0.13522628592200658,CORE,CORE_GATE,M1_OHLC,2,4,V15_Q2,MEDIUM,1,A,15
XAUUSD,A_OB_RETEST_SEQUENCE,V15_QUALITY_PRESERVING_EXPANDED,A_OB_RETEST_SEQUENCE|BUY|2020-05-04T15:11:00+00:00,2020-05-04 15:11:00+00:00,2020-05-04 15:12:00+00:00,BUY,UTC_12_17,0.4778920476265559,9.0,1.7945334033322602,1.3166413557057042,0.7336956521738962,0.9009900990099902,1.3361471535679945,,1.3361471535679945,1.3361471535679945,1.0,35.036496350369084,0.5364094412134268,3.1794450515562023,1.3361471535679945,,1,1,2,0.07802319144916121,0.4830508474575471,8.0,2.35554858204122,0.3636081703820071,2.02197802197775,0.8939641109298154,9.0,0.03901159572458061,0.03901159572458061,0.0,0.43764429972711466,1.032642525430335,0.31904567969111325,61.69282126419384,0.20520659379531025,0.07267395551795275,0.1325326382773575,15.192840362918389,28.989534924039276,15.690265012923046,94.88491048593797,0.9642054818059401,3.3983472060191784,0.000600213734647026,0.001429986344802625,0.001130757783480263,0.0007760223728714433,0.0016970961775766291,1.8823094937125664,1.2922591083779522,1.9700855840930946,1.3166413557057042,0.09900990099000985,0.23267326732686083,1.682366987583472,1.931629243777882,2.5631676318825245,0.24926225619441017,0.6315383881046426,0.2421554250000582,0.10583533633415977,2.088817660362855,2.816888743847453,1.405331822275909,3.5890668066645204,4.1693642930684325,14.805469725037788,0.19741080458497753,0.8575394438629917,0.1035781544256149,1.0530203938540539,1.4014183978204555,0.8608187134502359,0.8601126416988635,0.5510387896102554,4.8374378698524305,-0.7071067811865471,-0.7071067811865479,0.0,1.0,0.001130757783480263,0.0007760223728714433,0.1325326382773575,13.29926991111623,15,0,0.4671532846714771,0.6903285553635523,,,,LONDON_NY_OVERLAP,191.0,3.1794450515562023,20.95410335358432,0.7775191994414711,10.094250393744323,9.182354343681476,1.7742963356346246,1.4662576687116522,0.5943826425397194,CORE,CORE_GATE,M1_OHLC,4,4,V15_Q2,VERY_HIGH,1,A,15
XAUUSD,C_DISPLACEMENT_MID_RETEST,V15_QUALITY_PRESERVING_EXPANDED,C_DISPLACEMENT_MID_RETEST|BUY|2020-05-04T20:01:00+00:00,2020-05-04 20:01:00+00:00,2020-05-04 20:02:00+00:00,BUY,UTC_18_23,0.5705492911624535,7.0,1.5656934036554837,0.33171470416434345,0.2118644067796904,0.9137931034483434,0.07961152899937002,0.35161758641403507,0.6766979964949469,0.4999999999998028,2.0,100.0,1.6606766959864874,2.2755628705672875,0.07961152899937002,,1,1,2,0.15922305799904174,0.8363636363637716,5.0,2.5197430549611046,0.21577910139166534,1.9831932773101792,0.7669902912620785,7.0,0.006634294083129989,0.10614870533249336,0.8823529411789882,0.10816794849008272,0.42108477939765554,0.04286690417744045,58.2236524932356,0.055257373314134384,-0.03882147592030153,0.09407884923443591,13.28259637925392,26.018126243902493,16.27339449617323,70.43121149897152,0.9524367124182176,2.0198935782382916,0.00028141351664290326,0.0004896441723545308,0.0006891576440779534,0.00019638648860942354,0.0006069954020830881,1.5590591095723538,0.44449770357996676,0.7695781136611802,0.33171470416434345,0.08620689655165654,0.4827586206896687,0.8758325296951467,0.8771362352503921,1.1986714523460171,0.0013037055552454178,0.321535217095625,0.19656393212670126,-0.040168064546814354,0.7663370931180298,-1.1482402511171779,0.9211370195290804,3.2309012185606325,3.2309012185606325,8.848433632676496,0.121070794200692,1.8849780679444237,0.14791851195744518,0.7463817241587126,0.8527399449506498,1.0,0.6234031894465477,1.7182821675710938,2.341905811400397,-0.8660254037844386,0.5000000000000001,0.0,1.0,0.0006891576440779534,0.00019638648860942354,0.09407884923443591,9.744731747729265,20,0,,,,,0.533898305084527,NEW_YORK,481.0,2.2755628705672875,28.50756167588354,0.6567372585524769,10.289790123177776,12.492375758829125,1.4986723313860812,4.30029154518971,1.7285719672687505,CORE,CORE_GATE,M1_OHLC,2,4,V15_Q2,MEDIUM,1,C,15
XAUUSD,A_OB_RETEST_SEQUENCE,V15_QUALITY_PRESERVING_EXPANDED,A_OB_RETEST_SEQUENCE|BUY|2020-05-12T13:54:00+00:00,2020-05-12 13:54:00+00:00,2020-05-12 13:55:00+00:00,BUY,UTC_12_17,0.5498370684403638,7.0,0.8797393095045197,0.5773289218620383,0.6562499999996558,0.8936170212762149,1.0996741368801026,,1.1958956238573695,1.1958956238573695,2.0,17.816091954022088,1.5876545351214648,3.1478172168203176,1.0996741368801026,,1,1,2,0.5910748485733442,0.4607843137256454,5.0,2.702328966034179,0.761861419339491,0.9411764705884517,1.1910871033086265,7.0,0.08934852362161383,0.07560259691030781,-0.08333333333522815,0.3857510896456313,0.7924555892938228,0.24260207709920215,54.69577529705957,-0.20012600739823938,-0.4096047944373067,0.2094787870390673,18.359725667937585,18.587335018946263,16.342055459988586,95.41666666666154,0.9100334670744595,3.0364285157804805,0.00021717629726136778,0.0003669067704570317,0.0006665022432057466,0.00037277946718949906,-0.001075684833137025,1.5601626816988527,0.8728663461485542,0.6460585554173182,0.5773289218620383,0.1063829787237851,0.0,0.7835397963620314,0.10155558913948498,0.23858978821002566,-0.6819842072225464,0.13703419907054068,0.18501190723305305,-0.47837556116624785,-0.5860080133885979,-1.043923349820411,0.9059155693353174,3.2990224106415584,6.460585554173182,6.144688255527562,0.09877346088424777,-3.0723153725294168,0.02007434944234429,1.118677538041054,0.9744912357361944,0.5106382978723302,0.5530806737587354,4.027556526324838,3.1478172168203176,-0.2588190451025208,-0.9659258262890683,0.7818314824680298,0.6234898018587336,0.0006665022432057466,0.00037277946718949906,0.2094787870390673,2.2452795589576766,13,1,0.4712643678159838,0.13023272125453791,,,,LONDON_NY_OVERLAP,114.0,3.1478172168203176,18.261463635571545,0.7794505080918295,8.254428989958612,11.106708782493039,1.2815594059405717,1.2794759825327993,1.3285339433492567,CORE,CORE_GATE,M1_OHLC,4,4,V15_Q2,VERY_HIGH,1,A,15
XAUUSD,A_OB_RETEST_SEQUENCE,V15_QUALITY_PRESERVING_EXPANDED,A_OB_RETEST_SEQUENCE|BUY|2020-05-13T13:42:00+00:00,2020-05-13 13:42:00+00:00,2020-05-13 13:43:00+00:00,BUY,UTC_12_17,0.689841957212101,5.0,1.7132338717572753,0.3487113190303761,0.2035398230089279,0.741935483871157,0.46242153175773265,,1.8345247653336278,1.8345247653336278,4.0,4.545454545478462,0.0,2.0998485950302186,0.46242153175773265,0.20467838290875912,1,-1,1,0.2501624679999775,0.5123966942147704,1.0,2.4850929045062258,0.17750663603602593,1.7656249999998113,1.2615144418424877,5.0,0.06064544678783155,0.11371021272701179,0.3043478260862688,0.10685860997159072,0.17469346922659099,-0.018409874653336173,54.03908920775844,0.15023765094042574,0.1661668592837867,-0.01592920834336095,17.105411182033443,21.135122900667582,19.873173145072904,68.22660098521858,0.7080123033869505,1.9151020016687532,0.0001731545830203629,-8.802868561530452e-06,0.00044915189553829116,0.00035811467301472,0.00041978323920011107,1.15984416981814,0.9248430635151206,0.4700022126060392,0.3487113190303761,0.25806451612884296,0.0,0.38553874166269897,1.0383619295169089,2.017241848046149,0.6528231878542099,0.9788799185292404,0.25302535712732366,0.3884075831783598,1.7212886804687746,-0.8842316054294246,0.9891100901831354,3.077756424484864,3.5932427221821217,-0.454877655320189,0.00494846460290857,-3.4470661626941492,0.034013605442164245,1.0471185513943335,0.9999650968457721,0.8565400843881177,0.7063635520949836,1.4933941271519031,4.9350232323641015,-0.2588190451025208,-0.9659258262890683,0.9749279121818236,-0.22252093395631434,0.00044915189553829116,0.00035811467301472,-0.01592920834336095,1.261949755594678,13,2,0.24793388429747562,1.4814976930709953,,,,LONDON_NY_OVERLAP,102.0,2.0998485950302186,11.689409868365217,0.6355382619973853,2.653238296970043,9.809401017940715,0.5656877897990478,2.028880866426464,0.8143652180177584,CORE,CORE_GATE,M1_OHLC,0,4,V15_Q2,LOW,1,A,15
XAUUSD,C_DISPLACEMENT_MID_RETEST,V15_QUALITY_PRESERVING_EXPANDED,C_DISPLACEMENT_MID_RETEST|BUY|2020-05-13T13:43:00+00:00,2020-05-13 13:43:00+00:00,2020-05-13 13:44:00+00:00,BUY,UTC_12_17,0.7243222871533851,6.0,1.798866339523529,0.206949224901174,0.11504424778774239,0.8636363636373972,0.23878756719324465,,1.9262197086939834,0.5396599018571311,5.0,27.87610619467305,1.759864370215643,2.4515523565194837,0.23878756719324465,0.46165596324063496,1,-1,1,0.26266632391275013,0.5123966942147704,1.0,2.4850929045062258,0.17750663603602593,1.7656249999998113,1.2615144418424877,6.0,0.07163627015779242,0.06367668458486524,-0.058823529410505955,0.10685860997159072,0.17469346922659099,-0.018409874653336173,55.64323780941603,0.16596495798603428,0.16612647902423622,-0.00016152103820193942,16.304142162533676,21.800347875896176,19.376029017978208,75.86206896552497,0.8138332442906834,2.0708455011324367,9.096377587702875e-05,0.00010857157948174212,-0.0001642797214284064,0.00015846372354544336,0.0005107852001455804,-0.4457367920940567,0.42981762094820236,0.35022176521675885,0.206949224901174,0.13636363636260285,0.2727272727272727,0.5895032780256211,1.2845777217415175,2.3412861671209098,0.6950744437158964,1.056708445379392,0.197919060968045,0.3834005464661642,1.8583935934919211,-1.1545935608619677,0.9434835580692303,3.231591742684445,3.7728435616565235,1.6682027481736412,0.01314637612288494,-2.9090748028221505,0.02918586789555272,1.0704799285127016,0.9523631838844648,0.8565400843881177,0.7650756733073013,1.3212912051370396,5.29312440612181,-0.2588190451025208,-0.9659258262890683,0.9749279121818236,-0.22252093395631434,-0.0001642797214284064,0.00015846372354544336,-0.00016152103820193942,2.4243188579179673,13,2,,,,,0.5309734513271132,LONDON_NY_OVERLAP,103.0,2.4515523565194837,12.273680953743996,0.6556420233463086,3.032602103357284,10.299703731611364,0.5896445131375639,1.724025974025997,0.7729140514228431,CORE,CORE_GATE,M1_OHLC,1,4,V15_Q2,LOW,2,A+C,15
XAUUSD,A_OB_RETEST_SEQUENCE,V15_QUALITY_PRESERVING_EXPANDED,A_OB_RETEST_SEQUENCE|BUY|2020-05-18T11:06:00+00:00,2020-05-18 11:06:00+00:00,2020-05-18 11:07:00+00:00,BUY,UTC_06_11,0.860982004170627,7.0,1.8982280406912966,1.9389043558489276,1.0214285714285505,0.9862068965517371,0.6779385859611333,,0.05423508687684134,0.05423508687684134,4.0,100.0,1.8507723396739062,3.179531968157752,0.6779385859611333,,1,1,2,0.30507236368269497,0.5632183908044175,3.0,4.0504293025871725,1.1650848766130322,2.616822429906868,1.1011235955054615,7.0,0.29151359196317633,0.9355552486264379,0.5248618784532053,0.3197759482164586,1.7756101762447098,0.29205165195549515,60.90929265963123,0.4285575648111717,0.41853905755837445,0.010018507252797237,20.626010841830904,28.82678665320578,23.217640050904475,84.35251798561332,0.9684658192234115,2.7553665917607,0.0008029917828120681,2.8351582301855416e-06,0.0005503218247990826,0.0006837383750291082,0.0014679242925854652,1.3152008567646356,1.633831992166541,1.9660218992873482,1.9389043558489276,0.013793103448262884,0.0,1.3980978376980966,2.188534667860035,2.81715194226802,0.7904368301619382,0.6286172744079852,0.5569810648033743,0.5556457234738434,3.2355954175794412,1.7794763189160303,1.0064997173706975,3.769338537943864,4.508291596641598,-6.446434581833223,-0.060465084279029746,-2.7781101947210054,0.19785378940308732,0.8053393182056366,0.869739872443795,0.8360902255638901,0.40674981658111414,0.589806569786112,5.592993334179658,0.258819045102521,-0.9659258262890682,0.0,1.0,0.0005503218247990826,0.0006837383750291082,0.010018507252797237,5.609146602301305,11,0,0.75,0.71938126609658,,,,LONDON,246.0,3.179531968157752,28.907301305382948,0.9378517823639758,21.707593522475477,27.625997377916182,0.9813496932515395,0.16204690831551272,0.704692641547874,CORE,CORE_GATE,M1_OHLC,4,4,V15_Q2,VERY_HIGH,1,A,15
XAUUSD,A_OB_RETEST_SEQUENCE,V15_QUALITY_PRESERVING_EXPANDED,A_OB_RETEST_SEQUENCE|BUY|2020-05-19T16:22:00+00:00,2020-05-19 16:22:00+00:00,2020-05-19 16:23:00+00:00,BUY,UTC_12_17,0.7013771799845238,6.0,1.0260146175773386,0.6893535711848912,0.6718750000001138,0.8625954198472978,0.39277122079115834,,0.5290387871883921,0.5290387871883921,2.0,100.0,2.019966278355414,2.645193935941596,0.39277122079115834,0.2324564367948416,1,-1,1,0.4609050039898664,0.5513307984791296,4.0,2.859478741123899,0.5832364571129323,1.1277533039646297,1.1555215896064472,6.0,0.032062956799263354,0.35670039439207823,0.8350515463918686,0.010614665380180365,0.26523013380996713,-0.002751015327865968,56.83644759929854,0.42807818714800305,0.4007866315352017,0.027291555612801333,15.362964238661075,16.785428886549987,13.904920677070336,72.44785949505837,0.7765148290091719,2.516923083360385,0.00047818497116480785,0.000385969157031818,0.0006050094784817439,0.00014398350524968961,0.0018750252407244705,0.8416526159813921,0.20039347999557822,1.0500618351769684,0.6893535711848912,0.13740458015270224,0.20610687022896657,0.7666223515991455,1.3291891067463897,1.7147048359463275,0.5625667551472442,0.3855157291999377,0.34047157969139363,0.3470312265281341,1.7917781818406129,-0.5068127021646983,1.2333125513857366,3.0059021999336735,3.683232162318932,2.0324422247135416,0.07002091873686439,-0.7473034637897769,0.07210031347961131,1.2208646939600953,1.3913478396674384,0.8161044613710103,0.6006105103195204,1.0059752695778903,4.484806082301063,-0.8660254037844384,-0.5000000000000004,0.7818314824680298,0.6234898018587336,0.0006050094784817439,0.00014398350524968961,0.027291555612801333,2.8805082094796504,16,1,0.3333333333336778,0.03240202539514244,,,,NEW_YORK,262.0,2.645193935941596,11.795160232539851,0.738702004757036,3.28645307192741,7.134007887842658,0.5679775280898635,1.1651515151516083,1.9251580109019162,CORE,CORE_GATE,M1_OHLC,3,4,V15_Q2,HIGH,1,A,15
XAUUSD,C_DISPLACEMENT_MID_RETEST,V15_QUALITY_PRESERVING_EXPANDED,C_DISPLACEMENT_MID_RETEST|BUY|2020-05-19T16:22:00+00:00,2020-05-19 16:22:00+00:00,2020-05-19 16:23:00+00:00,BUY,UTC_12_17,0.7013771799845238,6.0,1.0260146175773386,0.6893535711848912,0.6718750000001138,0.8625954198472978,0.39277122079115834,,0.5290387871883921,0.499999999999844,2.0,100.0,2.242894891144991,2.645193935941596,0.39277122079115834,0.2324564367948416,1,-1,1,0.4609050039898664,0.5513307984791296,4.0,2.859478741123899,0.5832364571129323,1.1277533039646297,1.1555215896064472,6.0,0.032062956799263354,0.35670039439207823,0.8350515463918686,0.010614665380180365,0.26523013380996713,-0.002751015327865968,56.83644759929854,0.42807818714800305,0.4007866315352017,0.027291555612801333,15.362964238661075,16.785428886549987,13.904920677070336,72.44785949505837,0.7765148290091719,2.516923083360385,0.00047818497116480785,0.000385969157031818,0.0006050094784817439,0.00014398350524968961,0.0018750252407244705,0.8416526159813921,0.20039347999557822,1.0500618351769684,0.6893535711848912,0.13740458015270224,0.20610687022896657,0.7666223515991455,1.3291891067463897,1.7147048359463275,0.5625667551472442,0.3855157291999377,0.34047157969139363,0.3470312265281341,1.7917781818406129,-0.5068127021646983,1.2333125513857366,3.0059021999336735,3.683232162318932,2.0324422247135416,0.07002091873686439,-0.7473034637897769,0.07210031347961131,1.2208646939600953,1.3913478396674384,0.8161044613710103,0.6006105103195204,1.0059752695778903,4.484806082301063,-0.8660254037844384,-0.5000000000000004,0.7818314824680298,0.6234898018587336,0.0006050094784817439,0.00014398350524968961,0.027291555612801333,2.8805082094796504,16,1,,,,,0.7031249999999084,NEW_YORK,262.0,2.645193935941596,11.795160232539851,0.738702004757036,3.28645307192741,7.134007887842658,0.5679775280898635,1.1651515151516083,1.9251580109019162,CORE,CORE_GATE,M1_OHLC,3,4,V15_Q2,HIGH,2,A+C,15
XAUUSD,A_OB_RETEST_SEQUENCE,V15_QUALITY_PRESERVING_EXPANDED,A_OB_RETEST_SEQUENCE|BUY|2020-05-19T21:45:00+00:00,2020-05-19 21:45:00+00:00,2020-05-19 21:46:00+00:00,BUY,UTC_18_23,0.7300827516615659,11.0,2.56003042790408,0.36030057874218346,0.14074074074079065,0.7142857142858469,0.29392941950049734,,0.8912698526778285,0.8912698526778285,4.0,100.0,1.213644054710354,1.763576517000828,0.29392941950049734,,1,1,2,0.7300827516619971,0.1666666666667569,7.0,3.2831876732528613,1.2359126011378028,3.5526315789471714,0.6718750000000542,11.0,0.29392941950049734,0.9102330410326576,0.5118110236215848,1.3442887775387804,0.9320733557208523,0.6384305389825627,49.68008845111378,0.09782672806022674,0.16470708613849513,-0.06688035807826839,23.54823850145131,17.60720242560563,24.96965930611817,53.44827586207234,0.36459201550241804,4.3343875308377955,6.305405165285549e-05,-0.0004268387008060648,0.0001547832318165021,-0.0005356385843100497,0.0005017863594396488,0.5120060855808161,-1.773058111178027,0.9291962293870555,0.36030057874218346,0.28571428571415314,0.32653061224474644,-0.20468345741987629,0.7352376063713936,4.35500639672535,0.9399210637912698,3.619768790353956,0.19518136705073455,0.45130677339914993,1.03168827313935,-0.22891566265065894,1.2300308941132028,2.56003042790408,4.636499552759803,-10.418490066409795,-0.03703718202925768,-2.680714266225209,0.12694512694516039,1.3768670748152632,1.135708872853144,0.5521472392637808,0.40088593576956305,2.8729230357589755,5.1105792616313925,-0.7071067811865477,0.7071067811865474,0.7818314824680298,0.6234898018587336,0.0001547832318165021,-0.0005356385843100497,-0.06688035807826839,-7.362456880512539,21,1,0.38297872340436856,0.39624678815127395,,,,ASIA,45.0,1.763576517000828,38.81764656237003,0.9259892525647344,23.10664501038013,16.877237635813394,1.4764044943819932,1.6290322580642678,0.6607000897550968,CORE,CORE_GATE,M1_OHLC,1,4,V15_Q2,LOW,1,A,15
XAUUSD,C_DISPLACEMENT_MID_RETEST,V15_QUALITY_PRESERVING_EXPANDED,C_DISPLACEMENT_MID_RETEST|BUY|2020-05-20T09:16:00+00:00,2020-05-20 09:16:00+00:00,2020-05-20 09:17:00+00:00,BUY,UTC_06_11,0.7288122456146887,15.0,1.495983030472669,0.24933050507856008,0.1666666666665209,0.740740740740117,0.09589634810670242,,1.0548598291793956,0.500000000000339,7.0,71.09719658351256,0.3637366278855169,0.8918360373966061,0.09589634810670242,,-1,1,1,0.6904537063718332,0.3853211009171901,8.0,1.06791511034028,0.4347940092098621,1.1304347826085668,0.7034482758620565,15.0,0.42194393167228156,0.028768904431923505,-0.8723404255330678,0.028566195604782033,1.1624517884506398,-0.023470381154699592,49.61723161173912,-0.041724804128762116,-0.05436420518531857,0.012639401056556455,24.857869171823054,14.931916551685331,24.195889975024286,81.87702265370959,0.5279786107703327,2.9647769788542533,5.15006723698086e-05,-6.293806322421602e-05,3.4333192185709294e-05,-0.00015733030496334344,-0.0005318631796268347,0.1150756177285662,-0.5274299145899158,0.517840279778984,0.24933050507856008,0.2592592592598831,0.2592592592590409,-0.02075896488197949,-0.05452377307366893,-0.48668120988535046,-0.033764808191689435,-0.43215743681168156,-0.003494589986897989,-0.0516927838372192,0.21899601499161872,-1.3761990861728228,1.1512470801193087,2.06177148430544,6.309979705455382,-1.411715008211388,0.0030172313509482865,-0.7548658722424619,0.06336088154276047,1.564914937332802,1.6155946759001403,0.3267477203647591,0.5315139701099422,3.3563721837529,2.9536075217024824,0.7071067811865476,-0.7071067811865475,0.9749279121818236,-0.22252093395631434,3.4333192185709294e-05,-0.00015733030496334344,0.012639401056556455,-9.263973423338955,9,2,,,,,0.6282051282051618,LONDON,136.0,0.8918360373966061,14.346093676841003,0.5441176470587833,6.463413862426804,14.346093676841003,0.5441176470587833,7.333333333338875,0.44701601833669374,CORE,CORE_GATE,M1_OHLC,0,4,V15_Q2,LOW,1,C,15
XAUUSD,C_DISPLACEMENT_MID_RETEST,V15_QUALITY_PRESERVING_EXPANDED,C_DISPLACEMENT_MID_RETEST|BUY|2020-05-21T15:03:00+00:00,2020-05-21 15:03:00+00:00,2020-05-21 15:04:00+00:00,BUY,UTC_12_17,0.6499616312045925,7.0,1.8435275357796244,0.8390413784638757,0.45512820512824437,1.0,0.19498848936127025,,0.5790567259820925,0.5530582607337261,3.0,100.0,0.8579493531896428,1.6308128201129306,0.19498848936127025,3.3857092243646316,1,-1,1,0.1654447788518729,0.7040816326531039,4.0,2.0729253943817008,0.1890020212521589,2.2285714285712057,0.8968152866241517,7.0,0.17135352095385983,0.18317100515783374,0.03333333333404073,0.08398612990637709,1.3078524466227803,-0.07237134375537413,53.308699493253464,0.028345640999532407,0.06833554069226519,-0.03998989969273278,20.250866086174888,20.79074936657707,22.55779377313514,65.416666666671,0.5494956526036436,3.5515256044408576,0.00043187092241869784,-0.00018415146457939624,0.0007027002119621706,0.00029939085476082816,0.0006047237564288377,1.4417330728536473,0.6145091785932081,0.8390413784638757,0.8390413784638757,0.0,0.0,0.416086197661521,0.9825721262499587,2.4089830319562147,0.5664859285884377,1.4264109057062562,0.04207520340629228,0.1578977611256341,1.1176719248616334,-0.9895229538321073,1.1601590046116417,2.8361962088919364,4.153845697606276,-3.3982714226428428,0.09099450001099413,-2.8841449353983677,0.061657032755291136,1.4500137432023754,1.4021592257153221,0.6827880512091102,0.4166666666667309,2.2985006776226777,4.8688034919311125,-0.7071067811865471,-0.7071067811865479,0.43388373911755823,-0.900968867902419,0.0007027002119621706,0.00029939085476082816,-0.03998989969273278,-1.7670444065580675,15,3,,,,,0.4615384615380579,LONDON_NY_OVERLAP,183.0,1.6308128201129306,21.082391819429436,0.34949551569507153,-11.988837724669814,13.099681239819178,-0.046910239061793424,8.40942028985442,1.1960453638234338,CORE,CORE_GATE,M1_OHLC,3,4,V15_Q2,HIGH,1,C,15
XAUUSD,A_OB_RETEST_SEQUENCE,V15_QUALITY_PRESERVING_EXPANDED,A_OB_RETEST_SEQUENCE|BUY|2020-05-22T08:39:00+00:00,2020-05-22 08:39:00+00:00,2020-05-22 08:40:00+00:00,BUY,UTC_06_11,0.5712149100762414,7.0,1.5504404702074182,0.37536979805022874,0.2421052631579023,0.9464285714282089,0.987385773132075,,1.011866412135512,1.011866412135512,2.0,0.8064516128840019,1.346435145179765,3.215123922429639,0.987385773132075,2.92135625439062,1,-1,1,0.048961278006874255,0.35416666666680485,5.0,2.8414429440585183,0.5994951876196649,1.596638655462188,0.9033232628398659,7.0,0.057121491008143656,1.6810038782243888,0.9342723004689062,0.24439299416249946,0.40717638942604983,-0.09251873690986856,67.75819225138737,0.4662959422421409,0.373071953752805,0.09322398848933588,31.694778548713792,28.527344394318604,10.974178711542208,89.91596638654515,0.9892604215173999,3.334066086643325,0.00012143606824710496,0.0005698483682665678,0.0007956531299546654,0.000621948115063109,0.0015345727662554598,2.2440585752997317,1.754445795234329,0.9139438561221347,0.37536979805022874,0.05357142857179109,0.5357142857138507,1.846668887739967,2.898602325891993,3.9295643893084256,1.0519334381520258,1.030962063416433,0.7851500900770795,0.6663288983220084,2.8221949347441404,0.9216629236001244,1.44890691525419,3.884261388519629,5.4755029237322805,8.980173840290512,0.10567582353052479,3.2888347919610474,0.32262382864791417,1.4841659923048247,1.476219432196977,0.7093889716840823,0.6720551378444904,0.39169022405276754,5.956955490796785,0.8660254037844387,-0.4999999999999998,-0.433883739117558,-0.9009688679024191,0.0007956531299546654,0.000621948115063109,0.09322398848933588,17.553165682776395,8,4,0.37096774193544246,0.37776409082861506,,,,LONDON,99.0,3.215123922429639,9.996260926336822,0.8383673469387369,4.071946287544372,9.996260926336822,0.8383673469387369,0.5025380710661609,0.6165956857981888,CORE,CORE_GATE,M1_OHLC,1,4,V15_Q2,LOW,1,A,15
XAUUSD,C_DISPLACEMENT_MID_RETEST,V15_QUALITY_PRESERVING_EXPANDED,C_DISPLACEMENT_MID_RETEST|BUY|2020-05-22T09:37:00+00:00,2020-05-22 09:37:00+00:00,2020-05-22 09:38:00+00:00,BUY,UTC_06_11,0.5292740592397902,6.0,1.6992482954539299,0.6546284416914862,0.3852459016394726,1.0,0.0,0.013928264716503224,1.434611265833718,0.5097744886360522,3.0,100.0,2.2661286694285954,2.9945769141191323,0.0,,1,1,2,0.5710588533899332,0.0,3.0,3.402986570299275,0.3796720553639317,3.0886075949357177,1.2293906810035982,6.0,0.7590904270671605,1.5808580453608023,0.3511904761906849,1.0822623568492071,0.018764218396630904,0.014897726886105717,59.24174569703929,0.3673601223727019,0.29342820288040605,0.07393191949229583,18.428041271588576,28.010898638807273,23.08530741233376,83.80386329866734,0.883929891654468,3.379309312910951,0.000248212007688986,-0.00015579110144303687,0.0006120940546034959,0.0007710144760133542,0.0006438741009584525,1.4763960599844945,1.8594233396972006,0.7799828241428653,0.6546284416914862,0.0,0.16071428571408997,1.164328048902429,2.311225063446581,5.527721143165447,1.146897014544152,3.2164960797188664,0.6016857098114919,0.6201235600677558,2.7114292704988103,-0.5119806453148115,1.0958564976889615,4.686861077214177,4.686861077214177,-4.252910941324636,0.060087351413183554,-1.1136242354044974,0.1602002503129114,1.204711209566011,1.2565877959712983,1.0,0.5382716049382926,0.7590904270671605,6.023974490030472,0.7071067811865476,-0.7071067811865475,-0.433883739117558,-0.9009688679024191,0.0006120940546034959,0.0007710144760133542,0.07393191949229583,4.925591226473514,9,4,,,,,0.44262295081954994,LONDON,157.0,2.9945769141191323,12.514545848073936,0.9393433500278406,8.078393535763151,8.531062139059957,1.3779591836734784,0.2534883720929406,0.7923137786820391,CORE,CORE_GATE,M1_OHLC,3,4,V15_Q2,HIGH,1,C,15
XAUUSD,B_FVG_RETEST_SEQUENCE,V15_QUALITY_PRESERVING_EXPANDED,B_FVG_RETEST_SEQUENCE|BUY|2020-05-22T09:44:00+00:00,2020-05-22 09:44:00+00:00,2020-05-22 09:45:00+00:00,BUY,UTC_06_11,0.5287186344430432,13.0,1.6974650895275318,1.3635375309316926,0.8032786885244374,0.9423076923075367,0.11130918619871857,0.013913648274483917,1.433105772305694,0.013913648274483917,10.0,100.0,1.6557241447028146,2.880125192886188,0.11130918619871857,,1,1,2,0.5704595792671276,0.0,3.0,3.402986570299275,0.3796720553639317,3.0886075949357177,1.2293906810035982,13.0,0.11130918619871857,1.4678898929928528,0.8590308370041599,1.1999227225946794,0.1444130192556961,0.11955720127518281,55.33425166074296,0.30282263182152747,0.3522070321729638,-0.04938440035143632,16.140406064030408,23.940856680016175,24.0883985689935,70.89041095890016,0.6711858502878961,3.929792637391381,0.0005543429303951353,-0.000106755918461654,-0.0002538686114540445,0.0008722122421631617,0.00041569958776466187,-0.6122005240915285,2.10096088949674,1.4470194205808105,1.3635375309316926,0.05769230769246325,0.0,0.5974514781618269,1.6856154716488703,5.050018161412224,1.0881639934870435,3.364402689763353,0.17166910155259135,0.7908030506315648,1.8257262450045604,1.453160035909037,1.0664009603536482,2.671420468764184,4.994999730658044,-3.4058869708740858,-0.11494522719625727,-3.0507036624576926,0.10259067357513192,1.1389449521033268,1.2264983639739975,0.5348189415041769,0.39709682597005075,1.182660103359289,5.906343692658254,0.7071067811865476,-0.7071067811865475,-0.433883739117558,-0.9009688679024191,-0.0002538686114540445,0.0008722122421631617,-0.04938440035143632,-0.1475418889773259,9,4,,,0.008196721311279872,1.0,,LONDON,164.0,2.880125192886188,12.81447006110276,0.9077090119435252,7.958606813193034,8.52210956832292,1.3648979591836572,0.41062801932375004,0.7909431239005908,CORE,CORE_GATE,M1_OHLC,4,4,V15_Q2,VERY_HIGH,2,B+C,15
XAUUSD,A_OB_RETEST_SEQUENCE,V15_QUALITY_PRESERVING_EXPANDED,A_OB_RETEST_SEQUENCE|BUY|2020-05-22T10:49:00+00:00,2020-05-22 10:49:00+00:00,2020-05-22 10:50:00+00:00,BUY,UTC_06_11,0.5918628858838603,6.0,1.235192109671428,0.5661297169325916,0.4583333333332149,0.9583333333333728,0.5661297169325916,,0.6175960548359091,0.6175960548359091,2.0,45.83333333330702,1.3381247854768927,2.8563817536150067,0.5661297169325916,,1,1,2,0.5575519939489654,0.0,4.0,2.561396873089761,0.2817536560398116,1.7560975609758127,1.4101562500000224,6.0,0.36026436532088196,1.2266143866878019,0.5459459459459566,1.7999808884769304,0.6579418364440717,0.5462984320158761,58.63076375438922,0.04730512614150939,-0.08485153477400444,0.1321566609155138,16.08889440465161,21.52476900470595,18.811995976869518,98.78296146044731,0.9242722896161502,3.3995718198704403,0.0002016895824448195,0.00041787586493091666,0.00030544733626891585,0.0003371553882907108,-0.00015841333206612074,0.9092386362862211,1.0035935891080596,1.235192109671428,0.5661297169325916,0.04166666666662719,0.5000000000001579,1.180808141419948,1.5919327478271046,6.520736094014094,0.41112460640715665,4.928803346186989,0.3568218342447032,0.09443751535148023,0.8254839196067346,-0.6663129336511868,0.902856516587258,4.228817431027575,6.7077793733540565,7.2952905612004315,0.09868115518280113,-1.0604044029209945,0.18665464382329947,0.7506379848759795,0.8616179257302158,0.6304347826086982,0.6981481481483254,2.5304282802294096,5.712763507230013,0.49999999999999994,-0.8660254037844387,-0.433883739117558,-0.9009688679024191,0.00030544733626891585,0.0003371553882907108,0.1321566609155138,2.7127730278364304,10,4,0.7222222222219415,0.6403492182728286,,,,LONDON,229.0,2.8563817536150067,21.933237669650595,0.8846304262808036,14.873771653959674,10.50771065519057,1.846530612244889,0.8858858858858506,0.9154270570532352,CORE,CORE_GATE,M1_OHLC,4,4,V15_Q2,VERY_HIGH,1,A,15
XAUUSD,C_DISPLACEMENT_MID_RETEST,V15_QUALITY_PRESERVING_EXPANDED,C_DISPLACEMENT_MID_RETEST|BUY|2020-05-22T10:53:00+00:00,2020-05-22 10:53:00+00:00,2020-05-22 10:54:00+00:00,BUY,UTC_06_11,0.62580105922629,10.0,1.3060196018643688,0.3809223838771591,0.29166666666670615,0.5853658536584418,0.33557448103448306,,0.6530098009323906,0.499999999999883,6.0,35.48867109032376,1.9992559809882124,2.757152492824641,0.33557448103448306,,1,1,2,0.5895227369527266,0.0,4.0,2.561396873089761,0.2817536560398116,1.7560975609758127,1.4101562500000224,10.0,0.6439402203636905,1.0339321848095497,0.23243243243254402,1.7999808884769304,0.6579418364440717,0.5462984320158761,55.84710423210913,0.14154991730015354,0.03970872163234298,0.10184119566781055,13.657581977414916,18.943446734105724,17.70560029227969,85.92870544090037,0.7599589517905744,4.134288471180256,0.000121014098142469,-9.21815631111933e-05,0.00011813246971770219,0.0005015348696442157,-0.0002390608078527423,0.37185280330845893,1.5781070189196003,0.7437056066173303,0.3809223838771591,0.4146341463415581,0.07317073170723591,0.6649533231559152,1.210833919717795,6.37157075269885,0.5458805965618798,5.160736832981055,0.4519688896517147,0.46316972946756935,0.369951342980821,-1.0832222040280894,0.8805548753708533,2.1948384975776025,5.378261277121254,-2.9368257027610483,-0.04332668908478579,-2.1620337455375562,0.06417112299468405,0.6658050068818296,0.8292020158790828,0.4080944350759401,0.3766604127578164,2.9385441041945204,4.15386790037395,0.49999999999999994,-0.8660254037844387,-0.433883739117558,-0.9009688679024191,0.00011813246971770219,0.0005015348696442157,0.10184119566781055,1.2378464418260329,10,4,,,,,0.22222222222169585,LONDON,233.0,2.757152492824641,23.190917513659905,0.8732890105592562,15.463634869296445,11.110236196415217,1.822857142857137,1.0657894736841516,0.9303509021380408,CORE,CORE_GATE,M1_OHLC,1,4,V15_Q2,LOW,2,A+C,15
XAUUSD,A_OB_RETEST_SEQUENCE,V15_QUALITY_PRESERVING_EXPANDED,A_OB_RETEST_SEQUENCE|BUY|2020-05-26T08:41:00+00:00,2020-05-26 08:41:00+00:00,2020-05-26 08:42:00+00:00,BUY,UTC_06_11,0.5948616225658226,3.0,1.092204946350472,0.526598813419223,0.4821428571430819,0.8478260869570913,0.1755329378065555,0.30230672622141563,1.2872415439128186,1.2872415439128186,2.0,36.36363636363323,0.1852847676844511,1.7650812079412332,0.1755329378065555,,1,1,2,0.32181038597853723,0.3166666666668056,1.0,1.7047818909012407,0.15238273885137205,1.1546391752580558,0.9643947100713584,3.0,0.15602927804987735,0.12677378841574707,-0.10344827586120381,0.45766502341664944,0.8730418316483698,0.30097416653839193,60.61863322423886,0.29035868556047717,0.27848482467361624,0.011873860886860932,16.429196805360853,22.376817486848275,15.152307016468042,78.31325301205172,0.7967609888582496,3.741212198733465,0.00019323615765776125,0.00025093306720958,0.00042117773989103213,0.000701197518395702,0.0011085162337005627,1.4237671622064612,2.3696946603849516,0.8971683487872383,0.526598813419223,0.15217391304290875,0.26086956521726234,1.1175324267920763,1.6648169977589033,2.034646994888034,0.547284570966827,0.36982999712913067,0.3889753207950201,0.4681402915982532,2.463086937415602,0.2966244787395265,0.9892687495269231,2.4282056396536555,4.6808783415007555,3.6819204811079302,0.029659135963191918,0.7024141160199697,0.3115384615385633,1.0704167949723002,1.2349280536425937,0.5187500000000296,0.5689037014597097,0.5265988134187796,6.592236997613527,0.8660254037844387,-0.4999999999999998,0.7818314824680298,0.6234898018587336,0.00042117773989103213,0.000701197518395702,0.011873860886860932,7.224510470380233,8,1,0.8787878787876595,0.7428658519008718,,,,LONDON,101.0,1.7650812079412332,18.947805453199496,0.8373648996397423,14.647248476945984,18.947805453199496,0.8373648996397423,1.745856353590694,0.7525893544621346,CORE,CORE_GATE,M1_OHLC,3,4,V15_Q2,HIGH,1,A,15
XAUUSD,C_DISPLACEMENT_MID_RETEST,V15_QUALITY_PRESERVING_EXPANDED,C_DISPLACEMENT_MID_RETEST|BUY|2020-05-26T08:41:00+00:00,2020-05-26 08:41:00+00:00,2020-05-26 08:42:00+00:00,BUY,UTC_06_11,0.5948616225658226,3.0,1.092204946350472,0.526598813419223,0.4821428571430819,0.8478260869570913,0.1755329378065555,0.30230672622141563,1.2872415439128186,0.5000000000004232,2.0,100.0,1.1835189920845888,1.7650812079412332,0.1755329378065555,,1,1,2,0.32181038597853723,0.3166666666668056,1.0,1.7047818909012407,0.15238273885137205,1.1546391752580558,0.9643947100713584,3.0,0.15602927804987735,0.12677378841574707,-0.10344827586120381,0.45766502341664944,0.8730418316483698,0.30097416653839193,60.61863322423886,0.29035868556047717,0.27848482467361624,0.011873860886860932,16.429196805360853,22.376817486848275,15.152307016468042,78.31325301205172,0.7967609888582496,3.741212198733465,0.00019323615765776125,0.00025093306720958,0.00042117773989103213,0.000701197518395702,0.0011085162337005627,1.4237671622064612,2.3696946603849516,0.8971683487872383,0.526598813419223,0.15217391304290875,0.26086956521726234,1.1175324267920763,1.6648169977589033,2.034646994888034,0.547284570966827,0.36982999712913067,0.3889753207950201,0.4681402915982532,2.463086937415602,0.2966244787395265,0.9892687495269231,2.4282056396536555,4.6808783415007555,3.6819204811079302,0.029659135963191918,0.7024141160199697,0.3115384615385633,1.0704167949723002,1.2349280536425937,0.5187500000000296,0.5689037014597097,0.5265988134187796,6.592236997613527,0.8660254037844387,-0.4999999999999998,0.7818314824680298,0.6234898018587336,0.00042117773989103213,0.000701197518395702,0.011873860886860932,7.224510470380233,8,1,,,,,0.3928571428570704,LONDON,101.0,1.7650812079412332,18.947805453199496,0.8373648996397423,14.647248476945984,18.947805453199496,0.8373648996397423,1.745856353590694,0.7525893544621346,CORE,CORE_GATE,M1_OHLC,3,4,V15_Q2,HIGH,2,A+C,15
XAUUSD,A_OB_RETEST_SEQUENCE,V15_QUALITY_PRESERVING_EXPANDED,A_OB_RETEST_SEQUENCE|BUY|2020-05-28T14:39:00+00:00,2020-05-28 14:39:00+00:00,2020-05-28 14:40:00+00:00,BUY,UTC_12_17,1.0006494019280059,8.0,1.0280644540355968,0.9869418758742103,0.9600000000000364,0.9680851063830019,0.01370752605379549,0.1781978386993414,1.165139714574175,1.165139714574175,5.0,18.82352941176628,0.027415052107902654,2.1657891165015575,0.01370752605379549,,1,1,2,0.041122578161386474,0.0,3.0,2.7774962711586593,0.5180822060193979,1.2605042016808554,1.0801815431166062,8.0,0.21932041686103954,0.1781978386993414,-0.10344827586277192,0.9115008959362582,1.5873399808125361,0.6639163766957221,52.305570343535756,-0.1841117008029869,-0.24792627466524175,0.06381457386225486,16.15949425617181,20.63777141368026,23.2991893423527,72.39819004525386,0.7183319289438727,2.9037121737307077,0.00045852789329625665,0.0003482106326115897,-0.00020301094228991623,0.0002379176978852815,-0.0008549882040611578,-0.4797634118834655,0.5620085682062385,1.288507449057711,0.9869418758742103,0.03191489361699812,0.2021276595743214,0.44004377747735385,0.1579773687214329,1.6767367213205455,-0.2820664087559209,1.5187593525991125,-0.12247254327529083,-0.2448287799113493,-0.15169662166219045,0.8623616061995565,1.2118759411472213,3.0293632578916085,5.551548051792472,6.699663230439484,-0.0011333770006174415,-0.785362398380741,0.0011961722488028192,1.1825560122366374,1.2191061103142455,0.5456790123456635,0.7304964539008431,3.358343883183012,2.1932041686094603,-0.4999999999999997,-0.8660254037844388,0.43388373911755823,-0.900968867902419,-0.00020301094228991623,0.0002379176978852815,0.06381457386225486,-2.661417928672442,14,3,0.32941176470570926,1.6765715833676842,,,,LONDON_NY_OVERLAP,159.0,2.1932041686094603,25.38633825165231,0.8677105831533451,19.334465498895838,10.376597222732848,2.0,1.5312499999998979,0.9329902673677145,EXPANDED,RELAXED_SECOND_WITH_STRONG_COMPENSATION,M1_OHLC,4,4,V15_Q2,VERY_HIGH,1,A,15
XAUUSD,B_FVG_RETEST_SEQUENCE,V15_QUALITY_PRESERVING_EXPANDED,B_FVG_RETEST_SEQUENCE|BUY|2020-05-28T14:39:00+00:00,2020-05-28 14:39:00+00:00,2020-05-28 14:40:00+00:00,BUY,UTC_12_17,1.0006494019280059,8.0,1.0280644540355968,0.9869418758742103,0.9600000000000364,0.9680851063830019,0.01370752605379549,0.1781978386993414,1.165139714574175,0.1781978386993414,5.0,100.0,1.6174880743494262,2.1657891165015575,0.01370752605379549,,1,1,2,0.041122578161386474,0.0,3.0,2.7774962711586593,0.5180822060193979,1.2605042016808554,1.0801815431166062,8.0,0.21932041686103954,0.1781978386993414,-0.10344827586277192,0.9115008959362582,1.5873399808125361,0.6639163766957221,52.305570343535756,-0.1841117008029869,-0.24792627466524175,0.06381457386225486,16.15949425617181,20.63777141368026,23.2991893423527,72.39819004525386,0.7183319289438727,2.9037121737307077,0.00045852789329625665,0.0003482106326115897,-0.00020301094228991623,0.0002379176978852815,-0.0008549882040611578,-0.4797634118834655,0.5620085682062385,1.288507449057711,0.9869418758742103,0.03191489361699812,0.2021276595743214,0.44004377747735385,0.1579773687214329,1.6767367213205455,-0.2820664087559209,1.5187593525991125,-0.12247254327529083,-0.2448287799113493,-0.15169662166219045,0.8623616061995565,1.2118759411472213,3.0293632578916085,5.551548051792472,6.699663230439484,-0.0011333770006174415,-0.785362398380741,0.0011961722488028192,1.1825560122366374,1.2191061103142455,0.5456790123456635,0.7304964539008431,3.358343883183012,2.1932041686094603,-0.4999999999999997,-0.8660254037844388,0.43388373911755823,-0.900968867902419,-0.00020301094228991623,0.0002379176978852815,0.06381457386225486,-2.661417928672442,14,3,,,0.1733333333331757,1.0,,LONDON_NY_OVERLAP,159.0,2.1657891165015575,25.38633825165231,0.8677105831533451,19.334465498895838,10.376597222732848,2.0,1.5506329113925053,0.9329902673677145,CORE,CORE_GATE,M1_OHLC,4,4,V15_Q2,VERY_HIGH,2,A+B,15
XAUUSD,A_OB_RETEST_SEQUENCE,V15_QUALITY_PRESERVING_EXPANDED,A_OB_RETEST_SEQUENCE|BUY|2020-05-29T09:57:00+00:00,2020-05-29 09:57:00+00:00,2020-05-29 09:58:00+00:00,BUY,UTC_06_11,0.5095406849122858,7.0,0.7945380171514473,0.949991107464003,1.1956521739134411,0.9848484848484953,1.6581662966642488,,0.8981734106932819,0.8981734106932819,1.0,0.9615384615157578,2.409522899840684,4.421776791105448,1.6581662966642488,,-1,1,1,0.250452201058681,0.9318181818182171,6.0,3.5270388493641014,0.7333447112533442,0.9999999999995057,1.1488549618320676,7.0,0.15545309031216287,0.14681680751723905,-0.02857142857076045,0.06565007749622948,0.23772766038101018,-0.015297362400745945,66.37286559251555,0.3306689777948577,0.16003716766361914,0.17063181013123857,17.58674147134446,32.678121312703176,14.265213823639455,99.61089494163458,1.1104767414600505,4.259596759401169,0.00031380297241168087,0.0005114836804738232,0.0011137282270494708,0.0006743382329432723,0.0012156286806939143,3.307696310534359,2.0036176084698405,1.1399893289566465,0.949991107464003,0.015151515151504712,0.15151515151504713,2.3637146203731585,2.5488294945363537,1.9284298592446238,0.18511487416319522,-0.6203996352917298,0.8442053658701871,0.17883424713569193,3.0678136674292578,0.7878965024207066,0.8687139881996472,4.439049356695689,5.147224545896328,7.10725414292947,0.0961976037481438,3.577598878949912,0.25112107623314867,1.1268906188703658,0.9848615781704148,0.8624161073825236,0.8218725718726181,2.176343264372244,7.565383728532328,0.7071067811865476,-0.7071067811865475,-0.433883739117558,-0.9009688679024191,0.0011137282270494708,0.0006743382329432723,0.17063181013123857,18.41290748906372,9,4,0.07692307692300965,0.09603323599726324,,,,LONDON,177.0,4.421776791105448,17.76483370957807,0.8317938745746412,2.6858839492849222,16.763024905343347,0.8815043791859998,0.44921874999995626,0.7097706456905075,CORE,CORE_GATE,M1_OHLC,3,4,V15_Q2,HIGH,1,A,15
XAUUSD,A_OB_RETEST_SEQUENCE,V15_QUALITY_PRESERVING_EXPANDED,A_OB_RETEST_SEQUENCE|BUY|2020-05-29T18:21:00+00:00,2020-05-29 18:21:00+00:00,2020-05-29 18:22:00+00:00,BUY,UTC_18_23,0.6450966969882451,6.0,0.7844375835374621,0.5883281876534485,0.7500000000004488,0.9310344827586747,0.6141320555328376,,0.9186176965113644,0.9186176965113644,1.0,24.157303370774606,1.2901933939764902,3.1016249191195953,0.6141320555328376,,1,1,2,0.7689552628101103,0.23030303030308374,5.0,2.620152534518979,0.09432549124259744,0.8351648351645002,0.9580487804878633,6.0,1.3830873183429477,0.5986497348050164,-0.395833333333432,0.8632011407168877,1.1707749748945788,0.5754355490881086,57.925777216865036,0.016293297041556798,-0.1807641563305954,0.1970574533721522,20.035414892925658,20.973077241213687,17.796781299436542,97.40680713128278,0.9924746795235379,3.125441333356224,0.0002913399908848202,0.0008860847177805109,0.0007618805752198643,0.0003461654959542315,-0.0004496571364334123,1.3624442240393426,0.6192928291086215,1.1972994696100328,0.5883281876534485,0.06896551724132524,0.4396551724136444,1.1904367695138223,1.3927550606032084,3.445943266537503,0.2023182910893863,2.0531882059342945,0.2701051459549413,0.039566762243785726,1.1779405163962344,-1.0920241419141532,1.0842102206223012,3.1841972963340157,4.758233236985427,9.535895650687984,0.15657742369486838,-3.2357093686393057,0.16029822926372078,1.2275826923236397,1.1045146838040616,0.6691973969631131,0.8445328617742182,1.6566083178658322,3.385467465794517,-1.0,-1.8369701987210297e-16,-0.433883739117558,-0.9009688679024191,0.0007618805752198643,0.0003461654959542315,0.1970574533721522,3.176295941777145,18,4,0.7528089887637865,0.7493636248723421,,,,NEW_YORK,381.0,3.1016249191195953,23.3989473931577,0.9292015880017639,14.517256069023524,10.017061510833395,2.0,0.5341098169717005,2.4202883646311113,CORE,CORE_GATE,M1_OHLC,4,4,V15_Q2,VERY_HIGH,1,A,15
XAUUSD,A_OB_RETEST_SEQUENCE,V15_QUALITY_PRESERVING_EXPANDED,A_OB_RETEST_SEQUENCE|BUY|2020-06-01T10:13:00+00:00,2020-06-01 10:13:00+00:00,2020-06-01 10:14:00+00:00,BUY,UTC_06_11,1.474928308876372,9.0,1.3999319541872615,0.5666391243141893,0.40476190476211743,0.5937500000002887,0.366648845143985,,0.6666342638985335,0.6666342638985335,3.0,81.24999999998224,1.7332490861370966,2.491545561322195,0.366648845143985,,1,1,2,0.10832806788363958,0.1250000000000374,6.0,3.1578173797120366,0.21452563720868115,1.8461538461539615,0.9685767097966381,9.0,0.2166561357665213,0.19999027917020423,-0.03999999999723516,0.7208729789057393,1.6963471990479657,0.5772851859779234,51.299774863349136,-0.07907888213367187,-0.1783504713147384,0.09927158918106654,16.188938868831507,25.765770759831412,20.015995708447726,73.46437346437928,0.7073529992777815,2.7447830742062767,0.0001866255516222992,-0.0001980340101885858,0.0002612952780212119,-1.4352926992144965e-05,-0.000430408658674275,0.7582964751850981,-0.04166464149306625,1.0666148222378051,0.5666391243141893,0.40624999999971134,0.06249999999995559,0.29220183693511975,-0.2399712803686674,0.27116842229629157,-0.5321731173037871,0.511139702664959,0.15021792899405167,-0.2680678646014497,-0.5038214235377634,-0.13703987325149514,1.16522913473328,3.391501817585461,3.8581458023141693,-4.506086094663601,-0.00527739606257388,-0.7695723633409983,0.019334880123706946,1.186832174787172,1.194748190147791,0.8790496760260308,0.40051982764781896,3.058184685635247,2.491545561322195,0.49999999999999994,-0.8660254037844387,0.0,1.0,0.0002612952780212119,-1.4352926992144965e-05,0.09927158918106654,5.749775051383686,10,0,0.2749999999998437,0.8151974213928324,,,,LONDON,193.0,2.491545561322195,22.648899115959885,0.7972774098602121,10.591151867691593,16.15754797124573,1.1175863847344365,1.8428093645478378,0.8844313121644679,CORE,CORE_GATE,M1_OHLC,3,4,V15_Q2,HIGH,1,A,15
XAUUSD,C_DISPLACEMENT_MID_RETEST,V15_QUALITY_PRESERVING_EXPANDED,C_DISPLACEMENT_MID_RETEST|BUY|2020-06-01T10:13:00+00:00,2020-06-01 10:13:00+00:00,2020-06-01 10:14:00+00:00,BUY,UTC_06_11,1.474928308876372,9.0,1.3999319541872615,0.5666391243141893,0.40476190476211743,0.5937500000002887,0.366648845143985,,0.6666342638985335,0.4999999999998336,3.0,100.0,2.166549206633546,2.491545561322195,0.366648845143985,,1,1,2,0.10832806788363958,0.1250000000000374,6.0,3.1578173797120366,0.21452563720868115,1.8461538461539615,0.9685767097966381,9.0,0.2166561357665213,0.19999027917020423,-0.03999999999723516,0.7208729789057393,1.6963471990479657,0.5772851859779234,51.299774863349136,-0.07907888213367187,-0.1783504713147384,0.09927158918106654,16.188938868831507,25.765770759831412,20.015995708447726,73.46437346437928,0.7073529992777815,2.7447830742062767,0.0001866255516222992,-0.0001980340101885858,0.0002612952780212119,-1.4352926992144965e-05,-0.000430408658674275,0.7582964751850981,-0.04166464149306625,1.0666148222378051,0.5666391243141893,0.40624999999971134,0.06249999999995559,0.29220183693511975,-0.2399712803686674,0.27116842229629157,-0.5321731173037871,0.511139702664959,0.15021792899405167,-0.2680678646014497,-0.5038214235377634,-0.13703987325149514,1.16522913473328,3.391501817585461,3.8581458023141693,-4.506086094663601,-0.00527739606257388,-0.7695723633409983,0.019334880123706946,1.186832174787172,1.194748190147791,0.8790496760260308,0.40051982764781896,3.058184685635247,2.491545561322195,0.49999999999999994,-0.8660254037844387,0.0,1.0,0.0002612952780212119,-1.4352926992144965e-05,0.09927158918106654,5.749775051383686,10,0,,,,,0.8928571428569592,LONDON,193.0,2.491545561322195,22.648899115959885,0.7972774098602121,10.591151867691593,16.15754797124573,1.1175863847344365,1.8428093645478378,0.8844313121644679,CORE,CORE_GATE,M1_OHLC,3,4,V15_Q2,HIGH,2,A+C,15
XAUUSD,A_OB_RETEST_SEQUENCE,V15_QUALITY_PRESERVING_EXPANDED,A_OB_RETEST_SEQUENCE|BUY|2020-06-01T22:37:00+00:00,2020-06-01 22:37:00+00:00,2020-06-01 22:38:00+00:00,BUY,UTC_18_23,0.7887357392907159,7.0,1.156812417627579,0.34178548702657474,0.29545454545475686,0.6285714285715028,0.22347512613266843,,0.920191695840962,0.920191695840962,4.0,100.0,1.2751227785202897,1.853528987334677,0.22347512613266843,,1,1,2,0.8150269306016021,0.7540983606555482,3.0,2.25617456667356,0.19562207225450787,1.2222222222223276,1.0626702997275572,7.0,0.22347512613266843,0.21032953047812206,-0.03030303030227866,0.43593823493051287,0.21348942280650154,0.08628185544477211,57.88797358801995,0.1755884373255867,0.22564231503316934,-0.05005387770758263,14.996310785635842,15.091220692525805,15.402838673436257,73.82198952879382,0.604823350951363,0.871579557145929,3.4502488492016425e-05,2.300139445954308e-05,9.776323469790071e-05,2.587664316688887e-05,0.0002645799362133161,0.44695025226533686,0.1183103608939063,0.920191695840962,0.34178548702657474,0.37142857142849717,0.2571428571430056,0.3381767029186883,1.5710547697056825,3.4287033367302056,1.232878066786994,1.857648567024523,0.23600140922569474,0.7189753316442254,2.3866932163325485,-0.33483898145926333,0.9047679998131819,2.510808770077538,2.9840502136531635,0.281605962535842,0.005209979299588441,-3.147904273702178,0.027027027027133322,0.4440491240353045,0.8843938524764253,0.84140969162973,0.6317736027414118,0.6572797827428611,11.147465115318948,-0.5000000000000004,0.8660254037844384,0.0,1.0,9.776323469790071e-05,2.587664316688887e-05,-0.05005387770758263,-0.31161798091045156,22,0,0.4857142857139887,0.3390782585755874,,,,ASIA,97.0,1.853528987334677,46.45653504426502,0.6904357668364546,9.569993636735722,25.489309974767387,0.8375451263538045,2.234042553191462,0.9782097911101097,CORE,CORE_GATE,M1_OHLC,1,4,V15_Q2,LOW,1,A,15
XAUUSD,A_OB_RETEST_SEQUENCE,V15_QUALITY_PRESERVING_EXPANDED,A_OB_RETEST_SEQUENCE|BUY|2020-06-02T16:25:00+00:00,2020-06-02 16:25:00+00:00,2020-06-02 16:26:00+00:00,BUY,UTC_12_17,0.4526751736844443,13.0,1.4911652780205569,0.9452922744596007,0.6339285714286657,1.0,1.997096354492012,,0.6790127605272719,0.6790127605272719,5.0,100.0,2.8358768233784994,3.954250781893917,1.997096354492012,,1,1,2,0.1597677083598211,0.4406779661015251,8.0,3.9822886025301942,2.0629560629501573,1.7920000000004772,1.1647727272726804,13.0,0.6390708334374681,3.501575608209473,0.6913183279742775,0.6332333825061383,0.3300861595516349,0.17850248559717055,66.46108268775893,0.7287231046727811,0.6430005897328874,0.08572251493989369,27.235110880689707,26.070052768302155,13.980402181490879,86.36363636363578,0.8486396488436457,5.633737502769511,0.0004531388469051212,2.866750566887788e-05,-4.586459052946523e-05,0.0015388988260154335,0.0019070979082238537,-0.10651180557281043,3.5681454866921767,1.224885764088228,0.9452922744596007,0.0,0.22826086956504815,1.6219284175843,3.0388999026326373,5.15712539316221,1.416971485048337,2.1182254905295728,0.8422993950991052,1.1776102039533654,4.203630365293851,-0.5753797160799368,1.0092076941908363,3.6613433165686886,4.959455946988375,-4.861308294289756,-0.11730889427209279,0.5045922011065471,0.24553571428571852,0.8189639225159954,1.0177421110128582,0.738255033557065,0.5810945273631951,0.6390708334374681,9.71920225852773,-0.8660254037844384,-0.5000000000000004,0.7818314824680298,0.6234898018587336,-4.586459052946523e-05,0.0015388988260154335,0.08572251493989369,12.089650586811276,16,1,0.01960784313723742,1.1946865807591176,,,,NEW_YORK,265.0,3.954250781893917,13.214120878888751,0.9516372795969753,8.31457782253493,9.479550695988605,1.1025280898876446,0.16161616161617862,1.7125584218512897,EXPANDED,RELAXED_SECOND_WITH_STRONG_COMPENSATION,M1_OHLC,4,4,V15_Q2,VERY_HIGH,1,A,15
XAUUSD,C_DISPLACEMENT_MID_RETEST,V15_QUALITY_PRESERVING_EXPANDED,C_DISPLACEMENT_MID_RETEST|BUY|2020-06-11T12:59:00+00:00,2020-06-11 12:59:00+00:00,2020-06-11 13:00:00+00:00,BUY,UTC_12_17,0.9085550380202366,4.0,0.9508134118815983,0.5071004863368204,0.5333333333332997,0.5599999999999454,0.27467943009933127,0.09508134118830396,1.7537225152479503,0.4999999999996418,2.0,100.0,1.6727560106935762,2.1657416603969475,0.27467943009933127,,1,1,2,0.4437129255442975,0.5156249999999889,2.0,2.257837084453166,0.3953816092591801,1.2857142857143322,1.5587096774192994,4.0,0.31693780396069293,0.5599234536632823,0.2771084337344381,0.22611326868189013,0.6268483541530434,0.12359228221429223,55.96677432282878,0.07117372409311429,0.0024212789645347774,0.0687524451285795,15.310840337630701,23.560547740887536,17.719266429460337,86.20689655172266,0.8517302135623023,2.458452364331968,0.00012115093387188303,0.00017308174939500987,0.0003375649163301908,0.00022213247172864214,-0.0002998665017400759,1.2360574354460299,0.8134736968324131,1.0564593465350025,0.5071004863368204,0.44000000000005457,0.07999999999992724,0.8555468930785376,0.786556182682845,0.7750173479198738,-0.06899071039569263,-0.011538834762971266,0.34946299539183767,-0.03812908712741681,0.5615113482383035,-0.20711729324357045,0.8902597693115996,3.3701053154467155,5.937301527526599,2.9590367241071434,0.051366243268202834,-1.0847350145126171,0.16488730723609482,0.9833007294653388,0.8326375440572155,0.56761565836301,0.5496296296296466,2.208000034258309,4.743502465941931,1.2246467991473532e-16,-1.0,0.43388373911755823,-0.900968867902419,0.0003375649163301908,0.00022213247172864214,0.0687524451285795,5.841281311427199,12,3,,,,,0.4888888888878896,LONDON_NY_OVERLAP,59.0,2.1657416603969475,26.643904719613033,0.5487708168120542,-9.391923590696038,17.896421330303,0.3282172373081421,5.551219512194683,0.7036352198860063,CORE,CORE_GATE,M1_OHLC,3,4,V15_Q2,HIGH,1,C,15
XAUUSD,C_DISPLACEMENT_MID_RETEST,V15_QUALITY_PRESERVING_EXPANDED,C_DISPLACEMENT_MID_RETEST|BUY|2020-06-11T17:50:00+00:00,2020-06-11 17:50:00+00:00,2020-06-11 17:51:00+00:00,BUY,UTC_12_17,0.48389102300930725,10.0,1.8750777141608939,0.5746205898232373,0.3064516129030858,0.6767676767675886,0.08064850383480814,,0.9879441719773165,0.562523314248291,4.0,3.4050179211887235,1.1704114119037763,2.389211926108254,0.08064850383480814,,1,1,2,0.5141342119471312,0.25925925925920934,6.0,2.2616993030077746,0.06708430136055336,2.021739130434514,0.750000000000015,10.0,0.13105381873179245,1.8750777141608939,0.8693467336682327,1.510903824417824,0.6184171555951352,0.4989272993685426,60.32131928219307,0.42878589040901716,0.36949553829686393,0.05929035211215322,26.062543405014914,20.984144451432776,12.294499271877955,88.104089219325,0.9740168776144802,2.2920841301438024,0.0003270402001254169,5.1623709048653765e-05,0.0007864049526291605,0.0008438552128149368,0.0005451858653389152,1.3811056281722356,1.4819162579657457,0.9980252349568969,0.5746205898232373,0.3232323232324114,0.10101010101044436,1.0099838342708232,2.146295586700831,7.168560864405354,1.1363117524300077,5.022265277704523,0.4770500434782636,0.6726997787716898,2.6104323801818374,-0.41892714220810007,0.8576854746843864,2.197671729500585,2.731968067406647,-0.7110903586148609,0.013053404009554015,-0.3167421721025576,0.07604562737642433,0.8419622370089244,0.8720154491721619,0.8044280442804556,0.38827490592203,0.322594015339691,7.5960809549477535,-0.9659258262890683,-0.25881904510252063,0.43388373911755823,-0.900968867902419,0.0007864049526291605,0.0008438552128149368,0.05929035211215322,8.689645179554821,17,3,,,,,1.2223555501122974e-13,NEW_YORK,350.0,2.389211926108254,22.68239170356042,0.9857777777777705,5.489138792261557,8.538660343518105,1.4958677685950184,0.1350210970464888,1.8498345722511065,CORE,CORE_GATE,M1_OHLC,2,4,V15_Q2,MEDIUM,1,C,15
XAUUSD,C_DISPLACEMENT_MID_RETEST,V15_QUALITY_PRESERVING_EXPANDED,C_DISPLACEMENT_MID_RETEST|BUY|2020-06-19T06:12:00+00:00,2020-06-19 06:12:00+00:00,2020-06-19 06:13:00+00:00,BUY,UTC_06_11,0.5229787757840273,15.0,0.9152128576220478,0.9152128576235342,1.000000000001624,0.8235294117649419,0.3758909950958844,,0.7190958167037808,0.49999999999974726,11.0,100.0,1.3679655875830758,2.042885842908215,0.3758909950958844,,1,1,2,0.7517819901902825,0.05769230769225724,4.0,2.0873063836765127,0.16924105813625703,1.3999999999984083,1.3549883990720482,15.0,0.26148938789201365,0.2941755613792586,0.05882352941302361,0.7811745951275043,0.14310871524414365,0.09287128560741753,55.59253114422621,-0.02753757116693123,-0.03381068787236388,0.006273116705432652,26.148096963206203,18.765473026862786,20.08176840714307,80.952380952397,0.8210482500749076,2.5019999742849683,0.0001622840318309393,0.0002173566532872595,0.0001246062587116903,0.00013619911731388434,0.0001767762389552896,0.7027527299609015,0.768125076933905,1.1113298985425444,0.9152128576235342,0.1764705882350581,0.0,0.7709283852722801,0.6731254125616054,2.588360725121669,-0.09780297271067477,1.9152353125600639,-0.23239887655328917,-0.06438241218604027,0.2843786504518035,-1.3640282044525736,1.0408771437915703,3.0888433944770126,3.0888433944770126,10.201600562577411,0.028180748310942333,-1.2854822029289998,0.09219858156038548,0.8208882065401528,0.9057757357480223,1.0,0.687254901960397,2.5658646186922422,2.500492271719982,1.0,6.123233995736766e-17,-0.433883739117558,-0.9009688679024191,0.0001246062587116903,0.00013619911731388434,0.006273116705432652,-1.316295380280284,6,4,,,,,0.07142857142694736,ASIA,552.0,2.042885842908215,16.3921160034951,0.8434695912263461,8.465718933012118,16.3921160034951,0.8434695912263461,1.255999999999767,0.5200690986688344,CORE,CORE_GATE,M1_OHLC,3,4,V15_Q2,HIGH,1,C,15
XAUUSD,A_OB_RETEST_SEQUENCE,V15_QUALITY_PRESERVING_EXPANDED,A_OB_RETEST_SEQUENCE|BUY|2020-06-23T20:51:00+00:00,2020-06-23 20:51:00+00:00,2020-06-23 20:52:00+00:00,BUY,UTC_18_23,0.47638272198734744,9.0,1.2408108107567815,0.7976640926287117,0.6428571428566209,1.0,0.6314840733313154,,0.9970801157868974,0.9970801157868974,3.0,9.999999999964631,0.5539333976593315,2.62564430490511,0.6314840733313154,,1,1,2,0.34343870654872505,0.4683544303799181,6.0,2.261197091389364,0.38554973447640084,1.3827160493826745,0.8914285714285346,9.0,0.28804536678309417,0.2326520270164557,-0.10638297872480412,0.7027319427982894,1.5008560788605256,0.5487031296821957,57.79878235402645,0.08100952906806924,0.01166731486331124,0.069342214204758,14.695668160713096,18.825982879157166,21.426208025647565,100.0,1.0084615211703063,2.3215760116807855,0.00020381357851340098,5.660655050987451e-05,0.0002859286310812337,0.0004926917392018559,-9.338679963444285e-05,1.1189454632715876,1.9276882238542314,1.1743388030372184,0.7976640926287117,0.0,0.3207547169814235,1.015802406184606,0.9761862538074715,1.7066142764101255,-0.03961615237713462,0.730428022602654,0.37360549538020493,-0.030348833257255008,1.5990633229200417,0.13956378166145642,0.8526684143776496,2.62564430490511,4.453624517181004,0.5085748901448639,0.028133101812474623,-1.4249083837437215,0.18971848225207236,0.9156240033986724,0.8745672990915789,0.5895522388059456,0.5292397660824087,1.318361486429773,4.1212644785847,-0.8660254037844386,0.5000000000000001,0.7818314824680298,0.6234898018587336,0.0002859286310812337,0.0004926917392018559,0.069342214204758,-2.6002251464903985,20,1,0.15555555555539835,0.8857223629869666,,,,NEW_YORK,531.0,2.62564430490511,48.70182432220846,0.8801182893539483,28.106580597234355,28.582963319221705,1.4794573643410776,2.223628691983409,0.9388215909437645,CORE,CORE_GATE,M1_OHLC,4,4,V15_Q2,VERY_HIGH,1,A,15
XAUUSD,A_OB_RETEST_SEQUENCE,V15_QUALITY_PRESERVING_EXPANDED,A_OB_RETEST_SEQUENCE|BUY|2020-06-24T06:42:00+00:00,2020-06-24 06:42:00+00:00,2020-06-24 06:43:00+00:00,BUY,UTC_06_11,1.2937115766805614,10.0,0.8085697354248912,0.4158358639325311,0.5142857142853802,0.7714285714282187,0.47359084503453414,0.15016295086478776,0.924079697628372,0.924079697628372,3.0,31.250000000010658,1.894363380139187,3.1534219681579163,0.47359084503453414,,-1,1,1,0.5544478185772334,0.0,7.0,3.7382140771130135,1.118076113698586,0.9090909090909628,1.1262135922328982,10.0,0.034652988661306894,0.0924079697622594,0.454545454540193,0.23700536335405267,0.9024897293873811,-0.1669391445766841,55.20995025994759,0.10952027832036038,0.04037140986900854,0.06914886845135183,18.501006050500173,17.28614305304005,21.38665021869317,78.51851851851094,0.7885290298365206,3.3328377248180416,0.000101758730051138,-0.00016390107157404632,0.00021202072714610054,0.0003251352138400332,0.00012437459366254622,0.866324716526369,1.328364565341343,0.8085697354254165,0.4158358639325311,0.22857142857178123,0.2571428571431727,0.661514242376907,0.625400935392334,-0.8972549433103935,-0.03611330698457299,-1.5226558787027276,0.470040898035466,0.11809262116577432,0.9539455840044898,-1.038993788105377,1.022663431535279,2.6913821193434675,4.678153469245439,-5.75741581302924,-0.023082454102516817,-2.5301303470434604,0.05413687436155759,0.7821684294661846,0.8714125379336659,0.5753086419752649,0.3057539682537131,2.1600362932074555,3.6732167980738426,1.0,6.123233995736766e-17,0.9749279121818236,-0.22252093395631434,0.00021202072714610054,0.0003251352138400332,0.06914886845135183,-4.10050716565312,6,2,0.5500000000002558,0.31622354730884145,,,,ASIA,582.0,3.1534219681579163,17.0146174325877,0.3543788187372678,-0.9587326862902043,17.0146174325877,0.3543788187372678,3.483516483516374,0.5330907436888788,CORE,CORE_GATE,M1_OHLC,1,4,V15_Q2,LOW,1,A,15
XAUUSD,C_DISPLACEMENT_MID_RETEST,V15_QUALITY_PRESERVING_EXPANDED,C_DISPLACEMENT_MID_RETEST|BUY|2020-06-26T02:59:00+00:00,2020-06-26 02:59:00+00:00,2020-06-26 03:00:00+00:00,BUY,UTC_00_05,0.9781109589765813,11.0,2.332418440636024,1.5298658589114453,0.6559139784944712,0.864197530864312,0.12539884089428727,,1.554945627090873,0.6997255321907503,10.0,100.0,1.9073163700035065,2.8089340360343162,0.12539884089428727,,1,1,2,0.30095721814628945,0.01960784313723742,1.0,3.4985414115421607,0.7560950303334689,2.861538461539258,0.9867374005306672,11.0,0.16301849316285857,1.8308230770577347,0.8364779874212145,1.1712691061309428,0.5249136861653758,0.3970691311005004,54.967937133256065,0.08871924727009173,0.12877845417192868,-0.04005920690183695,13.836887594907184,24.416465660617092,25.455775264456346,70.88607594936344,0.6652714618970097,3.528162717665772,0.0003823864312300085,0.00020390304410256022,3.114647336976972e-05,0.0001529194878895357,0.0004702349758509694,0.13793872498400114,0.6771537408297216,2.0314612224891646,1.5298658589114453,0.1358024691356881,0.11111111111129825,0.6659542784958115,1.273420175944108,3.735260207306984,0.6074658974482965,2.461840031362876,-0.03322949771936332,0.48760655572373673,1.2358440492948986,0.6188786460394716,1.272957036277062,2.909253108750316,3.9626033722628993,5.730785248973795,-0.02422672028699946,-0.014002039216141071,0.09161793372318806,1.338991595748961,1.3032623651950235,0.734177215189959,0.3991769547326855,1.1536693362285835,4.238480822230902,0.49999999999999994,0.8660254037844387,-0.433883739117558,-0.9009688679024191,3.114647336976972e-05,0.0001529194878895357,-0.04005920690183695,-1.0393096038392535,2,4,,,,,0.5268817204300813,ASIA,359.0,2.8089340360343162,7.62424952638008,0.8486842105263134,4.326260010856617,7.62424952638008,0.8486842105263134,0.4107142857143582,0.3560191392268048,CORE,CORE_GATE,M1_OHLC,4,4,V15_Q2,VERY_HIGH,1,C,15
XAUUSD,A_OB_RETEST_SEQUENCE,V15_QUALITY_PRESERVING_EXPANDED,A_OB_RETEST_SEQUENCE|BUY|2020-06-29T09:01:00+00:00,2020-06-29 09:01:00+00:00,2020-06-29 09:02:00+00:00,BUY,UTC_06_11,1.4248814680446138,8.0,1.3202291568325748,0.5635124449899869,0.42682926829304135,0.5194805194806499,0.14490320013963384,,1.6422362682547968,1.6422362682547968,4.0,48.03921568625397,0.9499209786962872,2.4472540468114503,0.14490320013963384,,1,1,2,0.23345515578129403,0.16822429906549008,4.0,2.680938549126558,0.11170577288053027,1.518518518518924,1.1996740016299179,8.0,0.09660213342666661,0.144903200140366,0.20000000000121268,0.4155906539183451,1.0179032223993778,0.30238233195793646,51.40389034096637,-0.06209022980556256,-0.15498786776952123,0.09289763796395867,12.23524824366202,21.90589378690832,24.026834482081156,78.55297157623119,0.6332221228180887,2.8581845207272747,0.00019461782981400333,-0.00016071413466711704,0.00031029619181954793,-0.0001353416530853746,-0.0005242449182064624,0.8855195564122088,-0.38640853370666645,1.2397273789766532,0.5635124449899869,0.4805194805193501,0.06493506493471211,0.28513110100666883,-0.1067871377563444,0.2906489574433315,-0.39191823876301324,0.3974360951996759,0.24365753593760556,-0.289565564175882,-0.49491206187309683,0.6731634681428298,1.1892267581808253,3.11541880301311,4.0089885372103256,-3.628849639653396,-0.001734405938651068,-0.7172797482890658,0.03672075149447678,1.370556870473248,1.4318013063563244,0.7771084337350063,0.5830014430015483,3.1395693363692274,2.4472540468114503,0.7071067811865476,-0.7071067811865475,0.0,1.0,0.00031029619181954793,-0.0001353416530853746,0.09289763796395867,-2.1209406951728376,9,0,0.2745098039215468,0.8138563452705169,,,,LONDON,121.0,2.4472540468114503,13.001037123684112,0.6643962848297469,3.944587114926247,13.001037123684112,0.6643962848297469,1.7828947368417343,0.7886143686667426,CORE,CORE_GATE,M1_OHLC,3,4,V15_Q2,HIGH,1,A,15
XAUUSD,C_DISPLACEMENT_MID_RETEST,V15_QUALITY_PRESERVING_EXPANDED,C_DISPLACEMENT_MID_RETEST|BUY|2020-06-29T09:01:00+00:00,2020-06-29 09:01:00+00:00,2020-06-29 09:02:00+00:00,BUY,UTC_06_11,1.4248814680446138,8.0,1.3202291568325748,0.5635124449899869,0.42682926829304135,0.5194805194806499,0.14490320013963384,,1.6422362682547968,0.5000000000000177,4.0,98.30106671333161,1.7947451575329316,2.4472540468114503,0.14490320013963384,,1,1,2,0.23345515578129403,0.16822429906549008,4.0,2.680938549126558,0.11170577288053027,1.518518518518924,1.1996740016299179,8.0,0.09660213342666661,0.144903200140366,0.20000000000121268,0.4155906539183451,1.0179032223993778,0.30238233195793646,51.40389034096637,-0.06209022980556256,-0.15498786776952123,0.09289763796395867,12.23524824366202,21.90589378690832,24.026834482081156,78.55297157623119,0.6332221228180887,2.8581845207272747,0.00019461782981400333,-0.00016071413466711704,0.00031029619181954793,-0.0001353416530853746,-0.0005242449182064624,0.8855195564122088,-0.38640853370666645,1.2397273789766532,0.5635124449899869,0.4805194805193501,0.06493506493471211,0.28513110100666883,-0.1067871377563444,0.2906489574433315,-0.39191823876301324,0.3974360951996759,0.24365753593760556,-0.289565564175882,-0.49491206187309683,0.6731634681428298,1.1892267581808253,3.11541880301311,4.0089885372103256,-3.628849639653396,-0.001734405938651068,-0.7172797482890658,0.03672075149447678,1.370556870473248,1.4318013063563244,0.7771084337350063,0.5830014430015483,3.1395693363692274,2.4472540468114503,0.7071067811865476,-0.7071067811865475,0.0,1.0,0.00031029619181954793,-0.0001353416530853746,0.09289763796395867,-2.1209406951728376,9,0,,,,,0.39024390243859153,LONDON,121.0,2.4472540468114503,13.001037123684112,0.6643962848297469,3.944587114926247,13.001037123684112,0.6643962848297469,1.7828947368417343,0.7886143686667426,CORE,CORE_GATE,M1_OHLC,3,4,V15_Q2,HIGH,2,A+C,15
XAUUSD,C_DISPLACEMENT_MID_RETEST,V15_QUALITY_PRESERVING_EXPANDED,C_DISPLACEMENT_MID_RETEST|BUY|2020-06-29T09:39:00+00:00,2020-06-29 09:39:00+00:00,2020-06-29 09:40:00+00:00,BUY,UTC_06_11,1.3666152553903237,9.0,0.8091800854289813,0.8271618651047449,1.0222222222216832,0.9019607843134108,0.3686264833617372,0.9440434329996605,0.6293622886664404,0.5000000000003096,4.0,100.0,2.6630483075422156,3.0389207652755768,0.3686264833617372,,-1,1,1,0.07192711870468932,0.6808510638297769,5.0,3.105813259430332,0.41652306103152587,1.0112359550571959,1.2263056092843365,9.0,0.017981779676581187,0.04495444919063525,0.42857142856400415,0.0023943675952086685,0.9228167426806748,-0.0017412459554135857,54.800594879301286,-0.02594141776808101,-0.14498595984019522,0.1190445420721142,12.134844885896795,18.232917967467372,17.666412544637364,85.56962025315975,0.8678071873820274,2.684014173972472,0.0002709224061296922,0.0,0.00020317804322611543,0.0004544428135937473,-0.0005414047762052343,0.6473440683426127,1.4475332639328946,0.9170707634860154,0.8271618651047449,0.09803921568658922,0.0,0.6924577907649702,0.14538912809208215,-0.6552754854164144,-0.547068662672888,-0.8006646135084966,0.33521652761251164,-0.32405649125713704,-0.038595729619730255,-0.20752236197847715,0.9646676551079695,3.5514014860471015,5.340588563828088,-1.0394607470676007,7.283355398488012e-05,-2.628390004546114,0.09164149043301388,0.8252558797950386,1.0060408097722473,0.6649831649831283,0.5268440709616545,2.36460402741891,3.0389207652755768,0.7071067811865476,-0.7071067811865475,0.0,1.0,0.00020317804322611543,0.0004544428135937473,0.1190445420721142,0.5665054228300086,9,0,,,,,0.6888888888893605,LONDON,159.0,3.0389207652755768,14.520287088522444,0.5597523219814188,2.8860756380283163,14.520287088522444,0.5597523219814188,2.103550295858241,0.7775007931831573,CORE,CORE_GATE,M1_OHLC,3,4,V15_Q2,HIGH,1,C,15
XAUUSD,A_OB_RETEST_SEQUENCE,V15_QUALITY_PRESERVING_EXPANDED,A_OB_RETEST_SEQUENCE|BUY|2020-06-29T15:21:00+00:00,2020-06-29 15:21:00+00:00,2020-06-29 15:22:00+00:00,BUY,UTC_12_17,0.4793934861777646,6.0,1.5415790535900362,1.0527856951357848,0.682926829269023,0.8028169014086401,0.6297914426254897,,0.526392847567465,0.526392847567465,2.0,100.0,1.1937837793048858,2.208969985328312,0.6297914426254897,,1,1,2,0.8365886327411115,0.0,4.0,4.15853545334569,2.2444698200244115,2.1298701298700533,1.2468193384226263,6.0,0.08459885050120414,0.08459885050205905,5.0527481003320835e-12,0.34473520686914016,0.21979127316377625,0.07175266283454004,55.64893274987926,0.12298388540148153,0.004280212696644539,0.11870367270483699,23.095835725488353,28.33448883407948,11.320540177319256,56.967213114766245,0.8221023004154073,3.412937633459092,0.00028226182041946046,1.1287414251048844e-05,0.0002935556076177903,0.00046016859673980726,0.00036132368674390847,0.9775867169114949,1.5321791813126946,1.3347818634748418,1.0527856951357848,0.19718309859135985,0.014084507041919745,0.873713587146365,0.7809580697469157,1.3699260855809468,-0.09275551739944923,0.588968015834031,0.5400571911762622,-0.013917886225802614,0.14728333011657124,2.424456903025309,1.303487990748346,4.587137671659887,4.906733329111731,-4.778691069650307,0.0077823562400599205,4.911039631019943,0.05602716468592929,1.1853744883691255,1.3211579164366631,0.9348659003831169,0.5928088858354496,2.90456053389904,2.9327601507340573,-0.7071067811865471,-0.7071067811865479,0.0,1.0,0.0002935556076177903,0.00046016859673980726,0.11870367270483699,17.013948656760224,15,0,0.249999999999797,0.14811222162614998,,,,LONDON_NY_OVERLAP,201.0,2.208969985328312,15.989182744863085,0.5467372134038984,2.4533666645562926,15.180793728956136,0.5226006191950751,3.2808510638291013,0.7189988623435722,CORE,CORE_GATE,M1_OHLC,3,4,V15_Q2,HIGH,1,A,15
XAUUSD,A_OB_RETEST_SEQUENCE,V15_QUALITY_PRESERVING_EXPANDED,A_OB_RETEST_SEQUENCE|BUY|2020-06-30T20:26:00+00:00,2020-06-30 20:26:00+00:00,2020-06-30 20:27:00+00:00,BUY,UTC_18_23,1.1328402423637862,11.0,0.9961181441471304,0.5859518494984949,0.5882352941178306,0.9285714285715059,0.13672209821621184,,1.1719036989974339,1.1719036989974339,3.0,15.833333333372176,1.279328204738521,3.027417889075927,0.13672209821621184,,1,1,2,0.15625382653281353,0.014285714285705004,8.0,3.0298883297235664,0.28723711994278234,0.9714285714281631,0.9260326609030894,11.0,0.2636783322743449,0.45899561544036177,0.27027027027010414,2.060204793509671,1.3024891158113068,0.8348042072233746,55.06322269182371,0.05643757485859169,0.00040044356684741655,0.05603713129174427,13.30583639191211,19.976608576916792,24.965204481326843,92.0588235294125,0.8404073644269612,2.736907417590193,0.00020742875242829584,-4.764039905824635e-05,0.0003756774108536476,0.0003588499978974813,1.6815342318343696e-05,1.3086257972136457,1.2500306122638405,0.8203325892981592,0.5859518494984949,0.07142857142849408,0.21428571428602364,0.7457419321344243,1.021608832457029,6.470828750817896,0.2758669003226048,5.449219918360867,0.2562010027983772,0.17806198307763896,0.9594939390724627,-0.13249428095236707,0.9658044039749253,2.2559146205694938,3.652433195208069,-1.624237730793162,0.017916572862354867,-0.2919665925233321,0.01412639405204647,0.7667457611904288,0.9247518773681644,0.6176470588234758,0.5095238095238467,1.2207330197887158,5.156376275587731,-0.8660254037844386,0.5000000000000001,0.7818314824680298,0.6234898018587336,0.0003756774108536476,0.0003588499978974813,0.05603713129174427,-4.988595904410051,20,1,0.7333333333332576,0.9728999223886104,,,,NEW_YORK,506.0,3.027417889075927,41.50492267281634,0.9129411764705818,23.08650287024407,9.707268973359923,2.0,1.1935483870968973,1.0324544204149717,CORE,CORE_GATE,M1_OHLC,4,4,V15_Q2,VERY_HIGH,1,A,15
XAUUSD,C_DISPLACEMENT_MID_RETEST,V15_QUALITY_PRESERVING_EXPANDED,C_DISPLACEMENT_MID_RETEST|BUY|2020-06-30T20:26:00+00:00,2020-06-30 20:26:00+00:00,2020-06-30 20:27:00+00:00,BUY,UTC_18_23,1.1328402423637862,11.0,0.9961181441471304,0.5859518494984949,0.5882352941178306,0.9285714285715059,0.13672209821621184,,1.1719036989974339,0.4999999999999832,3.0,100.0,2.4453785076932624,3.027417889075927,0.13672209821621184,,1,1,2,0.15625382653281353,0.014285714285705004,8.0,3.0298883297235664,0.28723711994278234,0.9714285714281631,0.9260326609030894,11.0,0.2636783322743449,0.45899561544036177,0.27027027027010414,2.060204793509671,1.3024891158113068,0.8348042072233746,55.06322269182371,0.05643757485859169,0.00040044356684741655,0.05603713129174427,13.30583639191211,19.976608576916792,24.965204481326843,92.0588235294125,0.8404073644269612,2.736907417590193,0.00020742875242829584,-4.764039905824635e-05,0.0003756774108536476,0.0003588499978974813,1.6815342318343696e-05,1.3086257972136457,1.2500306122638405,0.8203325892981592,0.5859518494984949,0.07142857142849408,0.21428571428602364,0.7457419321344243,1.021608832457029,6.470828750817896,0.2758669003226048,5.449219918360867,0.2562010027983772,0.17806198307763896,0.9594939390724627,-0.13249428095236707,0.9658044039749253,2.2559146205694938,3.652433195208069,-1.624237730793162,0.017916572862354867,-0.2919665925233321,0.01412639405204647,0.7667457611904288,0.9247518773681644,0.6176470588234758,0.5095238095238467,1.2207330197887158,5.156376275587731,-0.8660254037844386,0.5000000000000001,0.7818314824680298,0.6234898018587336,0.0003756774108536476,0.0003588499978974813,0.05603713129174427,-4.988595904410051,20,1,,,,,0.33333333333273885,NEW_YORK,506.0,3.027417889075927,41.50492267281634,0.9129411764705818,23.08650287024407,9.707268973359923,2.0,1.1935483870968973,1.0324544204149717,CORE,CORE_GATE,M1_OHLC,4,4,V15_Q2,VERY_HIGH,2,A+C,15
XAUUSD,A_OB_RETEST_SEQUENCE,V15_QUALITY_PRESERVING_EXPANDED,A_OB_RETEST_SEQUENCE|BUY|2020-07-01T10:07:00+00:00,2020-07-01 10:07:00+00:00,2020-07-01 10:08:00+00:00,BUY,UTC_06_11,1.1160320976373614,7.0,0.8310877322828774,0.7835970047238866,0.94285714285718,0.843750000000111,0.5698887307084284,,1.543448645668818,1.543448645668818,6.0,26.15384615385369,0.15434486456698976,2.5763719700776755,0.5698887307084284,,1,1,2,0.8073423685033819,0.32098765432127874,1.0,2.9842884919422836,0.5595540922390151,1.7948717948708681,1.2530973451326095,7.0,0.07123609133902598,0.08310877322796378,0.07692307691769525,0.5020476313020737,1.1033677639185506,0.3717716608765763,52.89402050080072,0.03160528520652406,0.014980372425774938,0.01662491278074912,14.516497074547253,25.480160419724864,23.587200222980293,49.656750572085286,0.710743587272684,2.44503000392145,0.00015691856766975043,-2.8015991528018702e-05,-3.08175043425285e-05,0.00014010350847204478,-0.0001512677074257951,-0.1305995007874944,0.5936340944879238,1.5197032818887826,0.7835970047238866,0.15624999999988898,0.3281250000001221,0.36841475123703626,0.4728324592283768,1.4100188175985826,0.10441770799134055,0.9371863583702058,0.15472010869685998,0.06722399912843,0.5507876164966812,1.706685992222769,1.24672570101182,5.188361985824324,5.188361985824324,-0.7732925916845588,-0.030397944689396546,-1.1526798459513774,0.08602150537636197,0.9371907033502467,1.1453675755922537,1.0,0.36336143695015055,2.6119900157466485,3.656786022045524,0.49999999999999994,-0.8660254037844387,0.9749279121818236,-0.22252093395631434,-3.08175043425285e-05,0.00014010350847204478,0.01662491278074912,1.8929601967445713,10,2,0.6923076923076654,1.305626215224586,,,,LONDON,187.0,2.5763719700776755,12.964968623616342,0.7985347985348166,6.2450306740132175,10.246124470861695,1.0104287369640956,1.0138248847925089,0.5579406482510905,EXPANDED,RELAXED_SECOND_WITH_STRONG_COMPENSATION,M1_OHLC,3,4,V15_Q2,HIGH,1,A,15
XAUUSD,C_DISPLACEMENT_MID_RETEST,V15_QUALITY_PRESERVING_EXPANDED,C_DISPLACEMENT_MID_RETEST|BUY|2020-07-01T22:59:00+00:00,2020-07-01 22:59:00+00:00,2020-07-01 23:00:00+00:00,BUY,UTC_18_23,1.0511297042036836,5.0,1.732417475447123,0.7786145957062192,0.4494382022469872,0.6349206349205375,0.39903998029987436,,0.681287771242997,0.5197252426337386,2.0,38.764044943737936,1.7840006924125644,2.8808740041140286,0.39903998029987436,1.781080887678513,1,-1,1,0.36984193296068646,0.80219780219775,3.0,2.9662466842686324,0.43650452878916585,2.4722222222231873,1.3300970873786433,5.0,1.0803277515428713,1.8297442999103453,0.25752508361201376,0.6632899428710193,1.1426579428973092,-0.4733255076677432,58.94075303754172,0.13756473705552708,0.12001875512909849,0.01754598192642859,17.44227948589772,23.82018541667604,17.479594286183357,86.5497076023384,1.0094243918544699,2.0318437725352543,0.00022571962237094567,0.000508012485817888,0.00042330789723221685,0.00018056754636908146,0.0005221313117913517,1.4599023669496587,0.6228916765650638,1.2263179882374833,0.7786145957062192,0.3650793650794625,0.0,1.0491540945980675,1.941484576737244,4.893582554284805,0.8923304821391764,2.952097977547561,0.19131734423254657,0.4599535362655947,2.1161415107431103,0.4092824882546208,1.015015690501836,3.3285773966452927,3.9612017556569,12.138670575619969,0.10314165376707929,-1.9834361801336478,0.10561797752811652,0.9972439336590238,0.9816100968329403,0.8402948402948244,0.6207311207312279,1.0803277515428713,4.807945128487596,-0.5000000000000004,0.8660254037844384,0.9749279121818236,-0.22252093395631434,0.00042330789723221685,0.00018056754636908146,0.01754598192642859,6.340591130492683,22,2,,,,,0.03370786516850488,ASIA,119.0,2.8808740041140286,58.25983712373784,0.44320080187103483,-18.50182933047511,8.39930495118381,-1.0,8.168918918918763,1.2143031571603,CORE,CORE_GATE,M1_OHLC,2,4,V15_Q2,MEDIUM,1,C,15
XAUUSD,C_DISPLACEMENT_MID_RETEST,V15_QUALITY_PRESERVING_EXPANDED,C_DISPLACEMENT_MID_RETEST|BUY|2020-07-02T14:17:00+00:00,2020-07-02 14:17:00+00:00,2020-07-02 14:18:00+00:00,BUY,UTC_12_17,0.6693042661707921,17.0,1.1770523301630789,1.4078469047040256,1.1960784313718409,1.0,0.38081104799369037,,0.6231453512624978,0.5000000000005161,15.0,100.0,1.573277138878941,2.3310252028709613,0.38081104799369037,,1,1,2,0.8539399258044941,0.014084507042239989,2.0,2.6176778914774266,0.2002595108232355,1.6190476190492002,0.8767908309454515,17.0,0.1384767447248829,0.15001647345169408,0.039999999999126894,1.1281629581184853,0.46923703230074326,0.35461242526746967,54.682527112485054,-0.051888316416125235,-0.02431253557639485,-0.027575780839730384,14.178171707361935,29.758697862776195,22.585996085352143,61.53846153846257,0.6899761447525389,3.632433844672779,0.00035260731956388014,0.0005868759857683425,0.00021435562161720156,5.358029147672916e-05,0.00035825105782794076,0.8770193832581165,0.2192548458146603,1.4309263621586976,1.4078469047040256,0.0,0.016129032258413504,0.788264739446866,0.6614787868882376,2.7107193754547483,-0.12678595255862854,2.049240588566511,-0.3789040922978036,-0.05564552653466797,0.56311828242449,1.9081113408007844,1.2666609999935083,3.531156990488187,3.9004283097550663,16.59231975844058,0.05039555149489356,-1.3174616231848386,0.0992779783393304,1.0189749345918582,1.143497918270637,0.9053254437869497,0.7769230769232308,1.500164734521139,2.4002635752339274,-0.4999999999999997,-0.8660254037844388,0.43388373911755823,-0.900968867902419,0.00021435562161720156,5.358029147672916e-05,-0.027575780839730384,7.172701777424052,14,3,,,,,0.13725490196104662,LONDON_NY_OVERLAP,137.0,2.3310252028709613,23.310252028709613,0.871782178217836,3.450378889397885,15.255521377204385,1.1195158850227278,1.2821782178216405,0.489171974522293,CORE,CORE_GATE,M1_OHLC,4,4,V15_Q2,VERY_HIGH,1,C,15
XAUUSD,A_OB_RETEST_SEQUENCE,V15_QUALITY_PRESERVING_EXPANDED,A_OB_RETEST_SEQUENCE|BUY|2020-07-02T23:37:00+00:00,2020-07-02 23:37:00+00:00,2020-07-02 23:38:00+00:00,BUY,UTC_18_23,0.5975556712809968,7.0,1.593481790080243,0.35853340276896045,0.22500000000056844,0.9285714285700365,0.15934817900802428,,0.7569038502872096,0.7569038502872096,3.0,21.052631578972562,1.274785432066006,2.390222685122176,0.15934817900802428,,-1,1,1,0.557718626528085,0.027027027027010417,4.0,2.790185028229256,0.2750886647556263,2.2222222222222223,1.4736842105260888,7.0,0.03983704475291186,0.11951113425601821,0.49999999999147354,0.08809152436301494,0.9395237553880038,-0.06458060232639512,55.292184362317734,0.029554523137221622,-0.011770703902135062,0.041325227039356684,18.584604961547512,26.923501717254204,15.308562254206155,78.94736842106524,0.8886596202093118,2.53940140012333,-2.8154104305677663e-06,-6.19353676286627e-05,0.0001182615551393873,0.00023655108517806056,-0.00011823359016294166,0.8365779397930333,1.6731558795860666,0.5577186265298966,0.35853340276896045,0.0714285714299635,0.28571428571335766,0.6469816617856275,0.5378450245967145,-0.7262346718364304,-0.10913663718891302,-1.2640796964331449,0.3114037015521369,-0.031044635579807373,0.5874745097115802,-0.7112735947529601,0.7983672910740308,3.0276154011542733,3.3463117591712273,-4.985314859128053,-0.00020500651678796028,1.6214950308437928,0.025974025974002963,0.6996162014966683,0.7371414979993792,0.9047619047617116,0.6013112491369127,2.031689282355027,3.62517107243527,-0.25881904510252157,0.9659258262890681,0.43388373911755823,-0.900968867902419,0.0001182615551393873,0.00023655108517806056,0.041325227039356684,11.61493946304805,23,3,0.6315789473691769,0.8842135652835164,,,,ASIA,157.0,2.390222685122176,87.62157993211662,0.8390543305296667,17.110010721001554,26.332286581098657,1.5431164901664634,5.9000000000008335,0.527373219832977,CORE,CORE_GATE,M1_OHLC,1,4,V15_Q2,LOW,1,A,15
XAUUSD,C_DISPLACEMENT_MID_RETEST,V15_QUALITY_PRESERVING_EXPANDED,C_DISPLACEMENT_MID_RETEST|BUY|2020-07-02T23:37:00+00:00,2020-07-02 23:37:00+00:00,2020-07-02 23:38:00+00:00,BUY,UTC_18_23,0.5975556712809968,7.0,1.593481790080243,0.35853340276896045,0.22500000000056844,0.9285714285700365,0.15934817900802428,,0.7569038502872096,0.5000000000006964,3.0,100.0,1.9808745061138033,2.390222685122176,0.15934817900802428,,-1,1,1,0.557718626528085,0.027027027027010417,4.0,2.790185028229256,0.2750886647556263,2.2222222222222223,1.4736842105260888,7.0,0.03983704475291186,0.11951113425601821,0.49999999999147354,0.08809152436301494,0.9395237553880038,-0.06458060232639512,55.292184362317734,0.029554523137221622,-0.011770703902135062,0.041325227039356684,18.584604961547512,26.923501717254204,15.308562254206155,78.94736842106524,0.8886596202093118,2.53940140012333,-2.8154104305677663e-06,-6.19353676286627e-05,0.0001182615551393873,0.00023655108517806056,-0.00011823359016294166,0.8365779397930333,1.6731558795860666,0.5577186265298966,0.35853340276896045,0.0714285714299635,0.28571428571335766,0.6469816617856275,0.5378450245967145,-0.7262346718364304,-0.10913663718891302,-1.2640796964331449,0.3114037015521369,-0.031044635579807373,0.5874745097115802,-0.7112735947529601,0.7983672910740308,3.0276154011542733,3.3463117591712273,-4.985314859128053,-0.00020500651678796028,1.6214950308437928,0.025974025974002963,0.6996162014966683,0.7371414979993792,0.9047619047617116,0.6013112491369127,2.031689282355027,3.62517107243527,-0.25881904510252157,0.9659258262890681,0.43388373911755823,-0.900968867902419,0.0001182615551393873,0.00023655108517806056,0.041325227039356684,11.61493946304805,23,3,,,,,0.8,ASIA,157.0,2.390222685122176,87.62157993211662,0.8390543305296667,17.110010721001554,26.332286581098657,1.5431164901664634,5.9000000000008335,0.527373219832977,CORE,CORE_GATE,M1_OHLC,1,4,V15_Q2,LOW,2,A+C,15
XAUUSD,C_DISPLACEMENT_MID_RETEST,V15_QUALITY_PRESERVING_EXPANDED,C_DISPLACEMENT_MID_RETEST|BUY|2020-07-06T18:38:00+00:00,2020-07-06 18:38:00+00:00,2020-07-06 18:39:00+00:00,BUY,UTC_18_23,0.9660171952468434,15.0,2.3901456377236117,0.5577006488025534,0.23333333333349124,1.0,0.31868608503041873,0.6572900503742762,0.6572900503738234,0.7170436913173099,14.0,100.0,2.4399403385096994,2.9677641668405097,0.31868608503041873,,1,1,2,0.6074953495877355,0.1882352941177635,1.0,2.8794665036159808,0.6973067031551222,2.5531914893616507,1.013927576601575,15.0,1.3245390409050455,0.4182754866016887,-0.5199999999999169,0.7297745442953021,1.0981527367780883,0.49823882481677934,52.411233765291584,0.2524829805822719,0.36463643361541676,-0.11215345303314483,22.415173218051688,20.83544875585604,17.234780200308332,20.846905537468835,0.48475214928628935,5.812922034887457,0.00015697090992694562,-4.203741329777966e-05,0.0,0.00039251969607767556,0.0013948410526700705,0.0,1.3942516220059307,0.5577006488025534,0.5577006488025534,0.0,0.0,0.06938614111812538,1.002326619168046,2.8518864881811816,0.9329404780499206,1.8495598690131356,0.052930816860950025,0.7013399301317924,1.7747779362518958,-1.7914651273907718,0.8145586532891207,3.057394628254834,7.3397388958429906,-1.3289944668436817,-0.05146017586981361,-2.512954317487285,0.12128922815950094,0.7422292213644824,0.6411683325246944,0.4165535956580759,0.5529824561403417,2.420022458194902,5.347950864406723,-1.0,-1.8369701987210297e-16,0.0,1.0,0.0,0.00039251969607767556,-0.11215345303314483,3.6006685555477063,18,0,,,,,0.8583333333332781,NEW_YORK,398.0,2.9677641668405097,34.27867202101824,0.8230679837303987,20.824143868666937,14.171571843669062,1.990864371047108,2.0436241610733976,2.5901610240204516,CORE,CORE_GATE,M1_OHLC,3,4,V15_Q2,HIGH,1,C,15
XAUUSD,A_OB_RETEST_SEQUENCE,V15_QUALITY_PRESERVING_EXPANDED,A_OB_RETEST_SEQUENCE|BUY|2020-07-07T20:10:00+00:00,2020-07-07 20:10:00+00:00,2020-07-07 20:11:00+00:00,BUY,UTC_18_23,0.5721234413672596,4.0,0.7628312551549007,0.26222324396003915,0.34375000000071054,0.9166666666668246,0.27414248232156346,0.6913158249852128,1.2872777430749789,1.2872777430749789,2.0,4.629629629646784,0.2026270521507915,1.954755091336601,0.27414248232156346,,1,1,2,0.4290925810246316,0.5116279069772607,2.0,2.3012360311166873,0.10566900142846246,0.7441860465108409,1.0461538461538014,4.0,0.10727314525642892,1.3826316499693416,0.8559999999997673,2.530208212757789,1.753623397597685,0.9299144761014321,56.348906736994174,0.12746542113541182,0.10221039950909062,0.025255021626321192,14.948552317766922,23.29277211713976,18.549913139670277,77.51004016066105,0.822174158264648,2.216075869393286,0.0001169440840216307,5.289988835333048e-05,0.00030912589778786526,0.00019770715393585547,0.0003564863811063024,1.3230354581606358,0.846265923688281,0.5721234413672596,0.26222324396003915,0.08333333333317544,0.4583333333334123,0.7452499045214138,1.2074271225632125,7.733710208627994,0.4621772180417986,6.526283086064782,0.3351488768846836,0.2965526318782539,1.633359419025418,-1.3836493140959705,0.830535643547848,2.9678903520894746,4.374360478782407,-0.2548656272202976,0.029815032112518555,-0.3850960239333485,0.05328376703845186,0.7626664794973912,0.7958852371335289,0.678474114441428,0.6015461215933806,1.370712411607275,5.172949449024048,-0.8660254037844386,0.5000000000000001,0.7818314824680298,0.6234898018587336,0.00030912589778786526,0.00019770715393585547,0.025255021626321192,4.742858977469481,20,1,0.38888888888898243,1.3619560184163364,,,,NEW_YORK,490.0,1.954755091336601,55.221831330247866,0.9689186272393784,24.887369699451398,10.524687473474756,2.0,0.8780487804873855,1.6410032715376226,CORE,CORE_GATE,M1_OHLC,2,4,V15_Q2,MEDIUM,1,A,15
XAUUSD,B_FVG_RETEST_SEQUENCE,V15_QUALITY_PRESERVING_EXPANDED,B_FVG_RETEST_SEQUENCE|BUY|2020-07-07T20:13:00+00:00,2020-07-07 20:13:00+00:00,2020-07-07 20:14:00+00:00,BUY,UTC_18_23,0.6071584006942964,7.0,0.8095445342575279,0.4806670672159824,0.5937500000007105,1.0,0.07589480008664323,0.733649734172035,1.3661064015607287,0.733649734172035,5.0,32.75862068972141,1.0878254679097035,2.2894931359496593,0.07589480008664323,,1,1,2,0.45536880051985945,0.5116279069772607,2.0,2.3012360311166873,0.10566900142846246,0.7441860465108409,1.0461538461538014,7.0,0.07589480008664323,0.9739832677800263,0.8554216867471861,2.530208212757789,1.753623397597685,0.9299144761014321,57.164081134754916,0.14624003060271207,0.12099146308106018,0.025248567521651888,13.535421665102835,20.127120380537573,17.27911976647857,84.33734939761237,0.8340947360569183,2.4817831634631156,0.00010858488832465873,4.732897535553171e-05,-4.175714047094381e-05,0.00012250773330069187,0.0005487342900436509,-0.18973700021632048,0.5565618673026256,0.7083514674764874,0.4806670672159824,0.0,0.32142857142886144,0.7983742093076742,1.3507916151355805,8.179629731193206,0.5524174058279063,6.828838116057625,0.32689085237565024,0.3654068854008951,2.028215440881138,-1.8399872836157605,0.8040695314760029,3.149634203598283,4.64223193863675,0.8151743977607424,-6.454104669303962e-06,-1.413130652664087,0.1808785529715612,0.7169894011628585,0.7762276613511636,0.678474114441428,0.7286324786324826,0.49331620056289344,5.704759139851482,-0.8660254037844386,0.5000000000000001,0.7818314824680298,0.6234898018587336,-4.175714047094381e-05,0.00012250773330069187,0.025248567521651888,2.8480006140590035,20,1,,,0.9062500000014211,0.3275862068972141,,NEW_YORK,493.0,2.2894931359496593,58.60343480028956,0.9725879559680655,26.62642569708845,11.169184746094396,2.0,0.7016574585631195,1.586812105306323,CORE,CORE_GATE,M1_OHLC,3,4,V15_Q2,HIGH,2,A+B,15
XAUUSD,C_DISPLACEMENT_MID_RETEST,V15_QUALITY_PRESERVING_EXPANDED,C_DISPLACEMENT_MID_RETEST|BUY|2020-07-07T20:13:00+00:00,2020-07-07 20:13:00+00:00,2020-07-07 20:14:00+00:00,BUY,UTC_18_23,0.6071584006942964,7.0,0.8095445342575279,0.4806670672159824,0.5937500000007105,1.0,0.07589480008664323,0.733649734172035,1.3661064015607287,0.4999999999995342,5.0,100.0,1.9762474692107355,2.2894931359496593,0.07589480008664323,,1,1,2,0.45536880051985945,0.5116279069772607,2.0,2.3012360311166873,0.10566900142846246,0.7441860465108409,1.0461538461538014,7.0,0.07589480008664323,0.9739832677800263,0.8554216867471861,2.530208212757789,1.753623397597685,0.9299144761014321,57.164081134754916,0.14624003060271207,0.12099146308106018,0.025248567521651888,13.535421665102835,20.127120380537573,17.27911976647857,84.33734939761237,0.8340947360569183,2.4817831634631156,0.00010858488832465873,4.732897535553171e-05,-4.175714047094381e-05,0.00012250773330069187,0.0005487342900436509,-0.18973700021632048,0.5565618673026256,0.7083514674764874,0.4806670672159824,0.0,0.32142857142886144,0.7983742093076742,1.3507916151355805,8.179629731193206,0.5524174058279063,6.828838116057625,0.32689085237565024,0.3654068854008951,2.028215440881138,-1.8399872836157605,0.8040695314760029,3.149634203598283,4.64223193863675,0.8151743977607424,-6.454104669303962e-06,-1.413130652664087,0.1808785529715612,0.7169894011628585,0.7762276613511636,0.678474114441428,0.7286324786324826,0.49331620056289344,5.704759139851482,-0.8660254037844386,0.5000000000000001,0.7818314824680298,0.6234898018587336,-4.175714047094381e-05,0.00012250773330069187,0.025248567521651888,2.8480006140590035,20,1,,,,,0.8437499999992895,NEW_YORK,493.0,2.2894931359496593,58.60343480028956,0.9725879559680655,26.62642569708845,11.169184746094396,2.0,0.7016574585631195,1.586812105306323,CORE,CORE_GATE,M1_OHLC,3,4,V15_Q2,HIGH,3,A+B+C,15
XAUUSD,A_OB_RETEST_SEQUENCE,V15_QUALITY_PRESERVING_EXPANDED,A_OB_RETEST_SEQUENCE|BUY|2020-07-09T04:01:00+00:00,2020-07-09 04:01:00+00:00,2020-07-09 04:02:00+00:00,BUY,UTC_00_05,1.0087469682838937,7.0,0.9193643255237675,1.0725917131116427,1.1666666666672982,0.8490566037732854,0.30645477517458913,,0.5618337544879081,0.5618337544879081,4.0,100.0,1.902573395877026,2.834706670367272,0.30645477517458913,,-1,1,1,0.6256784993150765,0.0,3.0,2.995775235159859,0.3358492416093045,1.0588235294103485,1.1588310038121257,7.0,0.6767542951780887,1.1364364579399724,0.2535211267603198,0.9684150253789133,0.763816243345622,-0.48120731815552453,49.75031958459095,-0.21899275361761283,-0.31405690590603,0.09506415228841719,30.742025799701327,19.90394145570907,29.995828578741612,82.03389830507686,0.7929839347830975,3.044232052887817,0.0002296853034611246,-3.596525203353185e-05,0.0002020067852142038,0.0001687945852910655,-0.0007547274134689363,0.9321332744902463,0.7789058869029517,1.3535085903555968,1.0725917131116427,0.1509433962267146,0.056603773584857096,0.29153505515548833,-1.061445258448644,-3.984903255054389,-1.3529803136041323,-2.923457996605745,-0.00796646383940982,-0.9304319707733808,-1.431216765489626,1.0117062365728897,1.1243497123536232,3.7668399448575185,7.6358314814399,-0.16594874161561535,0.002723745999165861,-2.101549718959749,0.07739307535645433,1.1277208100820928,1.2634460617761862,0.49331103678930327,0.4826851638087673,6.805849798675678,3.09008564967943,0.8660254037844386,0.5000000000000001,0.43388373911755823,-0.900968867902419,0.0002020067852142038,0.0001687945852910655,0.09506415228841719,-10.091887123032542,4,3,0.5454545454544515,0.3627171809386842,,,,ASIA,421.0,2.834706670367272,12.48803208837554,0.2474437627811535,-6.00140601384151,12.48803208837554,0.2474437627811535,3.3153153153156714,0.5371665299653844,CORE,CORE_GATE,M1_OHLC,2,4,V15_Q2,MEDIUM,1,A,15
XAUUSD,C_DISPLACEMENT_MID_RETEST,V15_QUALITY_PRESERVING_EXPANDED,C_DISPLACEMENT_MID_RETEST|BUY|2020-07-09T04:01:00+00:00,2020-07-09 04:01:00+00:00,2020-07-09 04:02:00+00:00,BUY,UTC_00_05,1.0087469682838937,7.0,0.9193643255237675,1.0725917131116427,1.1666666666672982,0.8490566037732854,0.30645477517458913,,0.5618337544879081,0.49999999999978145,4.0,100.0,2.137793456570815,2.834706670367272,0.30645477517458913,,-1,1,1,0.6256784993150765,0.0,3.0,2.995775235159859,0.3358492416093045,1.0588235294103485,1.1588310038121257,7.0,0.6767542951780887,1.1364364579399724,0.2535211267603198,0.9684150253789133,0.763816243345622,-0.48120731815552453,49.75031958459095,-0.21899275361761283,-0.31405690590603,0.09506415228841719,30.742025799701327,19.90394145570907,29.995828578741612,82.03389830507686,0.7929839347830975,3.044232052887817,0.0002296853034611246,-3.596525203353185e-05,0.0002020067852142038,0.0001687945852910655,-0.0007547274134689363,0.9321332744902463,0.7789058869029517,1.3535085903555968,1.0725917131116427,0.1509433962267146,0.056603773584857096,0.29153505515548833,-1.061445258448644,-3.984903255054389,-1.3529803136041323,-2.923457996605745,-0.00796646383940982,-0.9304319707733808,-1.431216765489626,1.0117062365728897,1.1243497123536232,3.7668399448575185,7.6358314814399,-0.16594874161561535,0.002723745999165861,-2.101549718959749,0.07739307535645433,1.1277208100820928,1.2634460617761862,0.49331103678930327,0.4826851638087673,6.805849798675678,3.09008564967943,0.8660254037844386,0.5000000000000001,0.43388373911755823,-0.900968867902419,0.0002020067852142038,0.0001687945852910655,0.09506415228841719,-10.091887123032542,4,3,,,,,0.027777777777146184,ASIA,421.0,2.834706670367272,12.48803208837554,0.2474437627811535,-6.00140601384151,12.48803208837554,0.2474437627811535,3.3153153153156714,0.5371665299653844,CORE,CORE_GATE,M1_OHLC,2,4,V15_Q2,MEDIUM,2,A+C,15
XAUUSD,C_DISPLACEMENT_MID_RETEST,V15_QUALITY_PRESERVING_EXPANDED,C_DISPLACEMENT_MID_RETEST|BUY|2020-07-09T07:42:00+00:00,2020-07-09 07:42:00+00:00,2020-07-09 07:43:00+00:00,BUY,UTC_06_11,0.9948949745546234,5.0,1.0233205452555008,0.28425570701523734,0.2777777777776023,1.0,0.028425570700877412,,0.3126812777167611,0.5000000000006296,2.0,27.259543438809647,1.796641090511333,2.5014502217360275,0.028425570700877412,,1,1,2,0.5400858433295973,0.0,3.0,2.4209336086067976,0.08069778695347837,1.1428571428562149,1.0714285714287164,5.0,0.056851141403693795,0.966469403851807,0.888888888887696,0.7591278748989478,0.6433150575846921,0.36329689888759686,57.90177099111498,0.21591404042715112,0.2545957129468899,-0.03868167251973875,18.23249239213276,26.656121838201404,22.80259623656549,65.9176029962328,0.6001313289922082,3.697574596427748,8.005918858633443e-05,0.00015736987995706997,0.0001877452076652908,-0.0002290640937893107,0.0009007142166410631,0.966469403851807,-1.1796611841142044,0.3411068484182848,0.28425570701523734,0.0,0.16666666666666666,0.9248988601045994,2.443061982476856,5.329292072391233,1.5181631223722567,2.886230089914377,0.3877914206093521,0.821413872723458,3.21613548510381,-0.5705198610743053,1.1222632809554955,2.5583013631397216,7.674904089417872,3.3027799704353953,0.05018770405005801,-2.599580609242995,0.10520487264668414,1.3263963247542963,1.565223999702139,0.3333333333333895,0.8333333333332549,2.7430675726999487,6.950052036528047,0.9659258262890683,-0.25881904510252063,0.43388373911755823,-0.900968867902419,0.0001877452076652908,-0.0002290640937893107,-0.03868167251973875,3.8535256016359156,7,3,,,,,0.11111111111167249,LONDON,42.0,2.5014502217360275,17.75176890311741,0.8454763811048579,4.88919816066596,13.900104073057387,1.0797546012269699,1.0965909090912218,0.5638042346407497,CORE,CORE_GATE,M1_OHLC,2,4,V15_Q2,MEDIUM,1,C,15
XAUUSD,A_OB_RETEST_SEQUENCE,V15_QUALITY_PRESERVING_EXPANDED,A_OB_RETEST_SEQUENCE|BUY|2020-07-14T22:53:00+00:00,2020-07-14 22:53:00+00:00,2020-07-14 22:54:00+00:00,BUY,UTC_18_23,0.636510934930891,5.0,1.84985990464163,0.5569470680646427,0.30107526881747243,0.7631578947365272,0.20885515052412792,,0.6961838350801249,0.6961838350801249,3.0,17.142857142846008,0.39781933433214606,1.551495403893651,0.20885515052412792,,1,1,2,0.33814643418200757,0.10144927536254808,2.0,2.44275908610937,0.32330634963156196,2.6956521739123556,1.1962110960758185,5.0,0.20885515052412792,0.0795638668662483,-0.44827586206939807,0.867485169167266,1.3897584372398046,0.6182655620184765,54.238187730628965,0.06924108712291854,0.08565667751175796,-0.016415590388839413,16.357728729993173,24.02981884339376,11.861431266482583,52.70270270271558,0.6636938375068756,1.8834550451200749,0.00013264468633678028,-0.00013260950644389258,0.00016028342531204665,-3.3155674179163874e-05,0.00042016226003060986,0.5768380347807525,-0.11934580029937246,0.7558567352302634,0.5569470680646427,0.23684210526347282,0.026315789473054366,0.5074983601205912,0.827188884655139,1.8085883125645756,0.3196905245345477,0.9813994279094367,0.0698049426392516,0.16521176912355096,1.3713594071597648,0.15173334978563244,1.2065182621781412,2.9438630740539007,3.4113007918933356,-4.9307132758967995,0.007436038712193463,4.368472107757498,0.051153460381164015,1.0234904337702446,1.2293343490867807,0.8629737609329964,0.4668070779357077,1.3923676701602499,4.932959745711917,-0.5000000000000004,0.8660254037844384,0.7818314824680298,0.6234898018587336,0.00016028342531204665,-3.3155674179163874e-05,-0.016415590388839413,12.168387576911176,22,1,0.7714285714287199,1.221379543054685,,,,ASIA,113.0,1.551495403893651,40.19964373420814,0.9366650173181601,14.251877652429616,14.301605069221248,1.9040333796940125,1.6410256410251851,0.9223322726661587,CORE,CORE_GATE,M1_OHLC,2,4,V15_Q2,MEDIUM,1,A,15
XAUUSD,C_DISPLACEMENT_MID_RETEST,V15_QUALITY_PRESERVING_EXPANDED,C_DISPLACEMENT_MID_RETEST|BUY|2020-07-14T22:53:00+00:00,2020-07-14 22:53:00+00:00,2020-07-14 22:54:00+00:00,BUY,UTC_18_23,0.636510934930891,5.0,1.84985990464163,0.5569470680646427,0.30107526881747243,0.7631578947365272,0.20885515052412792,,0.6961838350801249,0.5549579713925794,3.0,100.0,1.0452703009566713,1.551495403893651,0.20885515052412792,,1,1,2,0.33814643418200757,0.10144927536254808,2.0,2.44275908610937,0.32330634963156196,2.6956521739123556,1.1962110960758185,5.0,0.20885515052412792,0.0795638668662483,-0.44827586206939807,0.867485169167266,1.3897584372398046,0.6182655620184765,54.238187730628965,0.06924108712291854,0.08565667751175796,-0.016415590388839413,16.357728729993173,24.02981884339376,11.861431266482583,52.70270270271558,0.6636938375068756,1.8834550451200749,0.00013264468633678028,-0.00013260950644389258,0.00016028342531204665,-3.3155674179163874e-05,0.00042016226003060986,0.5768380347807525,-0.11934580029937246,0.7558567352302634,0.5569470680646427,0.23684210526347282,0.026315789473054366,0.5074983601205912,0.827188884655139,1.8085883125645756,0.3196905245345477,0.9813994279094367,0.0698049426392516,0.16521176912355096,1.3713594071597648,0.15173334978563244,1.2065182621781412,2.9438630740539007,3.4113007918933356,-4.9307132758967995,0.007436038712193463,4.368472107757498,0.051153460381164015,1.0234904337702446,1.2293343490867807,0.8629737609329964,0.4668070779357077,1.3923676701602499,4.932959745711917,-0.5000000000000004,0.8660254037844384,0.7818314824680298,0.6234898018587336,0.00016028342531204665,-3.3155674179163874e-05,-0.016415590388839413,12.168387576911176,22,1,,,,,0.7526881720429477,ASIA,113.0,1.551495403893651,40.19964373420814,0.9366650173181601,14.251877652429616,14.301605069221248,1.9040333796940125,1.6410256410251851,0.9223322726661587,CORE,CORE_GATE,M1_OHLC,2,4,V15_Q2,MEDIUM,2,A+C,15
XAUUSD,B_FVG_RETEST_SEQUENCE,V15_QUALITY_PRESERVING_EXPANDED,B_FVG_RETEST_SEQUENCE|BUY|2020-07-16T05:13:00+00:00,2020-07-16 05:13:00+00:00,2020-07-16 05:14:00+00:00,BUY,UTC_00_05,0.6206520013575786,12.0,1.2990390726102288,0.37527795431008837,0.2888888888892482,0.6190476190480315,0.04330130241999089,0.37527795431008837,1.6743170269203171,0.37527795431008837,7.0,100.0,1.2990390726102288,1.631015724500326,0.04330130241999089,,-1,1,1,0.18763897715504418,0.7857142857142857,5.0,3.3673218533962817,1.4711600330369796,2.195121951219404,1.0778443113770912,12.0,0.04330130241999089,0.05773506989375877,0.1428571428608551,0.6578845802178772,0.31642783689145854,-0.17670562337542992,52.61029906689679,0.1120865173409129,0.13699932104965337,-0.024912803708740466,12.36624445199057,22.230240891906522,21.404315183811402,51.33079847909916,0.5725242621708478,3.045003640638345,3.03843901579004e-05,9.115871007669973e-05,1.6573074830272816e-05,0.00011326029425595685,0.00028181700130147647,0.08660260484129452,0.591784466412012,0.6062182338851234,0.37527795431008837,0.3809523809519685,0.0,0.24346769518420905,0.5776238778540087,-1.24344465357798,0.33415618266979963,-1.8210685314319888,0.10127735760495604,0.3950293070827869,1.8700420178975863,-0.8668598542434786,0.9355583130553659,3.0310911694249607,3.940418520252646,2.8467418676578973,-0.03682440279232063,-2.023968284010861,0.08378378378381916,0.770689958131345,0.9670760595546887,0.7692307692307307,0.6978524743231155,1.8475222366015933,5.816808291801775,0.9659258262890683,0.25881904510252074,0.43388373911755823,-0.900968867902419,1.6573074830272816e-05,0.00011326029425595685,-0.024912803708740466,0.8259257080951201,5,3,,,0.2888888888892482,1.0,,ASIA,493.0,1.631015724500326,15.097720777231045,0.38527724665395424,-2.136197586070387,15.097720777231045,0.38527724665395424,5.690265486724567,0.5578549577109951,CORE,CORE_GATE,M1_OHLC,0,4,V15_Q2,LOW,1,B,15
XAUUSD,A_OB_RETEST_SEQUENCE,V15_QUALITY_PRESERVING_EXPANDED,A_OB_RETEST_SEQUENCE|BUY|2020-07-17T11:36:00+00:00,2020-07-17 11:36:00+00:00,2020-07-17 11:37:00+00:00,BUY,UTC_06_11,0.5928880215635222,9.0,0.988146702605271,0.4743104172500987,0.47999999999956344,0.8750000000001185,0.7312285599276849,,0.5138362853551723,0.5138362853551723,4.0,15.384615384588477,1.1462501750219707,2.411077954357365,0.7312285599276849,,1,1,2,0.276681076730123,0.7586206896561457,5.0,1.7333401322845523,0.16595809777210363,1.0416666666661338,0.8092485549132137,9.0,0.15810347241669956,1.8181899327938424,0.8400000000001454,1.170818039597226,0.0876195679096614,0.07206101920056317,61.53898572138269,0.16795035684276627,0.17224146519172606,-0.004291108348959793,32.217858545995476,28.535628246725352,12.370038999596105,84.13793103451087,0.9201813582769077,2.285866747805607,5.549374169322441e-05,8.323668629239833e-06,0.00015539799925079478,0.0001498472390646377,0.00038858557625864876,1.1067243069177957,1.0671984388136209,0.9486208345010961,0.4743104172500987,0.12499999999988158,0.37500000000059214,1.0545653279047704,2.6628997784024384,7.423947397544197,1.6083344504976682,4.761047619141758,0.5177778654384572,0.938067819834045,3.432157687126433,-0.5652860875410115,0.7606291495979038,2.8656254375549266,4.545474831983707,-0.4725244022932884,0.009086604513049767,1.3960563724125912,0.2083333333333728,0.548356811967766,0.6898257311979269,0.6304347826086915,0.6148989898996682,0.4545474831975619,10.03957049846941,0.258819045102521,-0.9659258262890682,-0.433883739117558,-0.9009688679024191,0.00015539799925079478,0.0001498472390646377,-0.004291108348959793,16.165589247129247,11,4,0.7692307692294238,0.2581570409790142,,,,LONDON,276.0,2.411077954357365,25.15821504832934,0.981932443047952,14.268838385620617,14.525756528297304,1.7006802721088645,0.18852459016353723,0.9506916903475626,CORE,CORE_GATE,M1_OHLC,3,4,V15_Q2,HIGH,1,A,15
XAUUSD,A_OB_RETEST_SEQUENCE,V15_QUALITY_PRESERVING_EXPANDED,A_OB_RETEST_SEQUENCE|BUY|2020-07-17T13:55:00+00:00,2020-07-17 13:55:00+00:00,2020-07-17 13:56:00+00:00,BUY,UTC_12_17,1.1920479791713494,9.0,1.527311473312815,0.8940359843780885,0.5853658536584418,0.8064516129027762,0.2607604954433621,,1.0057904824252437,1.0057904824252437,3.0,100.0,2.607604954436162,3.5388924381633022,0.2607604954433621,,1,1,2,0.07450299869810346,0.38235294117662794,6.0,4.375213885876511,1.041717591875524,1.7826086956523888,1.0319829424304288,9.0,0.9871647327511414,0.968538983076192,-0.009523809524015747,1.8571761620729625,0.9905672283341177,0.7215551711175746,59.94544788300551,0.20469638357121767,0.18751765361258965,0.017178729958628014,19.610880128821314,36.81974573134619,16.607752971658964,78.18930041151701,0.8597463873344485,3.9659395488046174,0.00012467584280884125,-0.00011356648625304722,1.6621649698622676e-05,0.0002826432128220091,0.0004600695647354325,0.11175449804715519,1.8998264668033322,1.1547964798222976,0.8940359843780885,0.19354838709722375,0.032258064516081715,1.3319474131810785,2.7283585979368503,8.230570952727234,1.3964111847557719,5.502212354790383,0.6709447294071885,0.9848269775686387,3.13850746543017,-1.5356810788279507,1.0001579792486612,4.526057170914443,4.526057170914443,-7.648743179859785,-0.031364094395471886,3.2828620018679118,0.1845238095238502,0.8363438466584436,1.0107505359353142,1.0,0.3164362519189418,0.9871647327511414,7.226790873721964,-0.2588190451025208,-0.9659258262890683,-0.433883739117558,-0.9009688679024191,1.6621649698622676e-05,0.0002826432128220091,0.017178729958628014,20.211992759687224,13,4,0.44444444444407016,0.17046287867075952,,,,LONDON_NY_OVERLAP,115.0,3.5388924381633022,34.69977164367345,0.9715512614063233,23.87821108276418,13.689926010788792,2.0,0.2789473684211446,0.6319671335684016,CORE,CORE_GATE,M1_OHLC,3,4,V15_Q2,HIGH,1,A,15
XAUUSD,C_DISPLACEMENT_MID_RETEST,V15_QUALITY_PRESERVING_EXPANDED,C_DISPLACEMENT_MID_RETEST|BUY|2020-07-17T17:04:00+00:00,2020-07-17 17:04:00+00:00,2020-07-17 17:05:00+00:00,BUY,UTC_12_17,0.7435910117070517,14.0,0.8214910224577466,0.7223455542298821,0.8793103448273362,0.8676470588236179,0.2620273088875596,0.16996365981896627,0.679854639275221,0.4999999999997749,11.0,100.0,1.8108093753032672,2.3865730566222227,0.2620273088875596,,1,1,2,0.6019546285251701,0.0540540540542146,3.0,2.7888847991667527,0.37774520334557915,1.148514851485465,1.1770186335403847,14.0,0.30451822384189864,1.274727448640798,0.6143497757848246,1.0742185223491036,1.4110063534670352,0.7022169327703851,56.27966260475837,0.1422023138648001,0.03225222554476696,0.10995008832003313,15.542483899196064,29.02806923724417,17.72125385268251,75.12690355329937,0.8001083378141255,4.520109203925834,0.00031533437891573257,0.0003900479676011148,0.00040665250298754785,0.0009355184239003833,-2.2121263234864408e-05,1.041027416390001,2.393654875781172,0.9631274056396281,0.7223455542298821,0.13235294117638208,0.11764705882345074,0.9467574176545466,1.1304663679321367,2.780862543066558,0.1837089502775901,1.650396175134421,0.3274882897541104,0.1359111787365054,0.8406120063992849,2.5547068043336885,1.2636274650795942,2.790236748691986,4.914782496426649,4.628031992395371,0.05577599748469666,2.1520398307757844,0.16035634743873728,1.2687670238290572,1.6562005892360248,0.5677233429395219,0.6219646343811812,2.2945094075539516,4.2207642188332075,-0.9659258262890683,-0.25881904510252063,-0.433883739117558,-0.9009688679024191,0.00040665250298754785,0.0009355184239003833,0.10995008832003313,11.306815384561663,17,4,,,,,0.2068965517250707,NEW_YORK,304.0,2.3865730566222227,19.744111815617206,0.8837876614060178,13.710401892049862,5.2051370819506495,2.0,0.9614243323443149,1.3442302749935748,CORE,CORE_GATE,M1_OHLC,4,4,V15_Q2,VERY_HIGH,1,C,15
XAUUSD,A_OB_RETEST_SEQUENCE,V15_QUALITY_PRESERVING_EXPANDED,A_OB_RETEST_SEQUENCE|BUY|2020-07-20T05:01:00+00:00,2020-07-20 05:01:00+00:00,2020-07-20 05:02:00+00:00,BUY,UTC_00_05,0.47419343171917455,8.0,1.379471801363327,1.0633428468838773,0.7708333333330768,1.0,0.41671543999510363,0.1005864855156539,1.0058648551617666,1.0058648551617666,4.0,74.28571428569943,0.35923744827168613,1.8824042289442102,0.41671543999510363,,-1,1,1,0.5316714234425921,0.0,4.0,1.8140476188640584,0.29738485555115246,1.9200000000009458,1.2352941176471572,8.0,0.2442814648248511,0.028738995861708753,-0.7894736842107782,1.0169620657171843,0.3862579832397732,-0.2829542300106881,53.609020611286894,-0.01681245147642585,-0.06358077382186604,0.04676832234544019,14.384328161779765,19.300905629121715,31.178045354820654,90.22988505746585,0.7279271391988303,3.1616696623571108,0.00019368852118817337,4.149836773081894e-05,0.0002047587029365694,7.74664058631469e-05,-0.00041479433114410824,1.0633428468838773,0.40234594206457597,1.9829907144598642,1.0633428468838773,0.0,0.46376811594222955,0.6430491680530591,0.2748209893821051,-2.58329562129087,-0.36822817867095403,-2.858116610672975,0.23780025823486567,-0.23936502938346804,0.8254484211123219,-0.4074619805870302,0.8894003862019757,2.500292639970622,4.411435864775887,0.7612301134143138,0.015815990990622558,-0.35573683478786755,0.06958762886596458,0.8750983315781939,1.0319505238069164,0.5667752442996569,0.5605158730160626,3.4343100054777898,4.9287377902879514,0.9659258262890683,0.25881904510252074,0.0,1.0,0.0002047587029365694,7.74664058631469e-05,0.04676832234544019,-11.877139725698939,5,0,0.9714285714279774,1.3679703355366537,,,,ASIA,481.0,2.2416416772158962,14.829321864656091,0.3323643410852796,-3.0750725572054503,14.829321864656091,0.3323643410852796,4.416666666665743,1.2315583968150672,CORE,CORE_GATE,M1_OHLC,3,4,V15_Q2,HIGH,1,A,15
XAUUSD,C_DISPLACEMENT_MID_RETEST,V15_QUALITY_PRESERVING_EXPANDED,C_DISPLACEMENT_MID_RETEST|BUY|2020-07-21T22:00:00+00:00,2020-07-21 22:00:00+00:00,2020-07-21 22:01:00+00:00,BUY,UTC_18_23,0.5449654771488572,11.0,0.7493275310786138,0.5109051348271021,0.6818181818192154,0.6904761904759842,0.3916939366997973,0.20436205393053106,0.613086161793142,0.4999999999999154,6.0,100.0,1.5211378007328604,2.367193791363921,0.3916939366997973,,1,1,2,0.4087241078610621,0.1282051282049787,5.0,2.3188680688562835,0.18403714832095752,0.897959183672636,1.3277310924371715,11.0,0.42575427902232693,0.3916939366997973,-0.04166666666761408,1.6707054409960254,3.0846849009951645,0.9277539975769493,52.92880927934889,-0.023801049479743597,-0.0737845553722561,0.049983505892512506,9.76702535196876,23.549839514939958,20.43782589899013,76.84210526315613,0.7346076353966499,3.0052265130643185,0.00010317003507775979,7.058772425172499e-05,2.7147945443450894e-05,0.0001900665776068955,-0.00024155179386142756,0.17030171160877589,1.1921119812622056,1.4305343775152664,0.5109051348271021,0.30952380952401576,0.33333333333297244,0.4971087287898756,-0.07602524573931635,2.471188768576604,-0.5731339745291919,2.54721401431592,0.17199126687816943,-0.27931649185324964,-1.0335608296317398,2.4549908528299302,0.9151321557558004,2.8099782415475127,4.410814330671554,3.18607084641976,-0.01153781026966512,-1.220865235753907,0.026771653543313175,0.8454778995198065,0.7456374277481944,0.6370656370656365,0.5242763772175032,4.547055699958576,2.486404989490451,-0.5000000000000004,0.8660254037844384,0.7818314824680298,0.6234898018587336,2.7147945443450894e-05,0.0001900665776068955,0.049983505892512506,3.1120136159498273,22,1,,,,,0.0,ASIA,60.0,2.367193791363921,94.72181199688711,0.9394102840704801,81.28500695094192,15.293093702482789,2.0,2.4244604316548197,0.7820378390699795,CORE,CORE_GATE,M1_OHLC,3,4,V15_Q2,HIGH,1,C,15
XAUUSD,A_OB_RETEST_SEQUENCE,V15_QUALITY_PRESERVING_EXPANDED,A_OB_RETEST_SEQUENCE|BUY|2020-07-22T20:03:00+00:00,2020-07-22 20:03:00+00:00,2020-07-22 20:04:00+00:00,BUY,UTC_18_23,1.2211412644133,5.0,1.3890481882710746,0.47319223996023185,0.3406593406591649,1.0,0.20606758837014785,,2.121732946918638,2.121732946918638,4.0,27.697841726636945,0.09158559483094544,2.0530437507952555,0.20606758837014785,,1,1,2,0.16790692385708036,0.0,1.0,2.2358969436499545,0.2057573874522776,1.4560000000010245,0.9498607242341213,5.0,0.20606758837014785,0.42739944254441203,0.34939759036033674,1.6408385312863913,0.9307140264743895,0.6780000074348583,44.703975803631636,-0.5270573842328758,-0.6409859412300771,0.11392855699720128,38.52875003541769,12.737902631784044,27.67454445600138,75.53763440860176,0.5934766396389968,2.2330588229534594,0.00014212430245108543,-7.77490314883833e-05,0.00023331965597406246,0.00013944233791152172,-0.002570020351565949,0.663995562524875,0.3968709109340969,0.610570632206997,0.47319223996023185,0.0,0.22500000000031264,-0.4243456718861789,-1.0381207809162218,4.715651450664591,-0.613775109030043,5.753772231580813,-0.25955831359338766,-0.6229735838467078,-2.6121657206311872,-1.34988527665987,0.7808976328192152,2.839153439761391,10.051519032705112,-0.4161834523244181,0.0379989283943164,-0.8523958963154001,0.20853406744668604,0.8581559436944798,0.7873265543227101,0.28246013667421815,0.5208333333338068,8.418242591551863,4.602176140259,-0.8660254037844386,0.5000000000000001,0.9749279121818236,-0.22252093395631434,0.00023331965597406246,0.00013944233791152172,0.11392855699720128,-14.936641824217338,20,2,0.9424460431655147,1.1590999493155887,,,,NEW_YORK,483.0,2.1446293456262007,44.67850601173682,0.8115818243935813,35.83286397763985,37.65694374135809,0.9629104175111487,0.6512455516015156,1.5053756709807664,CORE,CORE_GATE,M1_OHLC,2,4,V15_Q2,MEDIUM,1,A,15
XAUUSD,C_DISPLACEMENT_MID_RETEST,V15_QUALITY_PRESERVING_EXPANDED,C_DISPLACEMENT_MID_RETEST|BUY|2020-07-22T20:03:00+00:00,2020-07-22 20:03:00+00:00,2020-07-22 20:04:00+00:00,BUY,UTC_18_23,1.2211412644133,5.0,1.3890481882710746,0.47319223996023185,0.3406593406591649,1.0,0.20606758837014785,,2.121732946918638,0.5000000000001146,4.0,100.0,1.7267224217694102,2.0530437507952555,0.20606758837014785,,1,1,2,0.16790692385708036,0.0,1.0,2.2358969436499545,0.2057573874522776,1.4560000000010245,0.9498607242341213,5.0,0.20606758837014785,0.42739944254441203,0.34939759036033674,1.6408385312863913,0.9307140264743895,0.6780000074348583,44.703975803631636,-0.5270573842328758,-0.6409859412300771,0.11392855699720128,38.52875003541769,12.737902631784044,27.67454445600138,75.53763440860176,0.5934766396389968,2.2330588229534594,0.00014212430245108543,-7.77490314883833e-05,0.00023331965597406246,0.00013944233791152172,-0.002570020351565949,0.663995562524875,0.3968709109340969,0.610570632206997,0.47319223996023185,0.0,0.22500000000031264,-0.4243456718861789,-1.0381207809162218,4.715651450664591,-0.613775109030043,5.753772231580813,-0.25955831359338766,-0.6229735838467078,-2.6121657206311872,-1.34988527665987,0.7808976328192152,2.839153439761391,10.051519032705112,-0.4161834523244181,0.0379989283943164,-0.8523958963154001,0.20853406744668604,0.8581559436944798,0.7873265543227101,0.28246013667421815,0.5208333333338068,8.418242591551863,4.602176140259,-0.8660254037844386,0.5000000000000001,0.9749279121818236,-0.22252093395631434,0.00023331965597406246,0.00013944233791152172,0.11392855699720128,-14.936641824217338,20,2,,,,,0.8901098901100274,NEW_YORK,483.0,2.0530437507952555,44.67850601173682,0.8115818243935813,35.83286397763985,37.65694374135809,0.9629104175111487,0.6802973977695909,1.5053756709807664,CORE,CORE_GATE,M1_OHLC,2,4,V15_Q2,MEDIUM,2,A+C,15
XAUUSD,C_DISPLACEMENT_MID_RETEST,V15_QUALITY_PRESERVING_EXPANDED,C_DISPLACEMENT_MID_RETEST|BUY|2020-07-23T10:41:00+00:00,2020-07-23 10:41:00+00:00,2020-07-23 10:42:00+00:00,BUY,UTC_06_11,0.5234415412193087,9.0,2.5856750831319815,0.3531653772082049,0.1365853658536331,1.0,0.1387435410462546,,0.933365639764357,0.7757025249398238,6.0,35.36585365855552,1.0563428693280437,1.910876951680134,0.1387435410462546,,1,1,2,0.018919573778852217,0.3676470588236179,3.0,2.4603398136575816,0.500510305229326,3.153846153846544,1.0787456445991992,9.0,0.1387435410462546,0.3153262296502137,0.3888888888883977,1.1952007783505232,1.090223408659488,0.6632177874050064,52.26222167785686,0.08581771934063909,-0.03257853412846416,0.11839625346910325,14.218067144455082,18.965225366294028,18.360459523938403,72.3577235772371,0.6878863330770665,3.673759051017778,0.0001947113204627815,-0.0004531436172054981,0.0002774198883384038,-5.866525870057426e-05,0.0004669007395707858,0.6558785576724214,-0.1387435410462546,0.3531653772082049,0.3531653772082049,0.0,0.0,0.3853441810911628,0.5124410319934201,3.2545732966689385,0.1270968509022573,2.742132264675518,0.36641944411083804,0.14596270476938575,0.16271075775569524,0.19830668994591233,1.0888913092611838,3.165875345687847,4.40826069050985,-6.371663040492265,-0.09064094050557982,-2.719670431856974,0.026079136690645533,1.2528042361335057,1.1324862397137083,0.7181688125893682,0.3966861598442503,1.765826886041311,2.806403443886787,0.49999999999999994,-0.8660254037844387,0.43388373911755823,-0.900968867902419,0.0002774198883384038,-5.866525870057426e-05,0.11839625346910325,0.6047658423556257,10,3,,,,,0.6390243902440409,LONDON,221.0,1.910876951680134,16.28975302372999,0.872628726287264,0.7063307544164098,16.28975302372999,0.872628726287264,1.085808580858165,0.9745366036322786,CORE,CORE_GATE,M1_OHLC,2,4,V15_Q2,MEDIUM,1,C,15
XAUUSD,A_OB_RETEST_SEQUENCE,V15_QUALITY_PRESERVING_EXPANDED,A_OB_RETEST_SEQUENCE|BUY|2020-07-23T21:52:00+00:00,2020-07-23 21:52:00+00:00,2020-07-23 21:53:00+00:00,BUY,UTC_18_23,0.521918169244269,5.0,0.8087380640541134,0.5736397896201162,0.7093023255818135,0.6238532110092011,0.5313221002218513,,0.8087380640545411,0.8087380640545411,1.0,11.62790697673189,1.4623112669819682,2.8164773277243063,0.5313221002218513,,-1,1,1,0.305627756764795,0.6534653465346624,4.0,2.3555177459310936,0.06595449688622487,0.9297297297294215,0.7871028923660274,5.0,0.20218451601374215,0.023509827443528006,-0.7916666666661141,0.1463049675478812,1.0302486886109814,-0.11244010128202485,63.36125565364188,0.6199616865694679,0.5245888474899384,0.09537283907952954,14.013665852761887,28.535642954415458,17.564679358897926,87.95888399412966,1.0366769960782338,2.5157951616021195,0.0002622711088504648,0.000556496299299658,0.0011215756148779121,0.0008721192232041819,0.0029431843235590005,1.9889314017152424,1.546946645778498,1.0250284765338014,0.5736397896201162,0.3761467889907989,0.06422018348598975,1.564936371476221,1.8309517406317029,0.11923650374740234,0.2660153691554817,-1.7117152368843005,0.5373109278059074,0.31776518795398545,2.783650304444889,-0.8903646829007028,0.8354967645330157,3.202038497796626,6.159574790181673,5.226722569971415,0.109476132516163,0.5608989556698418,0.22435897435897248,1.0268248190819347,1.0381546076607793,0.5198473282442576,0.5994239385536124,1.6221780935974455,8.284863191069078,-0.7071067811865477,0.7071067811865474,0.43388373911755823,-0.900968867902419,0.0011215756148779121,0.0008721192232041819,0.09537283907952954,10.970963595517532,21,3,0.16279069767451082,0.41928215877567465,,,,ASIA,52.0,2.8164773277243063,32.650448353452944,0.6967165898617522,12.676498957504203,12.145176857282351,1.8730158730158826,3.5158597662772477,1.8012887074520292,CORE,CORE_GATE,M1_OHLC,2,4,V15_Q2,MEDIUM,1,A,15
XAUUSD,B_FVG_RETEST_SEQUENCE,V15_QUALITY_PRESERVING_EXPANDED,B_FVG_RETEST_SEQUENCE|BUY|2020-07-24T13:04:00+00:00,2020-07-24 13:04:00+00:00,2020-07-24 13:05:00+00:00,BUY,UTC_12_17,1.2230114709510755,6.0,1.8044431538615924,0.641579788039191,0.35555555555528606,0.9411764705882353,0.17041963119813805,0.5012342094060739,0.6816785247920963,0.5012342094060739,5.0,17.999999999938154,1.042567155565053,2.0951589953175347,0.17041963119813805,,1,1,2,0.12029621025734832,0.5373134328359526,1.0,2.8975009396988805,0.8888039692327259,1.65137614678852,0.7670720299344973,6.0,0.17041963119813805,0.07017278931655858,-0.4166666666685614,0.881207888660993,1.0137853822856997,0.5425158245550213,50.2764584665067,-0.10542383369875097,-0.17777076056318036,0.0723469268644294,10.423258617423532,23.984811426790152,20.65388816472895,59.88538681947655,0.6708815343656713,2.4375110485857023,0.00016643990330633684,6.33991451681748e-05,-0.0003089557559513567,0.00016379756734186124,2.6414705593946763e-06,-1.1728880500102858,0.6215304196634222,0.6816785247916405,0.641579788039191,0.058823529411764705,0.0,0.20529363327011224,-0.5813233302241537,0.4917642475311626,-0.7866169634942659,1.0730875777553164,0.013948483946452801,-0.44063647610900164,-1.2551405236541426,0.15561888468788196,0.9766709772059902,3.4986147816550885,6.1351067231311465,2.0779956530265196,-0.03406906411737928,-1.1011500801334062,0.104781281790422,1.06867917042989,0.8713209978074695,0.5702614379085351,0.5537254901962168,4.801823726110607,2.0951589953175347,-0.2588190451025208,-0.9659258262890683,-0.433883739117558,-0.9009688679024191,-0.0003089557559513567,0.00016379756734186124,0.0723469268644294,3.3309232620612015,13,4,,,0.27777777777781987,0.17999999999938154,,LONDON_NY_OVERLAP,64.0,2.0951589953175347,33.26190213618735,0.6977094635322313,5.914563670991307,18.916579062985118,1.22681505034445,4.799043062200936,0.5539967077940711,CORE,CORE_GATE,M1_OHLC,3,4,V15_Q2,HIGH,1,B,15
XAUUSD,C_DISPLACEMENT_MID_RETEST,V15_QUALITY_PRESERVING_EXPANDED,C_DISPLACEMENT_MID_RETEST|BUY|2020-07-24T19:25:00+00:00,2020-07-24 19:25:00+00:00,2020-07-24 19:26:00+00:00,BUY,UTC_18_23,0.6042424926819379,15.0,1.929968558715529,0.5230755906797641,0.2710280373831021,0.6610169491521636,0.18938943800479874,,1.0461511813595281,0.5789905676144127,10.0,87.38317757014046,2.0643448742521424,2.840841570071161,0.18938943800479874,,1,1,2,0.24350070600570112,0.08163265306114872,5.0,2.7463429972274485,0.23881243454195994,2.161616161616969,1.4503950834064787,15.0,0.18938943800479874,0.21644507200524993,0.06666666666612772,0.5248478855949376,1.2161721079290575,0.4036918235583531,52.656726474348524,0.13471159540654298,0.13133723675735012,0.00337435864919286,8.125594430252702,19.255130682428856,20.516520385783426,69.35483870966772,0.6304651390971084,4.113002227212456,0.00015524354818330366,-0.00018938447415561832,-0.00010522245341937353,0.0005817534734104957,0.0004553422436526233,-0.3607417866758267,1.993098371383522,1.0641882706937091,0.5230755906797641,0.3389830508478365,0.16949152542353285,0.28406593594318474,0.26303246629770927,0.6734196144600557,-0.02103346964547548,0.4103871481623464,0.16302507255872076,0.20131553771862223,0.867262168675285,1.8336161206734645,0.8220983146693372,1.6594122187081464,3.6976033134263004,-4.971660440643248,-0.09674575622495525,0.10410780067953596,0.1309062742060031,0.7975886380388966,0.7645042384013387,0.44878048780481256,0.3604488731604933,3.165509178079856,5.546404970139245,-0.9659258262890684,0.2588190451025203,-0.433883739117558,-0.9009688679024191,-0.00010522245341937353,0.0005817534734104957,0.00337435864919286,-1.2613897033545705,19,4,,,,,0.4953271028042745,NEW_YORK,445.0,2.840841570071161,45.471502210477674,0.7623958746529065,19.11029614914721,17.017993786428153,2.0,3.8031746031751927,1.213460699988109,CORE,CORE_GATE,M1_OHLC,2,4,V15_Q2,MEDIUM,1,C,15
XAUUSD,B_FVG_RETEST_SEQUENCE,V15_QUALITY_PRESERVING_EXPANDED,B_FVG_RETEST_SEQUENCE|BUY|2020-07-27T14:04:00+00:00,2020-07-27 14:04:00+00:00,2020-07-27 14:05:00+00:00,BUY,UTC_12_17,0.502782998657787,7.0,1.7396291753559612,0.3921707389529458,0.22543352601148473,0.3979591836734244,0.12066791967775913,0.4223377188723856,1.1664565568863767,0.4223377188723856,5.0,32.14285714281267,1.6290169156513485,2.307773963839315,0.12066791967775913,,1,1,2,0.7340631780403872,0.24074074074078491,2.0,3.4080190697826684,0.9585053633765053,2.306666666666691,1.5180309101317093,7.0,0.020111319946293185,0.8195362878122476,0.9520958083832791,1.2482876992993626,2.5074182388311783,0.8366203778192881,57.56458665905822,0.6604365005073305,0.5506968582919666,0.10973964221536392,19.361336943588586,25.129294880475076,19.43968815051639,60.87533156498896,0.7029550647865658,4.274601696176401,0.00016465902717399672,-0.00029316463508710644,-0.0005476155584521747,0.0007542740048347429,0.0008083783004491085,-1.0709277871411411,1.4731541860674622,0.9854546773690521,0.3921707389529458,0.6020408163265756,0.0,0.7008785888567565,1.5180046246437162,4.057367823090495,0.8171260357869596,2.5393631984467784,0.6741797379344711,0.6855773164658718,1.4764802696171393,0.2619453307737646,1.2361394614246937,3.7909838098796955,5.741781844671964,-6.424657205576793,-0.17395109723129598,0.0485543498541432,0.2080078125000151,1.0427905109454332,1.2942078480387436,0.6602451838879085,0.3920515574649621,1.48320984604038,4.2585719986315835,-0.4999999999999997,-0.8660254037844388,0.0,1.0,-0.0005476155584521747,0.0007542740048347429,0.10973964221536392,5.689606729958687,14,0,,,0.2427745664738965,0.32142857142812675,,LONDON_NY_OVERLAP,124.0,2.307773963839315,42.52538602647559,0.9651217781981577,40.94161958070351,41.95724123799223,0.9781905332534486,0.3965141612199676,0.988898258535189,CORE,CORE_GATE,M1_OHLC,1,4,V15_Q2,LOW,1,B,15
XAUUSD,A_OB_RETEST_SEQUENCE,V15_QUALITY_PRESERVING_EXPANDED,A_OB_RETEST_SEQUENCE|BUY|2020-07-27T15:20:00+00:00,2020-07-27 15:20:00+00:00,2020-07-27 15:21:00+00:00,BUY,UTC_12_17,0.7397506458752949,8.0,1.4979950578970307,0.9801696057847027,0.6543209876544718,0.9436619718310401,0.7859850612424483,,0.7489975289485153,0.7489975289485153,3.0,33.33333333333333,0.6981396720447517,2.4365536898514004,0.7859850612424483,,1,1,2,0.27740649220313046,0.0,5.0,1.675377308450261,0.0972514532608775,1.5652173913042906,0.8303130148270053,8.0,0.6750224643608597,0.05085785690397383,-0.85987261146478,0.15697501203360295,2.1095117209610468,0.1511830994867598,52.716137029852035,-0.6146820433586981,-0.9233351243213045,0.30865308096260635,30.208689347396252,23.81521310432533,22.42070156338813,98.08383233533117,0.8412193897349968,3.548005191998244,0.000552496172544048,0.00038203505946077243,0.0008031278083651117,-0.0001728523737533072,-0.0007065115091755558,1.4378903179200466,-0.30977058296024296,1.3130573964284171,0.9801696057847027,0.056338028168959955,0.19718309859151997,0.7417213183766639,-0.6009548566971986,-1.7104201920787647,-1.3426761750738625,-1.109465335381566,-0.046877319359339364,-0.9203389683877278,-1.0122895332700579,0.6629183513066454,1.2461209922317422,3.8605736831609856,6.884304448175549,4.9775902906983305,0.15832730594565236,-5.181783813050515,0.07347795661299952,1.3926557725668214,1.293667088290958,0.5607790463398374,0.7044118717472406,4.776015107431253,3.78659861857354,-0.7071067811865471,-0.7071067811865479,0.0,1.0,0.0008031278083651117,-0.0001728523737533072,0.30865308096260635,1.3945115409372022,15,0,0.23456790123408966,0.5525650753463974,,,,LONDON_NY_OVERLAP,200.0,2.4365536898514004,39.10506851757385,0.823362497044223,32.105178030980525,38.582619623924494,0.8345116836429057,2.620493358633462,1.1789887682940663,CORE,CORE_GATE,M1_OHLC,4,4,V15_Q2,VERY_HIGH,1,A,15
XAUUSD,C_DISPLACEMENT_MID_RETEST,V15_QUALITY_PRESERVING_EXPANDED,C_DISPLACEMENT_MID_RETEST|BUY|2020-07-27T20:06:00+00:00,2020-07-27 20:06:00+00:00,2020-07-27 20:07:00+00:00,BUY,UTC_18_23,0.6775970645645683,2.0,1.5325092488287388,0.1646497540065267,0.10743801652901258,0.638888888889117,0.31663414231997783,0.4242897507085284,0.6206029189471681,0.4999999999998359,1.0,27.202341752917253,1.3268380287534334,1.9821297309231303,0.31663414231997783,,-1,1,1,0.19631316823863967,0.397260273972543,1.0,1.7505524652755626,0.15195767927738682,1.4069767441860666,0.7506271951831404,2.0,0.02533073138557519,0.31663414231997783,0.8518518518519766,0.4679132654895868,0.8119664132113491,-0.2927568950790504,52.79000230712721,-0.3284088194593551,-0.5001449147595856,0.17173609530023048,26.928406574782702,23.802100468344403,27.013663362507277,87.01594533030239,0.831910052542272,3.3513168204762036,6.458479725535149e-05,0.0006979575693497608,0.0006488101700348192,0.0003979749792613063,-0.0009136261926822042,1.589503394446427,0.9752331583455087,0.45595316494064136,0.1646497540065267,0.361111111110883,0.2777777777776023,0.6410250486566541,-0.5042065486923158,-2.942619638095873,-1.14523159734897,-2.438413089403557,-0.1569581734354195,-0.7380197976614861,-0.5278250984125391,-0.5453480764704153,1.031967295690568,2.780047769569325,7.877857460921083,12.837258160662948,0.15107808249532462,-3.2726802275289977,0.42350061199510475,1.170844620855665,0.9986480848897119,0.35289389067522936,0.7484171310449678,4.388549212554789,4.6988506720285175,-0.8660254037844386,0.5000000000000001,0.0,1.0,0.0006488101700348192,0.0003979749792613063,0.17173609530023048,-3.211562894162874,20,0,,,,,0.47107438016503456,NEW_YORK,486.0,1.9821297309231303,54.14443833671621,0.7637426900584816,41.22576533006106,52.846238353204186,0.7825044937088116,5.798722044728116,1.1862516385611768,CORE,CORE_GATE,M1_OHLC,0,4,V15_Q2,LOW,1,C,15
XAUUSD,C_DISPLACEMENT_MID_RETEST,V15_QUALITY_PRESERVING_EXPANDED,C_DISPLACEMENT_MID_RETEST|BUY|2020-07-28T07:38:00+00:00,2020-07-28 07:38:00+00:00,2020-07-28 07:39:00+00:00,BUY,UTC_06_11,0.4881989266989784,12.0,0.9521896421568914,0.45995601358409627,0.483050847457454,0.8636363636364693,0.2703250255275547,0.3026026405158866,1.0328836796277212,0.5000000000000212,5.0,100.0,1.2791520100735885,1.8156158430953198,0.2703250255275547,,-1,1,1,0.6899340203762362,0.006849315068642486,7.0,1.873560460000934,0.2537553670431531,1.4303030303036985,0.8857287963433138,12.0,0.4720601192048125,0.4962683304458779,0.024999999999791564,1.1522078500382162,0.5532969993898191,-0.41168703275151014,52.956691075303304,0.13388660992745827,0.04128673270891671,0.09259987721854156,17.25789237140518,26.138903521741348,27.963009810755104,58.5492227979259,0.6963108777253474,2.7221938455126375,0.0003856497169330009,-0.0003134425757786996,1.7990372580545255e-05,0.0004679601565351632,0.00046538775027449297,0.028242913114698658,0.7343157409851008,0.7101075297438518,0.45995601358409627,0.13636363636353066,0.21590909090918192,0.4421742615601292,0.1759702463460617,-6.002115875180835,-0.2662040152140675,-6.178086121526897,0.2786037154198377,-0.10683331640685485,0.34800326234444207,-0.6993908745294065,0.6860212545791295,3.4658089093753466,4.349408619681574,-3.2710187549377068,-0.12914419278042144,-2.774289827543864,0.06897851488880305,0.3406065170887281,0.5017922291158057,0.7968460111317578,0.5545454545455438,4.260645178463845,4.192055246613548,0.9659258262890683,-0.25881904510252063,0.7818314824680298,0.6234898018587336,1.7990372580545255e-05,0.0004679601565351632,0.09259987721854156,-1.8241062890137556,7,1,,,,,0.39830508474588033,LONDON,38.0,1.8156158430953198,38.632270439194855,0.25284595300261137,1.666331873774193,38.632270439194855,0.25284595300261137,15.897777777777769,0.8567862065378514,CORE,CORE_GATE,M1_OHLC,2,4,V15_Q2,MEDIUM,1,C,15
XAUUSD,A_OB_RETEST_SEQUENCE,V15_QUALITY_PRESERVING_EXPANDED,A_OB_RETEST_SEQUENCE|BUY|2020-07-29T07:14:00+00:00,2020-07-29 07:14:00+00:00,2020-07-29 07:15:00+00:00,BUY,UTC_06_11,0.7910825135048618,9.0,1.186623770257143,0.4087259653109802,0.34444444444460165,0.432432432432474,0.0527388342335975,,0.8701907648549583,0.8701907648549583,2.0,34.09090909090283,1.1734390616990433,2.1688845578589455,0.0527388342335975,,-1,1,1,0.2505094626095881,0.1645569620254622,7.0,2.6916587161281824,0.4295914160402993,1.3432835820895421,0.5907079646017083,9.0,0.03296177139584854,0.6790124907583173,0.9074074074079065,0.6770366416675007,0.38627385061283653,-0.21705355688494185,59.4745154468047,0.569716229588721,0.5854452295797812,-0.015728999991060144,33.38444037876252,29.744940677896732,10.931255815133973,79.66101694916057,0.6706462402409552,3.8960068977750244,0.00022779801227024166,0.00022779801227024166,0.000263640854605951,0.0005299824107287687,0.0024703519289523967,0.6790124907583173,1.3646173357956843,0.9756684333221534,0.4087259653109802,0.567567567567526,0.013513513513197947,1.136356817994208,2.320981946350858,1.0591177805298009,1.1846251283566498,-1.2618641658210568,0.5508904384277532,0.8111502730445991,2.922020482998418,-0.7339077743646916,1.0743446295086723,2.7226423173120193,10.22474148704756,0.36903016185645754,0.055098928996883956,3.0997255611496968,0.10462962962962793,1.156907647762859,1.0534738936481487,0.26627981947132773,0.4774774774775456,3.8433425447765655,7.970156323559767,0.9659258262890683,-0.25881904510252063,0.9749279121818236,-0.22252093395631434,0.000263640854605951,0.0005299824107287687,-0.015728999991060144,18.81368486276276,7,2,0.30303030303009426,0.6242500264335742,,,,LONDON,14.0,2.1688845578589455,21.41196669885977,0.37777093596059563,-11.319072297395905,21.41196669885977,0.37777093596059563,6.142857142856235,0.4139566985854335,CORE,CORE_GATE,M1_OHLC,0,4,V15_Q2,LOW,1,A,15
XAUUSD,C_DISPLACEMENT_MID_RETEST,V15_QUALITY_PRESERVING_EXPANDED,C_DISPLACEMENT_MID_RETEST|BUY|2020-07-29T07:14:00+00:00,2020-07-29 07:14:00+00:00,2020-07-29 07:15:00+00:00,BUY,UTC_06_11,0.7910825135048618,9.0,1.186623770257143,0.4087259653109802,0.34444444444460165,0.432432432432474,0.0527388342335975,,0.8701907648549583,0.5000000000001431,2.0,100.0,1.80022218083298,2.1688845578589455,0.0527388342335975,,-1,1,1,0.2505094626095881,0.1645569620254622,7.0,2.6916587161281824,0.4295914160402993,1.3432835820895421,0.5907079646017083,9.0,0.03296177139584854,0.6790124907583173,0.9074074074079065,0.6770366416675007,0.38627385061283653,-0.21705355688494185,59.4745154468047,0.569716229588721,0.5854452295797812,-0.015728999991060144,33.38444037876252,29.744940677896732,10.931255815133973,79.66101694916057,0.6706462402409552,3.8960068977750244,0.00022779801227024166,0.00022779801227024166,0.000263640854605951,0.0005299824107287687,0.0024703519289523967,0.6790124907583173,1.3646173357956843,0.9756684333221534,0.4087259653109802,0.567567567567526,0.013513513513197947,1.136356817994208,2.320981946350858,1.0591177805298009,1.1846251283566498,-1.2618641658210568,0.5508904384277532,0.8111502730445991,2.922020482998418,-0.7339077743646916,1.0743446295086723,2.7226423173120193,10.22474148704756,0.36903016185645754,0.055098928996883956,3.0997255611496968,0.10462962962962793,1.156907647762859,1.0534738936481487,0.26627981947132773,0.4774774774775456,3.8433425447765655,7.970156323559767,0.9659258262890683,-0.25881904510252063,0.9749279121818236,-0.22252093395631434,0.000263640854605951,0.0005299824107287687,-0.015728999991060144,18.81368486276276,7,2,,,,,0.7999999999996968,LONDON,14.0,2.1688845578589455,21.41196669885977,0.37777093596059563,-11.319072297395905,21.41196669885977,0.37777093596059563,6.142857142856235,0.4139566985854335,CORE,CORE_GATE,M1_OHLC,0,4,V15_Q2,LOW,2,A+C,15
XAUUSD,A_OB_RETEST_SEQUENCE,V15_QUALITY_PRESERVING_EXPANDED,A_OB_RETEST_SEQUENCE|BUY|2020-07-29T09:58:00+00:00,2020-07-29 09:58:00+00:00,2020-07-29 09:59:00+00:00,BUY,UTC_06_11,0.4910322644705829,10.0,0.7996811164239582,0.5471502375528988,0.6842105263153696,0.9375000000000592,0.10522119952918277,,0.6874451702593264,0.6874451702593264,2.0,88.77551020407407,2.1745714569413352,2.8830608671063707,0.10522119952918277,,1,1,2,0.42088479811736906,0.06593406593401652,8.0,3.2954987396469826,0.32117148733854706,0.7755102040819609,0.5165843330981439,10.0,0.10522119952918277,0.7084894101650354,0.7413793103454225,0.5312246959495949,0.39493875671465245,0.18266544382772062,59.399203177249326,0.4602159901764935,0.4511510752349462,0.00906491494154732,36.030706364092445,21.52651607138867,11.568463591911103,78.13688212928162,0.8074161081952822,3.405647613796251,0.00017625556546096988,6.896217041840735e-05,5.874495240387745e-05,0.0005238398225588803,0.0009868084671234012,0.16133917261181763,1.4380230602357797,0.6734156769884285,0.5471502375528988,0.06249999999994079,0.12500000000035527,0.8651188881342935,2.2946731959565767,5.013099418637394,1.4295543078222834,2.718426222680817,0.4794944730174158,0.9974619469946778,3.3488308740867323,-0.6378552297749911,0.8224107175163445,3.002311559906451,4.054523555200831,-1.8024436365096363,-0.007792593663352498,-0.12554284445711517,0.14208633093524664,0.9025383627431002,1.2652894599063815,0.7404844290657325,0.5698099415204999,0.8066958630587692,11.11837341694388,0.7071067811865476,-0.7071067811865475,0.9749279121818236,-0.22252093395631434,5.874495240387745e-05,0.0005238398225588803,0.00906491494154732,9.958052479477567,9,2,0.3673469387754629,0.46779325329714533,,,,LONDON,178.0,2.8830608671063707,22.78389707144066,0.6117610837438472,-6.713112529977938,22.78389707144066,0.6117610837438472,3.06812652068143,0.7745539448513634,CORE,CORE_GATE,M1_OHLC,4,4,V15_Q2,VERY_HIGH,1,A,15
XAUUSD,C_DISPLACEMENT_MID_RETEST,V15_QUALITY_PRESERVING_EXPANDED,C_DISPLACEMENT_MID_RETEST|BUY|2020-07-29T09:59:00+00:00,2020-07-29 09:59:00+00:00,2020-07-29 10:00:00+00:00,BUY,UTC_06_11,0.49116929992598485,11.0,0.7999042884513272,0.4069688485101564,0.5087719298243515,1.0,0.273651467101921,,0.6876370198968893,0.5000000000001628,3.0,100.0,2.844366589534006,3.2627674923660632,0.273651467101921,,1,1,2,0.4210022570791421,0.06593406593401652,8.0,3.2954987396469826,0.32117148733854706,0.7755102040819609,0.5165843330981439,11.0,0.021050112853797563,1.087589164122234,0.9620253164560166,0.6304018253584482,0.45187274206269484,0.23641719261741048,61.67290449754619,0.47640861791433053,0.4562025837708231,0.020206034143507412,35.96876380287815,22.40021339381682,10.745142641666494,88.40304182509976,0.8726831604838133,3.6242999899524637,0.00013791482993052995,-1.787506352024515e-05,0.0002988635521850025,0.0006720550318524143,0.0007436578254014226,0.8209544013051248,1.8453932268653277,0.9963720084215936,0.4069688485101564,0.0,0.59154929577472,1.1257611771235918,2.5693444155423,5.339734810633202,1.4435832384187082,2.770390395090902,0.5121355373826626,1.0062167669707678,3.6835996285478756,-0.8774806337769823,0.8192712293401047,1.7962762968722825,3.6907864537300172,-3.2525533539350064,-0.022715586810328925,-0.6825560478999293,0.18486672398964885,0.8767090562209522,1.263960139384444,0.4866920152090926,0.6458333333334073,0.428018961363954,11.500378322555601,0.7071067811865476,-0.7071067811865475,0.9749279121818236,-0.22252093395631434,0.0002988635521850025,0.0006720550318524143,0.020206034143507412,11.655070752150326,9,2,,,,,0.5789473684207587,LONDON,179.0,3.2627674923660632,22.790255516571314,0.6283866995073931,-6.336083969046673,22.790255516571314,0.6283866995073931,2.595698924731323,0.782454991816694,CORE,CORE_GATE,M1_OHLC,3,4,V15_Q2,HIGH,2,A+C,15
XAUUSD,A_OB_RETEST_SEQUENCE,V15_QUALITY_PRESERVING_EXPANDED,A_OB_RETEST_SEQUENCE|BUY|2020-07-29T22:57:00+00:00,2020-07-29 22:57:00+00:00,2020-07-29 22:58:00+00:00,BUY,UTC_18_23,0.4727094728898628,8.0,1.2937311889618415,0.8085819931012039,0.625000000000041,0.9930069930071576,0.3669718276382779,,0.9827381146921912,0.9827381146921912,4.0,49.05063291139336,0.37008175838090085,1.013837422119128,0.3669718276382779,,1,1,2,0.08085819931003554,0.0,4.0,0.8926836307020687,0.29372171074722353,1.4494773519164244,0.8514851485148889,8.0,0.14616674490667342,0.5411279492292651,0.5746606334843509,0.605992507531936,0.6163850329752564,0.2969604481196122,54.478391194071854,0.1717739408379657,0.1867997011230415,-0.015025760285075795,8.519749801992909,21.595684019226216,20.9165752027,74.56242707118092,0.6920969942856026,2.6121560475226433,0.0006505866716139952,0.00019051393037861075,0.0009303957232302817,0.0002286254277201749,0.0014115241408778623,1.1382346518270163,0.27989376684271355,0.8894401924110981,0.8085819931012039,0.006993006992842431,0.0839160839160172,0.6198159054209259,0.8803756448415689,2.5438811307925726,0.26055973942064303,1.6635054859510034,0.15141216463991589,0.11387052821274993,2.668420136072694,-0.15915132856867784,0.6334270779514027,2.133412489489841,5.1531552406482986,1.3890349224562755,0.06920008243872011,-1.0393441821491685,0.027291008330933845,0.6378599611061084,0.749136751419573,0.41400120700059573,0.5822333916084378,1.6949122547695377,10.74170078527371,-0.5000000000000004,0.8660254037844384,0.9749279121818236,-0.22252093395631434,0.0009303957232302817,0.0002286254277201749,-0.015025760285075795,0.6791088165262167,22,2,0.4177215189874966,0.4866565599632135,,,,ASIA,117.0,1.3839191805000288,24.518693975419275,0.694571283612381,3.8687538439146083,10.101055052278106,1.2894088669950945,5.411235955055831,2.2435379644588043,CORE,CORE_GATE,M1_OHLC,4,4,V15_Q2,VERY_HIGH,1,A,15
XAUUSD,C_DISPLACEMENT_MID_RETEST,V15_QUALITY_PRESERVING_EXPANDED,C_DISPLACEMENT_MID_RETEST|BUY|2020-07-29T22:57:00+00:00,2020-07-29 22:57:00+00:00,2020-07-29 22:58:00+00:00,BUY,UTC_18_23,0.4727094728898628,8.0,1.2937311889618415,0.8085819931012039,0.625000000000041,0.9930069930071576,0.3669718276382779,,0.9827381146921912,0.5000000000000839,4.0,100.0,0.2475889188315117,1.013837422119128,0.3669718276382779,,1,1,2,0.08085819931003554,0.0,4.0,0.8926836307020687,0.29372171074722353,1.4494773519164244,0.8514851485148889,8.0,0.14616674490667342,0.5411279492292651,0.5746606334843509,0.605992507531936,0.6163850329752564,0.2969604481196122,54.478391194071854,0.1717739408379657,0.1867997011230415,-0.015025760285075795,8.519749801992909,21.595684019226216,20.9165752027,74.56242707118092,0.6920969942856026,2.6121560475226433,0.0006505866716139952,0.00019051393037861075,0.0009303957232302817,0.0002286254277201749,0.0014115241408778623,1.1382346518270163,0.27989376684271355,0.8894401924110981,0.8085819931012039,0.006993006992842431,0.0839160839160172,0.6198159054209259,0.8803756448415689,2.5438811307925726,0.26055973942064303,1.6635054859510034,0.15141216463991589,0.11387052821274993,2.668420136072694,-0.15915132856867784,0.6334270779514027,2.133412489489841,5.1531552406482986,1.3890349224562755,0.06920008243872011,-1.0393441821491685,0.027291008330933845,0.6378599611061084,0.749136751419573,0.41400120700059573,0.5822333916084378,1.6949122547695377,10.74170078527371,-0.5000000000000004,0.8660254037844384,0.9749279121818236,-0.22252093395631434,0.0009303957232302817,0.0002286254277201749,-0.015025760285075795,0.6791088165262167,22,2,,,,,0.2019230769232062,ASIA,117.0,1.013837422119128,24.518693975419275,0.694571283612381,3.8687538439146083,10.101055052278106,1.2894088669950945,7.386503067484146,2.2435379644588043,CORE,CORE_GATE,M1_OHLC,4,4,V15_Q2,VERY_HIGH,2,A+C,15
XAUUSD,C_DISPLACEMENT_MID_RETEST,V15_QUALITY_PRESERVING_EXPANDED,C_DISPLACEMENT_MID_RETEST|BUY|2020-07-30T23:54:00+00:00,2020-07-30 23:54:00+00:00,2020-07-31 01:05:00+00:00,BUY,UTC_18_23,0.8807536309708653,9.0,1.6406195086705961,0.967102026163972,0.58947368421068,1.0,0.27631486461872645,,1.191607853666049,0.4999999999997819,5.0,100.0,1.8137266451175165,2.7113396090662962,0.27631486461872645,2.2795976331003702,1,-1,1,0.03453935807684998,0.3620689655173495,4.0,2.760719505783449,0.42981261766722634,1.5447154471545226,0.9072486360093355,9.0,0.5526297292358823,1.8305859780954308,0.5362318840582767,1.0802141115281865,0.07504203863880918,-0.05941774327807214,60.998973896568465,0.5778707631116049,0.5882927635400582,-0.010422000428453315,17.481348345881027,26.75945749032616,22.406360575581758,83.06878306879733,0.7838449833456799,3.799579063369489,0.0002682588467934899,3.575953246981456e-05,-5.1080610311116104e-05,0.0002733699359496189,0.0015707181302826445,-0.17269679038621322,0.9239278285672223,0.967102026163972,0.967102026163972,0.0,0.0,1.3216377668798458,2.852574452805788,6.0509638324279305,1.5309366859259423,3.1983893796221423,0.7314058470411376,1.1208851034820493,3.8247771704402873,-0.4235326467658273,0.9833669337462697,3.263969338302178,7.6677374931549345,-2.4471288026722036,-0.046034591608176134,-1.6081166220068184,0.2786421499293261,1.0826120977952238,1.0101297754982734,0.42567567567564174,0.726851851851955,0.5526297292358823,7.572754258442713,-0.25881904510252157,0.9659258262890681,0.43388373911755823,-0.900968867902419,-5.1080610311116104e-05,0.0002733699359496189,-0.010422000428453315,4.353096914744402,23,3,,,,,0.21052631578951142,ASIA,174.0,2.7113396090662962,55.71198457864264,0.5618412895226328,-23.633555764374677,19.152074053848324,-0.27457168620377526,9.003184713374706,0.4477598023217865,CORE,CORE_GATE,M1_OHLC,3,4,V15_Q2,HIGH,1,C,15
XAUUSD,A_OB_RETEST_SEQUENCE,V15_QUALITY_PRESERVING_EXPANDED,A_OB_RETEST_SEQUENCE|BUY|2020-07-31T17:07:00+00:00,2020-07-31 17:07:00+00:00,2020-07-31 17:08:00+00:00,BUY,UTC_12_17,0.7386445998926042,10.0,1.7235040664163097,0.40009915827527726,0.2321428571428934,0.681159420289953,0.6586247682377727,,0.4924297332617828,0.4924297332617828,2.0,1.2499999999989342,1.2926280498121974,2.3575073479908744,0.6586247682377727,,-1,1,1,0.03077685832897514,0.6312499999998881,8.0,2.3242631895180175,0.65369902205205,1.728395061728362,0.8968446601941555,10.0,0.05539834499190333,0.3847107291107897,0.7482517482519484,0.80337140059771,0.3831125014777753,-0.24333115603642264,59.19089771061121,0.7040713428812069,0.5087865757928277,0.19528476708837916,20.323478990301936,21.476146178052346,11.240909656291857,86.53637350705996,0.9229005784644091,2.449264010985565,0.0003429233325036307,0.0008335853573615548,0.0006886247325543771,0.0007115104604744626,0.0042996712766147915,0.8340528607122032,0.8617520332082249,0.8494412898765509,0.40009915827527726,0.31884057971004703,0.21014492753622352,1.145107434064603,1.17944432764069,-1.04433329097677,0.03433689357608704,-2.22377761861746,0.4840295144013042,0.14804999214509382,1.7786599904065559,-0.10315113031015019,0.9487004351205452,2.7514511346002446,5.709107220004175,5.01197243498774,0.1405854060283892,2.728930263277352,0.04251601630751286,1.0693358201203595,1.027483004540256,0.481940700808599,0.5618414998850217,2.1913123130150245,5.653708875012131,-0.9659258262890683,-0.25881904510252063,-0.433883739117558,-0.9009688679024191,0.0006886247325543771,0.0007115104604744626,0.19528476708837916,10.23523652176049,17,4,0.42499999999992183,0.15737198679014267,,,,NEW_YORK,307.0,2.3575073479908744,17.48125553079434,0.47359154929578273,8.168178200480275,9.811662435241614,0.8437892095357733,0.6501305483028275,2.3430422662548027,CORE,CORE_GATE,M1_OHLC,0,4,V15_Q2,LOW,1,A,15
XAUUSD,A_OB_RETEST_SEQUENCE,V15_QUALITY_PRESERVING_EXPANDED,A_OB_RETEST_SEQUENCE|BUY|2020-08-03T01:59:00+00:00,2020-08-03 01:59:00+00:00,2020-08-03 02:00:00+00:00,BUY,UTC_00_05,0.9153939657260753,7.0,1.791556761493082,0.27461818971794155,0.15328467153286005,1.0,0.05884675493934652,,0.6407757760084312,0.6407757760084312,2.0,3.061224489816279,1.0069333622989207,1.9680970263117163,0.05884675493934652,,1,1,2,0.47077403951655616,0.5614035087718808,5.0,2.439973708910449,0.5298932802179994,2.38260869565172,1.0736342042754463,7.0,0.05884675493934652,0.9219324940534294,0.8800000000004486,1.8310648231866264,0.8688176528760562,0.6656853125660757,55.185216608352924,0.29796490177227497,0.3770528250949276,-0.07908792332265263,16.30388973953737,19.614189430072862,23.02488670612412,73.41463414634842,0.5842160839753711,2.0652213363294556,9.324150305300982e-05,0.00016129357446725834,0.0001839796563865015,-0.00025191708904770405,0.0009963148960430157,0.47731256784331544,-0.6538528326616523,0.34000347298434463,0.27461818971794155,0.0,0.19230769230823047,0.4075661360390428,2.1635878040579337,9.142328962619324,1.756021668018891,6.97874115856139,0.18095556471456495,0.875835924479424,2.697278132656603,-0.8900169392666724,0.6249779480135321,2.6807966139127153,4.871203603329488,1.31648996832336,0.08859547516660915,-2.3132459059095645,0.002409638554269148,0.48461802079859717,0.9371537211290655,0.5503355704697663,0.6496350364964226,1.0853957022182477,13.7636021275279,0.25881904510252074,0.9659258262890683,0.0,1.0,0.0001839796563865015,-0.00025191708904770405,-0.07908792332265263,-3.410697276051259,1,0,0.4693877551020692,0.6592858253875141,,,,ASIA,299.0,1.9680970263117163,8.284315389823183,0.8689818468824116,0.9415480790331123,8.284315389823183,0.8689818468824116,0.5514950166112074,0.5540291743379124,CORE,CORE_GATE,M1_OHLC,2,4,V15_Q2,MEDIUM,1,A,15
XAUUSD,C_DISPLACEMENT_MID_RETEST,V15_QUALITY_PRESERVING_EXPANDED,C_DISPLACEMENT_MID_RETEST|BUY|2020-08-03T01:59:00+00:00,2020-08-03 01:59:00+00:00,2020-08-03 02:00:00+00:00,BUY,UTC_00_05,0.9153939657260753,7.0,1.791556761493082,0.27461818971794155,0.15328467153286005,1.0,0.05884675493934652,,0.6407757760084312,0.5374670284479544,2.0,79.19708029194011,1.5162847189420483,1.9680970263117163,0.05884675493934652,,1,1,2,0.47077403951655616,0.5614035087718808,5.0,2.439973708910449,0.5298932802179994,2.38260869565172,1.0736342042754463,7.0,0.05884675493934652,0.9219324940534294,0.8800000000004486,1.8310648231866264,0.8688176528760562,0.6656853125660757,55.185216608352924,0.29796490177227497,0.3770528250949276,-0.07908792332265263,16.30388973953737,19.614189430072862,23.02488670612412,73.41463414634842,0.5842160839753711,2.0652213363294556,9.324150305300982e-05,0.00016129357446725834,0.0001839796563865015,-0.00025191708904770405,0.0009963148960430157,0.47731256784331544,-0.6538528326616523,0.34000347298434463,0.27461818971794155,0.0,0.19230769230823047,0.4075661360390428,2.1635878040579337,9.142328962619324,1.756021668018891,6.97874115856139,0.18095556471456495,0.875835924479424,2.697278132656603,-0.8900169392666724,0.6249779480135321,2.6807966139127153,4.871203603329488,1.31648996832336,0.08859547516660915,-2.3132459059095645,0.002409638554269148,0.48461802079859717,0.9371537211290655,0.5503355704697663,0.6496350364964226,1.0853957022182477,13.7636021275279,0.25881904510252074,0.9659258262890683,0.0,1.0,0.0001839796563865015,-0.00025191708904770405,-0.07908792332265263,-3.410697276051259,1,0,,,,,0.795620437955744,ASIA,299.0,1.9680970263117163,8.284315389823183,0.8689818468824116,0.9415480790331123,8.284315389823183,0.8689818468824116,0.5514950166112074,0.5540291743379124,CORE,CORE_GATE,M1_OHLC,2,4,V15_Q2,MEDIUM,2,A+C,15
XAUUSD,A_OB_RETEST_SEQUENCE,V15_QUALITY_PRESERVING_EXPANDED,A_OB_RETEST_SEQUENCE|BUY|2020-08-06T22:55:00+00:00,2020-08-06 22:55:00+00:00,2020-08-06 22:56:00+00:00,BUY,UTC_18_23,0.45654225891710676,9.0,0.7629884327119655,0.5003202837451876,0.6557377049175561,0.9090909090907838,1.0506725958648369,0.2376521347784095,0.9506085391153444,0.9506085391153444,1.0,0.0,0.6754323830558041,2.751761560597678,1.0506725958648369,,1,1,2,0.3064461737937212,0.13095238095196848,8.0,2.6247618923753495,0.8919093809046162,0.8472222222229986,0.9758787043418086,9.0,0.6003843404941113,2.1513772201041355,0.5636363636364012,0.6749372384394516,0.8420370819781194,0.40403916550175184,63.238641909431436,0.3309574263016657,0.20286403424699948,0.12809339205466622,9.623708689033442,21.7603455049177,13.177508017360013,96.06986899562678,1.10294521732868,2.5651004978182534,6.78697385803062e-05,0.0005092476956543024,0.0004413180375411052,0.0008271840326798952,0.0009995851236501707,1.1382286455198607,2.1326152094632858,1.2382927022693533,0.5003202837451876,0.09090909090921619,0.5050505050503844,1.4135620534204658,2.0870320120235726,4.317179839422234,0.6734699586031069,2.230147827398662,0.44112109610247663,0.44291821615795346,2.0306764975771907,-0.7582749135090591,0.8184089093253096,2.8643336244405018,3.5835440323238177,8.586159430962994,0.10080741762988196,2.1253621114668144,0.2698907956318151,0.5745304053474929,0.8960297270186499,0.7993019197208161,0.8275173635518039,0.6003843404941113,4.8593607558743015,-0.5000000000000004,0.8660254037844384,0.43388373911755823,-0.900968867902419,0.0004413180375411052,0.0008271840326798952,0.12809339205466622,8.582837487557688,22,3,0.42105263157869544,0.5606287537107447,,,,ASIA,115.0,2.751761560597678,44.15326504050242,0.8059490084985846,28.111745942926216,12.801945260326665,2.0,3.1136363636365796,1.1962006778526297,CORE,CORE_GATE,M1_OHLC,4,4,V15_Q2,VERY_HIGH,1,A,15
XAUUSD,A_OB_RETEST_SEQUENCE,V15_QUALITY_PRESERVING_EXPANDED,A_OB_RETEST_SEQUENCE|BUY|2020-08-13T22:41:00+00:00,2020-08-13 22:41:00+00:00,2020-08-13 22:42:00+00:00,BUY,UTC_18_23,0.9434232383434306,6.0,0.9050727001992497,0.7823509781384291,0.8644067796611214,0.8520408163265519,1.1236707676203481,0.04985569958729558,0.9050727001994241,0.9050727001994241,1.0,16.94915254237582,0.9012376463847619,2.933816168019022,1.1236707676203481,,-1,1,1,0.39117548906904015,0.0,5.0,2.2740277206353134,0.3909731870566175,0.9632653061222974,1.0291095890410598,6.0,0.02684537670089171,0.15723720639051364,0.7083333333326624,0.019150770229100562,0.8668751704626023,-0.013399745417024869,58.595147049390604,0.028478570175138884,-0.16044254605224928,0.18892111622738816,15.114941579195655,25.851492547850143,20.692374700756687,94.12955465587125,0.8833458003653557,3.1363050532175856,0.0005005390420451672,0.0011147040768888505,0.0008242308462615977,0.0003644455166784688,0.0018841153397319843,1.2310522744237404,0.5445776416454148,1.5033410952464479,0.7823509781384291,0.14795918367344807,0.3316326530612647,1.2629730809788136,1.1139461858547137,-0.018318477996631662,-0.14902689512409978,-1.1322646638513454,0.14360896909220236,-0.2125983390042254,1.0494288378048953,-0.14060924893705104,0.7720534012478952,3.7890331686313248,3.930930159764236,10.420711975039843,0.2569330819304909,-1.7615445681515531,0.15144847818115303,0.5863624750007034,0.7149091775233859,0.9639024390244009,0.7849262521175225,2.8724553069886114,5.054600927384758,-0.5000000000000004,0.8660254037844384,0.43388373911755823,-0.900968867902419,0.0008242308462615977,0.0003644455166784688,0.18892111622738816,5.159117847093455,22,3,0.8389830508476127,0.4747531557116199,,,,ASIA,101.0,2.933816168019022,40.93152936113514,0.6756300946313124,22.132095562926263,22.891436218178114,1.208075054447984,4.525490196078632,1.2368836606873546,CORE,CORE_GATE,M1_OHLC,3,4,V15_Q2,HIGH,1,A,15
XAUUSD,C_DISPLACEMENT_MID_RETEST,V15_QUALITY_PRESERVING_EXPANDED,C_DISPLACEMENT_MID_RETEST|BUY|2020-08-17T09:33:00+00:00,2020-08-17 09:33:00+00:00,2020-08-17 09:34:00+00:00,BUY,UTC_06_11,0.7744916999109336,16.0,2.387131951780215,0.5410832424035058,0.22666666666666263,1.0,0.010609475341235752,,0.58352114376869,0.7161395855342575,8.0,52.22222222220276,0.602087725615551,1.5808118258455743,0.010609475341235752,,1,1,2,0.222798982166192,0.0,8.0,1.733502927572019,0.3760508996320805,2.1028037383176588,0.7143468950749867,16.0,0.5729116684272131,0.8063201259346409,0.16923076923079614,0.877855061346394,0.06392936015003974,0.04503080577580519,56.54797637038371,0.47990948871529326,0.570381805440012,-0.09047231672471878,18.429343043623536,25.83403707077718,23.663810379797926,73.86172006745184,0.7198627329468521,3.0328265107062764,0.0003080770089829432,0.0003491682862768464,-0.00039765205701569606,0.00024644642229110225,0.0020703241536104144,-0.822234338946615,0.5092548163797985,0.6365685204746275,0.5410832424035058,0.0,0.1499999999998863,0.6825738864140563,1.8512634930452816,4.553996546089065,1.1686896066312253,2.702733053043784,0.17912424792756879,0.7995939830162926,2.3457815522102576,-0.24449719660158742,0.9911581719658533,2.6417593599703557,5.840516175355709,4.215299680712391,-0.031640367909995915,-3.1478668371708416,0.013407304669438843,1.3708782827364168,1.2247372406221084,0.4523160762943119,0.6787067099566828,1.5489833998218672,6.270199926675877,0.7071067811865476,-0.7071067811865475,0.0,1.0,-0.00039765205701569606,0.00024644642229110225,-0.09047231672471878,2.170226690979252,9,0,,,,,0.4799999999999677,LONDON,153.0,1.5808118258455743,23.34084575073988,0.8518181818181719,3.0237004722548426,23.34084575073988,0.8518181818181719,2.1879194630873813,1.0181625125740472,CORE,CORE_GATE,M1_OHLC,3,4,V15_Q2,HIGH,1,C,15
XAUUSD,A_OB_RETEST_SEQUENCE,V15_QUALITY_PRESERVING_EXPANDED,A_OB_RETEST_SEQUENCE|BUY|2020-08-17T18:14:00+00:00,2020-08-17 18:14:00+00:00,2020-08-17 18:15:00+00:00,BUY,UTC_18_23,0.4373145782953691,8.0,0.8203885887401977,1.1119316409370077,1.3553719008263003,0.9293478260869028,1.159392137806385,,0.9898903632732913,0.9898903632732913,1.0,18.835616438361924,1.4407650835312955,3.403595632624507,1.159392137806385,,1,1,2,0.24069251983700524,0.7299270072993282,7.0,2.381072464964176,0.09330762925113151,0.8432055749129495,0.8884381338742876,8.0,0.5491857494871862,1.1865124217316552,0.36718750000002914,2.4622444778529595,1.9912183186677297,0.9495018680511025,58.387420460785286,-0.19988652279334929,-0.5967316222025041,0.3968450994091548,22.763319562267682,24.642697411712206,19.39228921262441,97.67025089605545,1.0426735629022132,3.5373154835868745,0.000794663895013592,0.0008300116050254935,0.002081412531416804,0.001400970329720197,-0.002574591497310985,2.7933892443053083,1.8814696973174005,1.2475330605636676,1.1119316409370077,0.07065217391309721,0.03804347826095553,1.4467942774785287,1.7060443866853756,8.316352689223272,0.25925010920684705,6.610308302537896,0.2539950979466225,0.003090317394867002,0.9575341576425669,1.0447702556112917,1.0677699984957774,3.783279607578754,7.458078079456119,5.993461850269199,0.24955594397362435,-3.5606597694616227,0.012264922322153498,1.2734936579533807,1.0958199827108233,0.5072727272727413,0.6849288406289885,3.762939394634647,5.793570653541188,-1.0,-1.8369701987210297e-16,0.0,1.0,0.002081412531416804,0.001400970329720197,0.3968450994091548,5.250408199087797,18,0,0.5890410958903277,0.31448126895748824,,,,NEW_YORK,374.0,3.403595632624507,40.456683545558676,0.9069884364002017,25.920211361600686,14.916156158912237,2.0,1.105577689243023,2.159743655271383,EXPANDED,RELAXED_SWEEP_WITH_STRONG_COMPENSATION,M1_OHLC,4,4,V15_Q2,VERY_HIGH,1,A,15
XAUUSD,A_OB_RETEST_SEQUENCE,V15_QUALITY_PRESERVING_EXPANDED,A_OB_RETEST_SEQUENCE|BUY|2020-08-20T19:59:00+00:00,2020-08-20 19:59:00+00:00,2020-08-20 20:00:00+00:00,BUY,UTC_18_23,0.7438252671100231,8.0,1.1880542460789332,0.9917670228136772,0.8347826086956178,0.9901960784311584,0.22727994272838883,0.046489079194464523,0.6715089216968292,0.6715089216968292,5.0,39.99999999995802,0.3977398997739758,1.8440668080439608,0.22727994272838883,,1,1,2,0.29959628814181766,0.12612612612602278,3.0,2.1117020516866223,0.21306410835394354,1.1442786069651403,1.1570576540755595,8.0,0.22727994272838883,0.64568165547763,0.4792899408279566,0.975821839359077,0.09885100110665003,0.07402102197895032,49.03695059614455,-0.3389924408334082,-0.46287437536871606,0.12388193453530788,28.048060008196167,11.618239172392284,24.98687837271519,77.4475524475523,0.5977015786919223,2.696354746379664,0.0004811737551879691,-0.0001080074679449261,-0.0002288453082855968,0.0004039489223310877,-0.0004473076705553414,-0.4597253387002417,0.810976159279753,1.0537524617394733,0.9917670228136772,0.009803921568841625,0.04901960784287063,0.06143865608927554,-0.7455772753515959,1.270207651704229,-0.8070159314408715,2.0157849270558246,-0.03415222977712239,-0.5692832498000234,-1.2916129287720217,-0.7474427337686638,0.9445593453976641,2.9546392554655316,4.349311631297353,-0.6802324900919317,-0.03246646511968715,1.24325597764469,0.08439003060778953,0.8735949082784698,0.8900697602352445,0.6793349168645785,0.5757063851180715,5.361740467086296,2.288295787012636,-0.9659258262890684,0.2588190451025203,0.43388373911755823,-0.900968867902419,-0.0002288453082855968,0.0004039489223310877,0.12388193453530788,-13.368639200322905,19,3,0.9384615384616031,1.2263023125268104,,,,NEW_YORK,479.0,1.8440668080439608,31.78819926247466,0.6348716282092904,12.676022260336813,28.533963718867312,0.6964156408399702,4.697478991597016,1.0917620914225747,EXPANDED,RELAXED_SECOND_WITH_STRONG_COMPENSATION,M1_OHLC,4,4,V15_Q2,VERY_HIGH,1,A,15
XAUUSD,B_FVG_RETEST_SEQUENCE,V15_QUALITY_PRESERVING_EXPANDED,B_FVG_RETEST_SEQUENCE|BUY|2020-08-20T19:59:00+00:00,2020-08-20 19:59:00+00:00,2020-08-20 20:00:00+00:00,BUY,UTC_18_23,0.7438252671100231,8.0,1.1880542460789332,0.9917670228136772,0.8347826086956178,0.9901960784311584,0.22727994272838883,0.046489079194464523,0.6715089216968292,0.046489079194464523,5.0,100.0,1.069248821470805,1.8440668080439608,0.22727994272838883,,1,1,2,0.29959628814181766,0.12612612612602278,3.0,2.1117020516866223,0.21306410835394354,1.1442786069651403,1.1570576540755595,8.0,0.22727994272838883,0.64568165547763,0.4792899408279566,0.975821839359077,0.09885100110665003,0.07402102197895032,49.03695059614455,-0.3389924408334082,-0.46287437536871606,0.12388193453530788,28.048060008196167,11.618239172392284,24.98687837271519,77.4475524475523,0.5977015786919223,2.696354746379664,0.0004811737551879691,-0.0001080074679449261,-0.0002288453082855968,0.0004039489223310877,-0.0004473076705553414,-0.4597253387002417,0.810976159279753,1.0537524617394733,0.9917670228136772,0.009803921568841625,0.04901960784287063,0.06143865608927554,-0.7455772753515959,1.270207651704229,-0.8070159314408715,2.0157849270558246,-0.03415222977712239,-0.5692832498000234,-1.2916129287720217,-0.7474427337686638,0.9445593453976641,2.9546392554655316,4.349311631297353,-0.6802324900919317,-0.03246646511968715,1.24325597764469,0.08439003060778953,0.8735949082784698,0.8900697602352445,0.6793349168645785,0.5757063851180715,5.361740467086296,2.288295787012636,-0.9659258262890684,0.2588190451025203,0.43388373911755823,-0.900968867902419,-0.0002288453082855968,0.0004039489223310877,0.12388193453530788,-13.368639200322905,19,3,,,0.03913043478266887,1.0,,NEW_YORK,479.0,1.8440668080439608,31.78819926247466,0.6348716282092904,12.676022260336813,28.533963718867312,0.6964156408399702,4.697478991597016,1.0917620914225747,EXPANDED,RELAXED_SECOND_WITH_STRONG_COMPENSATION,M1_OHLC,4,4,V15_Q2,VERY_HIGH,2,A+B,15
XAUUSD,C_DISPLACEMENT_MID_RETEST,V15_QUALITY_PRESERVING_EXPANDED,C_DISPLACEMENT_MID_RETEST|BUY|2020-08-20T19:59:00+00:00,2020-08-20 19:59:00+00:00,2020-08-20 20:00:00+00:00,BUY,UTC_18_23,0.7438252671100231,8.0,1.1880542460789332,0.9917670228136772,0.8347826086956178,0.9901960784311584,0.22727994272838883,0.046489079194464523,0.6715089216968292,0.49999999999990646,5.0,100.0,1.4597650237047828,1.8440668080439608,0.22727994272838883,,1,1,2,0.29959628814181766,0.12612612612602278,3.0,2.1117020516866223,0.21306410835394354,1.1442786069651403,1.1570576540755595,8.0,0.22727994272838883,0.64568165547763,0.4792899408279566,0.975821839359077,0.09885100110665003,0.07402102197895032,49.03695059614455,-0.3389924408334082,-0.46287437536871606,0.12388193453530788,28.048060008196167,11.618239172392284,24.98687837271519,77.4475524475523,0.5977015786919223,2.696354746379664,0.0004811737551879691,-0.0001080074679449261,-0.0002288453082855968,0.0004039489223310877,-0.0004473076705553414,-0.4597253387002417,0.810976159279753,1.0537524617394733,0.9917670228136772,0.009803921568841625,0.04901960784287063,0.06143865608927554,-0.7455772753515959,1.270207651704229,-0.8070159314408715,2.0157849270558246,-0.03415222977712239,-0.5692832498000234,-1.2916129287720217,-0.7474427337686638,0.9445593453976641,2.9546392554655316,4.349311631297353,-0.6802324900919317,-0.03246646511968715,1.24325597764469,0.08439003060778953,0.8735949082784698,0.8900697602352445,0.6793349168645785,0.5757063851180715,5.361740467086296,2.288295787012636,-0.9659258262890684,0.2588190451025203,0.43388373911755823,-0.900968867902419,-0.0002288453082855968,0.0004039489223310877,0.12388193453530788,-13.368639200322905,19,3,,,,,0.7739130434784844,NEW_YORK,479.0,1.8440668080439608,31.78819926247466,0.6348716282092904,12.676022260336813,28.533963718867312,0.6964156408399702,4.697478991597016,1.0917620914225747,CORE,CORE_GATE,M1_OHLC,4,4,V15_Q2,VERY_HIGH,3,A+B+C,15
XAUUSD,C_DISPLACEMENT_MID_RETEST,V15_QUALITY_PRESERVING_EXPANDED,C_DISPLACEMENT_MID_RETEST|BUY|2020-08-27T08:02:00+00:00,2020-08-27 08:02:00+00:00,2020-08-27 08:03:00+00:00,BUY,UTC_06_11,0.9340610840497178,16.0,1.6929857148398368,0.2918940887657027,0.17241379310357444,1.0,0.1167576355061041,0.4086517242718068,0.642166995284015,0.507895714451951,15.0,100.0,1.9060683996391625,2.3254229071656733,0.1167576355061041,,-1,1,1,0.5643285716137214,0.2820512820515362,1.0,2.310766229540726,0.31630260176192787,1.7575757575759245,0.8045977011495556,16.0,0.25297487693033466,0.2335152710122082,-0.04000000000087307,0.9599550081717185,0.35705074514738827,-0.254992508342466,51.32204089103343,0.19330828260785893,0.31368304379871415,-0.12037476119085522,26.880938681416517,18.419394762151764,16.53857844122396,38.235294117651385,0.4465654161172255,4.106087121460384,7.976451456870315e-05,-0.00011576456060913287,-6.688946002197937e-05,-6.17444346395768e-05,-6.431695394903958e-05,-0.25297487693033466,-0.2335152710122082,0.5254093597779109,0.2918940887657027,0.0,0.44444444444407016,-0.04556978844543224,0.8361959203548828,-0.3866351444723493,0.881765708800315,-1.222831064827232,-0.0749728665464092,0.6418033254260516,1.7449480642189554,-0.9882063296146641,0.9515367822789852,2.7729938432724057,4.368681528524265,-2.676458735378425,-0.053179348401423465,-5.3531599484339125,0.08246597277820963,1.017045485371724,0.9242159717659685,0.6347438752783428,0.5418242959225691,2.0432586213585915,6.188154681828827,0.8660254037844387,-0.4999999999999998,0.43388373911755823,-0.900968867902419,-6.688946002197937e-05,-6.17444346395768e-05,-0.12037476119085522,1.8808163209278028,8,3,,,,,0.8045977011493172,LONDON,62.0,2.3254229071656733,31.008882029857578,0.31785378098525713,-16.997965769112696,31.008882029857578,0.31785378098525713,9.096234309622094,0.45664760020343753,CORE,CORE_GATE,M1_OHLC,1,4,V15_Q2,LOW,1,C,15
XAUUSD,B_FVG_RETEST_SEQUENCE,V15_QUALITY_PRESERVING_EXPANDED,B_FVG_RETEST_SEQUENCE|BUY|2020-08-31T20:59:00+00:00,2020-08-31 20:59:00+00:00,2020-08-31 21:00:00+00:00,BUY,UTC_18_23,0.49362068702279194,7.0,0.8109482715369285,0.3525862050157073,0.43478260869522234,0.7999999999997272,0.16747844738306225,0.9696120637939968,0.5641379280259334,0.9696120637939968,5.0,19.090909090913975,0.5993965485275041,2.0890732647198695,0.16747844738306225,,1,1,2,0.035258620501570734,0.08823529411819779,2.0,2.3375182390972538,0.0878766255298818,1.1500000000001562,1.1102362204724716,7.0,0.16747844738306225,0.4231034460188488,0.4328358208940637,0.7996658917972579,0.5313505636941201,0.32290510439685427,54.50013961221978,0.1184806187607137,0.06998122212737719,0.04849939663333651,13.96264711639579,20.58990030928112,21.30663849690562,74.76635514017474,0.7498254255096771,2.632131101200119,9.886006737680475e-05,0.00023323969942512512,-7.349866308481445e-05,0.00014702974563851612,0.0005807657485157325,-0.25562499863698906,0.5112499972731764,0.88146551254007,0.3525862050157073,0.20000000000027285,0.40000000000009095,0.6000958222164973,0.9114173107165167,3.3079524782899155,0.31132148850001934,2.396535167573399,0.29332003726780903,0.18512892535411907,1.173716627103901,-1.0205421128790961,0.828607792778024,2.8295042952536567,4.142887908938168,4.539540380907425,-0.002022520667507799,-2.0387640391103936,0.09138840070298362,0.719628360780839,0.6852798790483028,0.6829787234042896,0.6000000000001146,1.5425646469455232,5.74715514176084,-0.8660254037844386,0.5000000000000001,0.0,1.0,-7.349866308481445e-05,0.00014702974563851612,0.04849939663333651,-0.7167381876245003,20,0,,,1.19565217391285,0.19090909090913977,,NEW_YORK,539.0,2.0890732647198695,39.19877134265714,0.8252754666066924,6.064482726275377,15.90163784622283,0.569290465631904,3.278481012658563,0.698655880299966,CORE,CORE_GATE,M1_OHLC,2,4,V15_Q2,MEDIUM,1,B,15
XAUUSD,C_DISPLACEMENT_MID_RETEST,V15_QUALITY_PRESERVING_EXPANDED,C_DISPLACEMENT_MID_RETEST|BUY|2020-08-31T20:59:00+00:00,2020-08-31 20:59:00+00:00,2020-08-31 21:00:00+00:00,BUY,UTC_18_23,0.49362068702279194,7.0,0.8109482715369285,0.3525862050157073,0.43478260869522234,0.7999999999997272,0.16747844738306225,0.9696120637939968,0.5641379280259334,0.5000000000001614,5.0,100.0,1.7244827480898846,2.0890732647198695,0.16747844738306225,,1,1,2,0.035258620501570734,0.08823529411819779,2.0,2.3375182390972538,0.0878766255298818,1.1500000000001562,1.1102362204724716,7.0,0.16747844738306225,0.4231034460188488,0.4328358208940637,0.7996658917972579,0.5313505636941201,0.32290510439685427,54.50013961221978,0.1184806187607137,0.06998122212737719,0.04849939663333651,13.96264711639579,20.58990030928112,21.30663849690562,74.76635514017474,0.7498254255096771,2.632131101200119,9.886006737680475e-05,0.00023323969942512512,-7.349866308481445e-05,0.00014702974563851612,0.0005807657485157325,-0.25562499863698906,0.5112499972731764,0.88146551254007,0.3525862050157073,0.20000000000027285,0.40000000000009095,0.6000958222164973,0.9114173107165167,3.3079524782899155,0.31132148850001934,2.396535167573399,0.29332003726780903,0.18512892535411907,1.173716627103901,-1.0205421128790961,0.828607792778024,2.8295042952536567,4.142887908938168,4.539540380907425,-0.002022520667507799,-2.0387640391103936,0.09138840070298362,0.719628360780839,0.6852798790483028,0.6829787234042896,0.6000000000001146,1.5425646469455232,5.74715514176084,-0.8660254037844386,0.5000000000000001,0.0,1.0,-7.349866308481445e-05,0.00014702974563851612,0.04849939663333651,-0.7167381876245003,20,0,,,,,0.7173913043485998,NEW_YORK,539.0,2.0890732647198695,39.19877134265714,0.8252754666066924,6.064482726275377,15.90163784622283,0.569290465631904,3.278481012658563,0.698655880299966,CORE,CORE_GATE,M1_OHLC,2,4,V15_Q2,MEDIUM,2,B+C,15
XAUUSD,A_OB_RETEST_SEQUENCE,V15_QUALITY_PRESERVING_EXPANDED,A_OB_RETEST_SEQUENCE|BUY|2020-09-01T05:42:00+00:00,2020-09-01 05:42:00+00:00,2020-09-01 05:43:00+00:00,BUY,UTC_00_05,0.6566040239926997,10.0,0.8861485201854215,0.6726187562853112,0.7590361445783034,0.8064516129033678,0.13879434653515668,,0.5658538743353774,0.5658538743353774,4.0,22.641509433933123,1.1263695045726512,2.3648421351933395,0.13879434653515668,,1,1,2,0.11210312604755186,0.6371681415928829,6.0,3.3811112433898147,1.1179918397083168,0.8058252427186181,1.00968660968664,10.0,0.1815002993151302,1.70823811120064,0.8079096045197145,2.160455278812359,0.7600373624590019,0.624284827999945,62.75048133238379,0.9915748328896825,1.097659516377396,-0.10608468348771338,41.18453650735622,25.636957157270366,14.96985556537426,67.63358778626211,0.7357624732904916,3.302403859080751,0.0001991087990966811,-0.00035769253052353456,-4.535547352357838e-05,0.000287346905853747,0.0016355417353401958,-0.09608839375469766,0.6085598271153508,0.9929134021351125,0.6726187562853112,0.19354838709663225,0.12903225806442148,1.0240664681520804,3.543050985144437,10.392020456969657,2.5189845169923566,6.848969471825219,0.7230481076705888,1.6036387460701031,4.328007846042442,-0.3860405461569009,1.019842407645115,3.026784403283415,5.519744396816675,-10.011880584394738,-0.13191155404619348,-3.5741637484744473,0.25856353591162606,0.8705398060067152,1.2231133973492325,0.5483558994197285,0.3938172043012333,1.1317077486702691,11.498577786018307,0.9659258262890683,0.25881904510252074,0.7818314824680298,0.6234898018587336,-4.535547352357838e-05,0.000287346905853747,-0.10608468348771338,10.667101591896106,5,1,0.39622641509382966,0.8303531625019387,,,,ASIA,522.0,2.3648421351933395,21.395682342786152,0.9471057884231563,16.703365781082557,21.395682342786152,0.9471057884231563,0.47855530474035024,1.3673747494989978,CORE,CORE_GATE,M1_OHLC,3,4,V15_Q2,HIGH,1,A,15
XAUUSD,A_OB_RETEST_SEQUENCE,V15_QUALITY_PRESERVING_EXPANDED,A_OB_RETEST_SEQUENCE|BUY|2020-09-01T10:59:00+00:00,2020-09-01 10:59:00+00:00,2020-09-01 11:00:00+00:00,BUY,UTC_06_11,0.7749297854770201,4.0,1.4957947021996818,2.00941095536455,1.3433734939758484,0.8840579710145883,0.0856027088610504,0.5947135562963034,0.5046054417058427,0.5046054417058427,3.0,73.21428571426686,0.09010811459025587,2.243692053299625,0.0856027088610504,,1,1,2,0.27032434377097253,0.0,1.0,2.8945826483245827,0.2686260412272114,1.7202072538860385,0.7905138339921236,4.0,0.26131353231194693,1.4687622678226049,0.697916666666716,1.0428502999285285,1.9520174977562739,0.7482215080216609,59.1809065067504,0.6207229649062356,0.5756574232083772,0.04506554169785837,22.94056731835499,26.152420780602945,23.30759709090012,89.00343642612629,0.8418815999419893,3.7294485040130723,0.0010679035921763447,-7.529534599459708e-05,0.0012163340596154093,0.00013304949441206304,0.0022212830613959067,2.180616373086241,0.2387865036644854,2.486983962693111,2.00941095536455,0.11594202898541173,0.07608695652175883,1.4572540021867018,2.337228254142323,4.200773818826227,0.879974251955621,1.8635455646839043,0.5510401614543469,0.5475421060426808,2.4448092073832597,0.0917711477889797,1.3880475696160155,2.6221461345786996,4.667600335779352,-5.388197745230748,0.011932372317645101,-1.9568253899405015,0.2422320862396993,1.3450056445178502,1.3992367378129646,0.5617760617760514,0.3889152074487769,0.2883459666888188,4.604524655566378,0.49999999999999994,-0.8660254037844387,0.7818314824680298,0.6234898018587336,0.0012163340596154093,0.00013304949441206304,0.04506554169785837,2.8448236897028245,10,1,0.35714285714297317,2.4285986992569963,,,,LONDON,239.0,2.3338001678898808,24.392266619604186,0.988178795714824,21.098815031327774,21.905282656911076,1.1003702180172794,0.12355212355200423,1.2559416014786329,CORE,CORE_GATE,M1_OHLC,4,4,V15_Q2,VERY_HIGH,1,A,15
XAUUSD,B_FVG_RETEST_SEQUENCE,V15_QUALITY_PRESERVING_EXPANDED,B_FVG_RETEST_SEQUENCE|BUY|2020-09-01T10:59:00+00:00,2020-09-01 10:59:00+00:00,2020-09-01 11:00:00+00:00,BUY,UTC_06_11,0.7749297854770201,4.0,1.4957947021996818,2.00941095536455,1.3433734939758484,0.8840579710145883,0.0856027088610504,0.5947135562963034,0.5046054417058427,0.5947135562963034,3.0,100.0,0.4144973271155868,2.243692053299625,0.0856027088610504,,1,1,2,0.27032434377097253,0.0,1.0,2.8945826483245827,0.2686260412272114,1.7202072538860385,0.7905138339921236,4.0,0.26131353231194693,1.4687622678226049,0.697916666666716,1.0428502999285285,1.9520174977562739,0.7482215080216609,59.1809065067504,0.6207229649062356,0.5756574232083772,0.04506554169785837,22.94056731835499,26.152420780602945,23.30759709090012,89.00343642612629,0.8418815999419893,3.7294485040130723,0.0010679035921763447,-7.529534599459708e-05,0.0012163340596154093,0.00013304949441206304,0.0022212830613959067,2.180616373086241,0.2387865036644854,2.486983962693111,2.00941095536455,0.11594202898541173,0.07608695652175883,1.4572540021867018,2.337228254142323,4.200773818826227,0.879974251955621,1.8635455646839043,0.5510401614543469,0.5475421060426808,2.4448092073832597,0.0917711477889797,1.3880475696160155,2.6221461345786996,4.667600335779352,-5.388197745230748,0.011932372317645101,-1.9568253899405015,0.2422320862396993,1.3450056445178502,1.3992367378129646,0.5617760617760514,0.3889152074487769,0.2883459666888188,4.604524655566378,0.49999999999999994,-0.8660254037844387,0.7818314824680298,0.6234898018587336,0.0012163340596154093,0.00013304949441206304,0.04506554169785837,2.8448236897028245,10,1,,,0.39759036144581283,1.0,,LONDON,239.0,2.243692053299625,24.392266619604186,0.988178795714824,21.098815031327774,21.905282656911076,1.1003702180172794,0.12851405622477052,1.2559416014786329,CORE,CORE_GATE,M1_OHLC,4,4,V15_Q2,VERY_HIGH,2,A+B,15
XAUUSD,C_DISPLACEMENT_MID_RETEST,V15_QUALITY_PRESERVING_EXPANDED,C_DISPLACEMENT_MID_RETEST|BUY|2020-09-01T10:59:00+00:00,2020-09-01 10:59:00+00:00,2020-09-01 11:00:00+00:00,BUY,UTC_06_11,0.7749297854770201,4.0,1.4957947021996818,2.00941095536455,1.3433734939758484,0.8840579710145883,0.0856027088610504,0.5947135562963034,0.5046054417058427,0.49999999999984934,3.0,100.0,1.507108234511909,2.243692053299625,0.0856027088610504,,1,1,2,0.27032434377097253,0.0,1.0,2.8945826483245827,0.2686260412272114,1.7202072538860385,0.7905138339921236,4.0,0.26131353231194693,1.4687622678226049,0.697916666666716,1.0428502999285285,1.9520174977562739,0.7482215080216609,59.1809065067504,0.6207229649062356,0.5756574232083772,0.04506554169785837,22.94056731835499,26.152420780602945,23.30759709090012,89.00343642612629,0.8418815999419893,3.7294485040130723,0.0010679035921763447,-7.529534599459708e-05,0.0012163340596154093,0.00013304949441206304,0.0022212830613959067,2.180616373086241,0.2387865036644854,2.486983962693111,2.00941095536455,0.11594202898541173,0.07608695652175883,1.4572540021867018,2.337228254142323,4.200773818826227,0.879974251955621,1.8635455646839043,0.5510401614543469,0.5475421060426808,2.4448092073832597,0.0917711477889797,1.3880475696160155,2.6221461345786996,4.667600335779352,-5.388197745230748,0.011932372317645101,-1.9568253899405015,0.2422320862396993,1.3450056445178502,1.3992367378129646,0.5617760617760514,0.3889152074487769,0.2883459666888188,4.604524655566378,0.49999999999999994,-0.8660254037844387,0.7818314824680298,0.6234898018587336,0.0012163340596154093,0.00013304949441206304,0.04506554169785837,2.8448236897028245,10,1,,,,,0.34939759036152174,LONDON,239.0,2.243692053299625,24.392266619604186,0.988178795714824,21.098815031327774,21.905282656911076,1.1003702180172794,0.12851405622477052,1.2559416014786329,CORE,CORE_GATE,M1_OHLC,4,4,V15_Q2,VERY_HIGH,3,A+B+C,15
XAUUSD,A_OB_RETEST_SEQUENCE,V15_QUALITY_PRESERVING_EXPANDED,A_OB_RETEST_SEQUENCE|BUY|2020-09-04T14:44:00+00:00,2020-09-04 14:44:00+00:00,2020-09-04 14:45:00+00:00,BUY,UTC_12_17,0.6205743063978398,9.0,1.1300009758290157,0.42606594170596707,0.37704918032782,0.7916666666663903,0.36122982014186905,,0.42606594170596707,0.42606594170596707,3.0,100.0,2.1303297085298354,2.343362679382819,0.36122982014186905,,1,1,2,0.565000487914929,0.3076923076925319,6.0,3.120072989362224,0.24606253859322968,1.0892857142860477,0.7056638811513266,9.0,0.36122982014186905,0.009262303080344744,-0.9500000000011368,0.3935029506456207,0.49437466693897136,0.17134509449259783,52.86720343515791,0.01114583603475694,-0.02979190349681014,0.04093773953156708,10.841502527473077,23.347623122056415,20.72864079986052,72.9106628242079,0.6759458892660863,2.9901171159512963,0.00010575350663155625,-0.0001650339479988272,5.932238362493791e-05,0.00014186958316120268,0.00042572954563047105,0.21303297085298353,0.5094266694307545,0.8891810957341555,0.42606594170596707,0.20833333333360965,0.31249999999970396,0.45381906772055775,0.35633879479539343,0.8900787737551834,-0.09748027292516431,0.53373997895979,0.1256290316360074,-0.01954308492733848,0.3368092400404438,0.547241223983963,1.1191986000423058,3.2140191689558635,4.492216994073765,-5.140687796797941,-0.03494630623284274,-1.7125041263049692,0.1350931677018758,1.1092298890411045,1.1358372395968623,0.715463917525772,0.5968181001771852,2.148854314690946,2.4267234071076063,-0.4999999999999997,-0.8660254037844388,-0.433883739117558,-0.9009688679024191,5.932238362493791e-05,0.00014186958316120268,0.04093773953156708,2.618982322195894,14,4,1.0,0.383857560205313,,,,LONDON_NY_OVERLAP,164.0,2.343362679382819,30.76010853055273,0.7801866907557942,13.013535828191841,30.76010853055273,0.7801866907557942,2.88537549407099,0.5095981612110644,CORE,CORE_GATE,M1_OHLC,1,4,V15_Q2,LOW,1,A,15
XAUUSD,C_DISPLACEMENT_MID_RETEST,V15_QUALITY_PRESERVING_EXPANDED,C_DISPLACEMENT_MID_RETEST|BUY|2020-09-04T14:46:00+00:00,2020-09-04 14:46:00+00:00,2020-09-04 14:47:00+00:00,BUY,UTC_12_17,0.6073443169102968,11.0,1.105910547209905,1.0696511850059296,0.9672131147537623,0.828947368420907,0.13597260826356694,,0.41698266534138545,0.49999999999961314,5.0,100.0,2.3425443975574134,2.7829060491261313,0.13597260826356694,,1,1,2,0.5529552736053646,0.3076923076925319,6.0,3.120072989362224,0.24606253859322968,1.0892857142860477,0.7056638811513266,11.0,0.018129681101781446,0.49856623029919583,0.9298245614035369,0.3935029506456207,0.49437466693897136,0.17134509449259783,55.4786288891485,0.046539461738120735,-0.008693856828055563,0.0552333185661763,10.733691297792245,23.91086534043821,17.79274746726733,88.4726224783844,0.8878276813729481,2.7300098141435756,0.000281159719356161,0.0002450386129266846,-2.5786554374795934e-05,0.0004153466725829169,0.0003559903108723006,-0.09064840550890722,1.459439328694849,1.3778557637366264,1.0696511850059296,0.171052631579093,0.052631578947321185,0.8494163265786885,0.8110161752827352,1.3433963167356822,-0.03840015129595327,0.5323801414529469,0.06389407485051778,0.06419617300670143,0.8016022595930518,-0.34996030237766323,1.1316676264911074,2.1846265727665193,4.396447667186329,4.869314788184042,0.026493471974743298,-0.48470114951826737,0.01601830663612354,1.135622852513211,1.1605795716168161,0.49690721649477815,0.630482456140346,1.6135416180601974,2.8644896140839418,-0.4999999999999997,-0.8660254037844388,-0.433883739117558,-0.9009688679024191,-2.5786554374795934e-05,0.0004153466725829169,0.0552333185661763,6.118117873170881,14,4,,,,,0.6557377049180451,LONDON_NY_OVERLAP,166.0,2.7829060491261313,30.104335469535915,0.7964468533574189,13.225602363761313,30.104335469535915,0.7964468533574189,2.2019543973940903,0.5063050202236498,CORE,CORE_GATE,M1_OHLC,3,4,V15_Q2,HIGH,2,A+C,15
XAUUSD,C_DISPLACEMENT_MID_RETEST,V15_QUALITY_PRESERVING_EXPANDED,C_DISPLACEMENT_MID_RETEST|BUY|2020-09-08T11:35:00+00:00,2020-09-08 11:35:00+00:00,2020-09-08 11:36:00+00:00,BUY,UTC_06_11,0.9345322871911526,8.0,1.332573816920776,0.4672661435955763,0.35064935064933533,0.8604651162792173,0.06922461386595301,,1.6613907327844462,0.5000000000001035,7.0,100.0,1.748860725381112,2.3795961016442986,0.06922461386595301,,1,1,2,0.48457229706167104,0.5225225225225041,1.0,2.2832820386559645,0.1577267197756057,1.400000000000372,1.1017964071856068,8.0,0.06922461386595301,1.0816345916564996,0.8796992481204038,0.39210146584093164,0.2103434649850386,0.07735645771257302,45.009509927502656,-0.3893286441918917,-0.5318109388764196,0.1424822946845279,24.995648199683654,15.943814996476501,24.290758556166512,66.26506024096966,0.6184076157797255,2.700258620937612,0.00015298171738842292,-0.00012183330611514886,-1.03699478910535e-05,0.0002619124797407224,-0.001141992971952499,-0.034612306932976504,0.8739607500586404,0.7441645990597818,0.4672661435955763,0.13953488372078265,0.23255813953516655,-0.3354288274038839,-1.887710110663762,-2.37408683891995,-1.552281283259878,-0.4863767282561882,-0.1363129331403886,-0.946005356475952,-2.7048776702431425,0.117211799633967,0.994830735180833,3.591026844299263,7.268584455931362,-1.4384421600700321,-0.04636542535445931,-1.8213251281362979,0.0847189231987753,1.0154029359163619,0.908984978260384,0.4940476190475971,0.40556044416527337,7.10417599799992,2.3795961016442986,0.258819045102521,-0.9659258262890682,0.7818314824680298,0.6234898018587336,-1.03699478910535e-05,0.0002619124797407224,0.1424822946845279,-8.346943559690011,11,1,,,,,0.4285714285713442,LONDON,275.0,2.3795961016442986,22.143223360391588,0.4591637358343158,-2.163269183312999,16.10337580058168,0.6313809779688451,2.4945454545453356,1.514821536600121,CORE,CORE_GATE,M1_OHLC,2,4,V15_Q2,MEDIUM,1,C,15
XAUUSD,C_DISPLACEMENT_MID_RETEST,V15_QUALITY_PRESERVING_EXPANDED,C_DISPLACEMENT_MID_RETEST|BUY|2020-09-08T20:45:00+00:00,2020-09-08 20:45:00+00:00,2020-09-08 20:46:00+00:00,BUY,UTC_18_23,0.6521591150497239,15.0,1.4319145786956844,0.5103853943868806,0.356435643564566,1.0,0.042532116199175345,,0.6946912312482545,0.49999999999968947,10.0,74.10153251273056,3.230544842276343,3.8845999461657748,0.042532116199175345,,1,1,2,0.7514007195140365,0.0761904761903937,5.0,3.7596056622540646,0.3175342620146975,1.5781249999999445,1.1862811028918565,15.0,0.5387401385191269,2.509394855734583,0.6465116279070643,2.4358885352291093,0.6413782010699687,0.5572347824748589,55.79911931031381,0.2647846345312246,0.2442788660944458,0.020505768436778787,24.39189105592997,22.54687008267277,15.295814766408695,62.78195488722422,0.6762888946555067,5.5832448074854115,0.0001780268433517751,2.5797064810095804e-05,-5.6748857929167507e-05,0.0009036898949394967,-0.0004125721034213825,-0.15595109272912763,2.4810401116020144,0.5245627664531649,0.5103853943868806,0.0,0.02702702702699381,0.5402773320949006,1.4145291931908077,10.036148027680248,0.8742518610959071,8.62161883448944,0.21358095670417368,0.7145560007858186,1.101573564714649,-1.6019107084375235,0.8955821150151366,2.006098147381006,5.486642989656871,0.06473179150712838,-0.0676308234603048,-1.0567905182343758,0.2660687593422935,0.7519966772555167,0.7882051816965913,0.3656330749354015,0.49507502531540787,2.339266390939171,4.083083155093756,-0.8660254037844386,0.5000000000000001,0.7818314824680298,0.6234898018587336,-5.6748857929167507e-05,0.0009036898949394967,0.020505768436778787,7.251055316264074,20,1,,,,,0.4356435643561414,NEW_YORK,525.0,3.8845999461657748,47.26735846903515,0.9505098980203934,11.873549105523926,13.192044707689336,1.665771090811421,0.602189781021879,1.1807300363613662,CORE,CORE_GATE,M1_OHLC,3,4,V15_Q2,HIGH,1,C,15
XAUUSD,A_OB_RETEST_SEQUENCE,V15_QUALITY_PRESERVING_EXPANDED,A_OB_RETEST_SEQUENCE|BUY|2020-09-09T22:15:00+00:00,2020-09-09 22:15:00+00:00,2020-09-09 22:16:00+00:00,BUY,UTC_18_23,0.8918505343133124,9.0,0.8707831988572634,0.9410076503782783,1.0806451612906303,0.43790849673201643,0.0702244515203762,0.19662846425794753,0.4775262703407297,0.4775262703407297,2.0,67.64705882359628,0.6741547345993159,1.769656178322805,0.0702244515203762,,1,1,2,0.5969078379267104,0.3719008264461195,7.0,2.5175408125354473,0.57727050478478,0.911764705882412,0.7527036770006572,9.0,0.4424140445808609,0.8778056440094927,0.329787234042476,1.394829947105207,2.032039332389434,0.8543620750957543,58.045315013492115,0.3888029240099513,0.42330849253035807,-0.03450556852040676,30.45268383019627,25.58882984044088,11.998546723028127,65.04065040649941,0.7475539443453157,2.2693866326844283,0.00028216487149945735,7.180868115663763e-05,0.0003796770179960163,0.00011284684375056919,0.0013352746171997332,1.0393218825069328,0.3089875866910604,2.148868216535519,0.9410076503782783,0.5620915032679835,0.0,0.8565800209927963,1.9781426762627097,4.42782042091495,1.1215626552699134,2.4496777446522398,0.3790620124998367,0.699262038305338,2.413687630970841,1.954022846390987,1.4838001152171216,2.9775167444800457,4.859532045236603,-1.870979087711035,0.044892035709149736,1.1110418778729674,0.14845605700714867,1.2281519267078396,1.5384462360272535,0.6127167630057423,0.46833070145622696,1.2078605661572408,7.261208287246306,-0.5000000000000004,0.8660254037844384,0.9749279121818236,-0.22252093395631434,0.0003796770179960163,0.00011284684375056919,-0.03450556852040676,13.590283117412753,22,2,0.5294117647058824,0.8979763407774184,,,,ASIA,75.0,1.769656178322805,43.047588782225645,0.9719412724306647,25.322937218385487,13.679723156243947,2.0,0.6825396825399117,0.8223297254028471,CORE,CORE_GATE,M1_OHLC,3,4,V15_Q2,HIGH,1,A,15
XAUUSD,B_FVG_RETEST_SEQUENCE,V15_QUALITY_PRESERVING_EXPANDED,B_FVG_RETEST_SEQUENCE|BUY|2020-09-09T22:15:00+00:00,2020-09-09 22:15:00+00:00,2020-09-09 22:16:00+00:00,BUY,UTC_18_23,0.8918505343133124,9.0,0.8707831988572634,0.9410076503782783,1.0806451612906303,0.43790849673201643,0.0702244515203762,0.19662846425794753,0.4775262703407297,0.19662846425794753,2.0,100.0,1.2640401273737971,1.769656178322805,0.0702244515203762,,1,1,2,0.5969078379267104,0.3719008264461195,7.0,2.5175408125354473,0.57727050478478,0.911764705882412,0.7527036770006572,9.0,0.4424140445808609,0.8778056440094927,0.329787234042476,1.394829947105207,2.032039332389434,0.8543620750957543,58.045315013492115,0.3888029240099513,0.42330849253035807,-0.03450556852040676,30.45268383019627,25.58882984044088,11.998546723028127,65.04065040649941,0.7475539443453157,2.2693866326844283,0.00028216487149945735,7.180868115663763e-05,0.0003796770179960163,0.00011284684375056919,0.0013352746171997332,1.0393218825069328,0.3089875866910604,2.148868216535519,0.9410076503782783,0.5620915032679835,0.0,0.8565800209927963,1.9781426762627097,4.42782042091495,1.1215626552699134,2.4496777446522398,0.3790620124998367,0.699262038305338,2.413687630970841,1.954022846390987,1.4838001152171216,2.9775167444800457,4.859532045236603,-1.870979087711035,0.044892035709149736,1.1110418778729674,0.14845605700714867,1.2281519267078396,1.5384462360272535,0.6127167630057423,0.46833070145622696,1.2078605661572408,7.261208287246306,-0.5000000000000004,0.8660254037844384,0.9749279121818236,-0.22252093395631434,0.0003796770179960163,0.00011284684375056919,-0.03450556852040676,13.590283117412753,22,2,,,0.2258064516127376,1.0,,ASIA,75.0,1.769656178322805,43.047588782225645,0.9719412724306647,25.322937218385487,13.679723156243947,2.0,0.6825396825399117,0.8223297254028471,CORE,CORE_GATE,M1_OHLC,3,4,V15_Q2,HIGH,2,A+B,15
XAUUSD,C_DISPLACEMENT_MID_RETEST,V15_QUALITY_PRESERVING_EXPANDED,C_DISPLACEMENT_MID_RETEST|BUY|2020-09-10T09:14:00+00:00,2020-09-10 09:14:00+00:00,2020-09-10 09:15:00+00:00,BUY,UTC_06_11,0.45701141823596547,13.0,1.6522720505455673,0.5624755916753419,0.340425531915048,0.8600000000005821,0.2548717524777269,0.7118831707136923,0.720671851833807,0.500000000000151,5.0,100.0,1.1561889791874798,1.7665249051046585,0.2548717524777269,,1,1,2,0.15819626015846508,0.36170212765988324,8.0,1.7645369099878259,0.2767901035272553,1.8989898989895557,0.9399103139014715,13.0,0.02636604335954435,0.8700794308725571,0.9411764705887334,0.33038294567283816,0.792915791525433,0.210469171070021,56.63180907293086,0.16343678123644167,0.06780734558830973,0.09562943564813195,15.557029362970114,21.438315376651843,19.483037789090265,77.91262135922625,0.7360687221156608,3.886742388812836,0.0001334805041457443,-0.00022324349707081304,-7.699711260800157e-06,0.00015915391724008465,0.00013604778614340063,-0.02636604335954435,0.5448982294355124,0.878868111992272,0.5624755916753419,0.13999999999941792,0.22000000000025466,0.782136435158816,1.1552586471572168,2.198303179063955,0.37312221199840073,1.0430445319067383,0.5430484433434911,0.24061262187450486,1.0271642116990778,-1.0325292237205126,1.1980969653975795,3.559415853568862,3.8494423305262475,-7.2355044318252695,-0.03968746619629038,-1.8195048165864254,0.09073900841910275,1.3257393313389179,1.8332803418321026,0.9246575342465939,0.3948456790122992,1.2216266756687466,3.0496723486134076,0.7071067811865476,-0.7071067811865475,0.43388373911755823,-0.900968867902419,-7.699711260800157e-06,0.00015915391724008465,0.09562943564813195,1.9552775875615787,9,3,,,,,0.5638297872337389,LONDON,134.0,1.7665249051046585,12.796319710607833,0.613324175824179,3.137559159812955,12.796319710607833,0.613324175824179,2.800995024875372,0.7396100842767751,CORE,CORE_GATE,M1_OHLC,3,4,V15_Q2,HIGH,1,C,15
XAUUSD,A_OB_RETEST_SEQUENCE,V15_QUALITY_PRESERVING_EXPANDED,A_OB_RETEST_SEQUENCE|BUY|2020-09-11T18:39:00+00:00,2020-09-11 18:39:00+00:00,2020-09-11 18:40:00+00:00,BUY,UTC_18_23,0.49370016581145965,7.0,0.8078729986006941,0.912597276196652,1.1296296296290993,0.7922077922073857,0.22440916627812174,0.34409405495960527,1.137006442475454,1.137006442475454,5.0,76.31578947365271,0.2692909995333379,1.451179275264008,0.22440916627812174,,1,1,2,0.22440916627812174,0.6338028169011197,2.0,2.062278066463542,0.4470672731494116,0.8999999999997347,1.098274568642222,7.0,0.16456672193738,0.49370016581145965,0.49999999999948314,0.5115158804531423,0.47703361170311354,0.2091160009076095,52.858594244626445,0.08452318697572991,0.07992346154281355,0.004599725432916368,9.352841886979325,15.714340538567786,17.753488783314495,65.54054054052621,0.7234566724080147,1.673770906454352,0.0002924659238714433,4.616745963548219e-05,-0.00023590046026233935,0.00013338429297338195,-0.00020513714700387542,-0.6881881099192105,0.38897588821482143,1.1519670535602993,0.912597276196652,0.2077922077926143,0.0,0.3322327211048688,0.4341942966518974,1.4244832535713,0.10196157554702866,0.9902889569194026,0.09743993961519493,0.10375147372079074,0.8264046154954655,0.15207757984042972,0.7626078315291556,2.214170440609486,3.6653497158734942,0.7116056617968596,-0.03940717533139354,-0.5649030833178905,0.048300536672621255,0.5824120105360361,0.6398842196297001,0.6040816326531134,0.36406926406929546,1.0771639981347123,3.829916437810874,-1.0,-1.8369701987210297e-16,-0.433883739117558,-0.9009688679024191,-0.00023590046026233935,0.00013338429297338195,0.004599725432916368,-2.039148244746709,18,4,0.03947368421077825,0.807605396657065,,,,NEW_YORK,399.0,1.451179275264008,26.442880093088906,0.699575671852898,4.712592491837495,18.334228884911592,1.0089759281925477,5.474226804124784,1.5491794290727001,EXPANDED,RELAXED_SECOND_WITH_STRONG_COMPENSATION,M1_OHLC,3,4,V15_Q2,HIGH,1,A,15
XAUUSD,B_FVG_RETEST_SEQUENCE,V15_QUALITY_PRESERVING_EXPANDED,B_FVG_RETEST_SEQUENCE|BUY|2020-09-11T18:39:00+00:00,2020-09-11 18:39:00+00:00,2020-09-11 18:40:00+00:00,BUY,UTC_18_23,0.49370016581145965,7.0,0.8078729986006941,0.912597276196652,1.1296296296290993,0.7922077922073857,0.22440916627812174,0.34409405495960527,1.137006442475454,0.34409405495960527,5.0,100.0,1.0622033870491867,1.451179275264008,0.22440916627812174,,1,1,2,0.22440916627812174,0.6338028169011197,2.0,2.062278066463542,0.4470672731494116,0.8999999999997347,1.098274568642222,7.0,0.16456672193738,0.49370016581145965,0.49999999999948314,0.5115158804531423,0.47703361170311354,0.2091160009076095,52.858594244626445,0.08452318697572991,0.07992346154281355,0.004599725432916368,9.352841886979325,15.714340538567786,17.753488783314495,65.54054054052621,0.7234566724080147,1.673770906454352,0.0002924659238714433,4.616745963548219e-05,-0.00023590046026233935,0.00013338429297338195,-0.00020513714700387542,-0.6881881099192105,0.38897588821482143,1.1519670535602993,0.912597276196652,0.2077922077926143,0.0,0.3322327211048688,0.4341942966518974,1.4244832535713,0.10196157554702866,0.9902889569194026,0.09743993961519493,0.10375147372079074,0.8264046154954655,0.15207757984042972,0.7626078315291556,2.214170440609486,3.6653497158734942,0.7116056617968596,-0.03940717533139354,-0.5649030833178905,0.048300536672621255,0.5824120105360361,0.6398842196297001,0.6040816326531134,0.36406926406929546,1.0771639981347123,3.829916437810874,-1.0,-1.8369701987210297e-16,-0.433883739117558,-0.9009688679024191,-0.00023590046026233935,0.00013338429297338195,0.004599725432916368,-2.039148244746709,18,4,,,0.4259259259259883,1.0,,NEW_YORK,399.0,1.451179275264008,26.442880093088906,0.699575671852898,4.712592491837495,18.334228884911592,1.0089759281925477,5.474226804124784,1.5491794290727001,EXPANDED,RELAXED_SECOND_WITH_STRONG_COMPENSATION,M1_OHLC,3,4,V15_Q2,HIGH,2,A+B,15
XAUUSD,A_OB_RETEST_SEQUENCE,V15_QUALITY_PRESERVING_EXPANDED,A_OB_RETEST_SEQUENCE|BUY|2020-09-14T10:25:00+00:00,2020-09-14 10:25:00+00:00,2020-09-14 10:26:00+00:00,BUY,UTC_06_11,1.0223343076669171,4.0,1.4969895219412879,0.25558357691693684,0.17073170731716109,0.7142857142859463,0.8762865494289047,,0.8580305796495683,0.8580305796495683,2.0,46.808510638278314,1.0223343076669171,1.8438529477569823,0.8762865494289047,,-1,1,1,0.5841910329528799,0.8224299065420323,2.0,2.9618626803923287,0.15092293912811852,1.9523809523810038,1.0092307692306666,4.0,0.2647115618066051,0.018255969780166647,-0.870967741932834,0.29881800412082,0.3936544277860706,-0.10869319801858962,52.32998583773827,0.16771451391605297,0.23910484290886147,-0.0713903289928085,17.71663189182722,16.438762690243397,20.000749343832755,62.345679012345855,0.3809887593959137,2.3623141241229093,0.0001438468236825141,6.164357173132906e-05,6.678087909328667e-05,-0.00010272240041697689,0.0007299363875858944,0.2373276071371853,-0.3651193955950311,0.5111671538334586,0.25558357691693684,0.2857142857140537,0.21428571428554027,0.14944600750175507,0.6987333798206711,-0.01810598052248201,0.549287372318916,-0.7168393603431531,0.10539424450195442,0.32602831371045177,1.5745848914392466,-2.0670261970885444,0.9699700357558955,2.9574671043230722,5.586326752608956,0.18680314986899305,0.0275998710629205,-2.2405680897341647,0.04310344827585734,0.9857342993590741,1.000038352645568,0.5294117647060047,0.6020408163265686,1.7160611592983064,5.1664394476742554,0.49999999999999994,-0.8660254037844387,0.0,1.0,6.678087909328667e-05,-0.00010272240041697689,-0.0713903289928085,-3.561986653589358,10,0,0.4680851063822994,1.3111430336770311,,,,LONDON,205.0,1.8438529477569823,26.188188649077887,0.652840711049151,16.40298884712192,26.188188649077887,0.652840711049151,4.9306930693058835,0.8460335661419787,CORE,CORE_GATE,M1_OHLC,0,4,V15_Q2,LOW,1,A,15
XAUUSD,C_DISPLACEMENT_MID_RETEST,V15_QUALITY_PRESERVING_EXPANDED,C_DISPLACEMENT_MID_RETEST|BUY|2020-09-14T10:31:00+00:00,2020-09-14 10:31:00+00:00,2020-09-14 10:32:00+00:00,BUY,UTC_06_11,1.1567858794321033,10.0,1.693865037740369,0.7643049560536728,0.45121951219517603,0.8245614035089819,0.08262756281651172,,0.9708738630954218,0.5081595113222046,8.0,100.0,2.142119566020086,2.9952491521018376,0.08262756281651172,,-1,1,1,0.6610205025330331,0.8224299065420323,2.0,2.9618626803923287,0.15092293912811852,1.9523809523810038,1.0092307692306666,10.0,0.08262756281651172,0.16525512563302344,0.33333333333333337,0.269160739678973,0.39272070428987627,-0.0982255824824974,57.89681966734547,0.15291122662074486,0.16242234019646928,-0.009511113575724428,15.001022848768969,21.013051038421413,15.974279185803068,89.50617283950392,0.8979861981316012,1.9866078155787692,0.00016436259415542054,0.0002362882202617822,0.0003082241920031592,5.1355133587893675e-06,0.000709199811907979,1.2394134422490848,0.020656890704597614,1.177442770136701,0.7643049560536728,0.17543859649101812,0.17543859649141702,0.8929774788870318,1.4880129680289649,0.8790962466104782,0.595035489141933,-0.6089167214184866,0.20039838229006177,0.3621700559543319,2.361146984635758,-0.3709577727111945,0.8808149978388254,2.0243752890064157,4.1313781408293435,5.781604182728259,0.05651678432445853,-1.4199061168946265,0.1046228710462847,0.8770616403017588,0.8838053222037784,0.49000000000000904,0.6365962254121237,1.0328445352073359,6.403636118285764,0.49999999999999994,-0.8660254037844387,0.0,1.0,0.0003082241920031592,5.1355133587893675e-06,-0.009511113575724428,5.0387718526183445,10,0,,,,,0.2926829268289437,LONDON,211.0,2.9952491521018376,29.63230971509899,0.6835134193098722,19.469119488658656,29.63230971509899,0.6835134193098722,3.1310344827580066,0.8447702460343717,CORE,CORE_GATE,M1_OHLC,2,4,V15_Q2,MEDIUM,2,A+C,15
XAUUSD,A_OB_RETEST_SEQUENCE,V15_QUALITY_PRESERVING_EXPANDED,A_OB_RETEST_SEQUENCE|BUY|2020-09-15T03:08:00+00:00,2020-09-15 03:08:00+00:00,2020-09-15 03:09:00+00:00,BUY,UTC_00_05,0.9958291863693468,7.0,0.9294405739452604,0.30981352464707834,0.3333333333318897,0.625,0.907311036469894,,0.8409224240458076,0.8409224240458076,2.0,31.578947368383265,2.921098946683954,3.939057670528667,0.907311036469894,,1,1,2,0.3762021370731774,0.09677419354831612,5.0,3.865286439958295,0.9873286015115431,0.8750000000001185,1.4191033138404936,7.0,0.6196270492971757,0.9294405739452604,0.19999999999974014,0.19489957723021759,1.6057296622341948,0.17755747098468408,63.80889398483224,0.17782765777496934,0.1388272000099236,0.03900045776504574,23.416722850201616,24.362203017015986,14.039426913731306,94.23076923077427,0.8951287414957431,3.9848191892557323,3.5752135551625486e-05,7.150682762513405e-05,0.0001174809029684809,0.00018900453355463753,0.00038319168014222527,1.0179587238447132,1.6375857731408825,0.7081451991956221,0.30981352464707834,0.375,0.18750000000142109,1.5645379165298294,2.6181189529436555,3.132995367645948,1.053581036413826,0.5148764147022928,0.8936831227929358,0.7072624346203256,2.95364190521462,1.3275357258105098,1.412541002866921,4.602943794775569,5.46599575629473,1.4015585144770242,0.01315254580489221,0.6669873097967134,0.12499999999986336,1.30353108275343,1.2502402877445127,0.8421052631580884,0.5972222222232085,0.2655544496983583,6.594602167514263,0.7071067811865475,0.7071067811865476,0.7818314824680298,0.6234898018587336,0.0001174809029684809,0.00018900453355463753,0.03900045776504574,10.32277610328468,3,1,0.47368421052694565,0.2940978813008839,,,,ASIA,368.0,3.939057670528667,7.103581529436619,0.9626168224299356,0.951570111418614,7.103581529436619,0.9626168224299356,0.06741573033702698,0.2291422971135911,CORE,CORE_GATE,M1_OHLC,1,4,V15_Q2,LOW,1,A,15
XAUUSD,A_OB_RETEST_SEQUENCE,V15_QUALITY_PRESERVING_EXPANDED,A_OB_RETEST_SEQUENCE|BUY|2020-09-15T08:24:00+00:00,2020-09-15 08:24:00+00:00,2020-09-15 08:25:00+00:00,BUY,UTC_06_11,0.7172348636188679,13.0,1.0041288090672305,2.617907252211314,2.607142857143176,0.8383838383839497,2.295151563582008,,0.28689394544754715,0.28689394544754715,5.0,87.5,1.0041288090672305,4.016515236268922,2.295151563582008,,1,1,2,0.28689394544754715,0.7999999999994802,8.0,2.2629698206596123,0.32328140295111063,1.4736842105257488,0.597014925373024,13.0,,3.299280372650054,,2.5102836005781772,2.1150640367110687,0.9585775013295779,71.09804737084295,0.22441886710248582,0.2205712549962518,0.003847612106234022,20.240520577653676,38.54539418896215,15.017434982995749,87.59689922481714,1.4307979362007686,2.7797921223040856,0.0003762217674796453,0.000350792460504179,0.0002846823123321407,0.0003457067542456116,0.0009563609448643984,2.008257618134461,2.4385985363057814,3.5503125749158424,2.617907252211314,0.16161616161605027,0.10101010101003141,2.721981706578389,4.383527066475945,11.623179322082187,1.6615453598975558,7.239652255606243,0.5363490271885597,1.0336744040299153,4.9813752418649075,1.1295110756198257,1.026705637861189,4.088238722630808,7.566827811184764,12.59500534275395,0.03784495700039456,0.5671606454045097,0.28318584070782393,0.8913072232153985,0.9100517006386707,0.5402843601895969,0.30510230510294717,0.5737878908950943,9.395776713415323,0.8660254037844387,-0.4999999999999998,0.7818314824680298,0.6234898018587336,0.0002846823123321407,0.0003457067542456116,0.003847612106234022,23.5279592059664,8,1,1.0,0.6465628059031401,,,,LONDON,84.0,4.016515236268922,45.40096686711511,0.987361769352302,35.44933313439394,42.78305961490379,1.0477787091366446,0.14285714285702686,0.38361413665993294,EXPANDED,RELAXED_SECOND_WITH_STRONG_COMPENSATION,M1_OHLC,3,4,V15_Q2,HIGH,1,A,15
XAUUSD,A_OB_RETEST_SEQUENCE,V15_QUALITY_PRESERVING_EXPANDED,A_OB_RETEST_SEQUENCE|BUY|2020-09-15T12:54:00+00:00,2020-09-15 12:54:00+00:00,2020-09-15 12:55:00+00:00,BUY,UTC_12_17,0.6102142073160399,7.0,1.9003813884992717,0.3835632160277687,0.20183486238552778,0.94230769230818,1.3076018728204253,,2.022424229962004,2.022424229962004,3.0,26.72413793103313,0.8717345818802835,1.46451409755913,1.3076018728204253,,1,1,2,0.31382444947701305,0.29687500000014433,4.0,3.4633786237309256,0.45421358999710343,2.2947368421054595,1.0049455984173368,7.0,0.4533019825773351,0.8019958153299243,0.2777777777782339,0.09437328782434355,1.0189236588320874,0.07239862113920388,47.78101957239486,-0.11621673225113227,-0.17651009637870854,0.06029336412757627,25.847200775492468,21.026504004357516,26.747739981459397,55.38461538461942,0.5060797064811783,3.36953152883551,0.0001120188599026406,-0.0005037744922180565,-8.145250173718921e-05,-0.00035625675933570466,-0.0009155762407964119,-0.278955066201437,-1.2204284146320798,0.9066039651554632,0.3835632160277687,0.05769230769181998,0.5192307692307524,-0.2440216111465699,-0.3829504611282759,0.03413546955205471,-0.138928849981706,0.4170859306803306,0.11870448739421346,-0.20405775980569163,-0.7200918854601609,0.7660513232183376,1.2205674781010216,4.533019825777315,6.049837998248819,-11.284629845585435,-0.05668017619055579,-4.498929109182871,0.0014326647564131096,1.2553253660440227,1.2779517456582032,0.749279538904916,0.3955603646142987,3.591546477346673,2.5105955958153117,1.2246467991473532e-16,-1.0,0.7818314824680298,0.6234898018587336,-8.145250173718921e-05,-0.00035625675933570466,0.06029336412757627,-5.72123597710188,12,1,0.8103448275861596,2.857760503734788,,,,LONDON_NY_OVERLAP,54.0,2.3362486794394135,24.635219283937,0.6376503892427564,11.149485302248793,20.79958712366328,0.7552388935457118,2.1791044776114186,0.8926696832579185,CORE,CORE_GATE,M1_OHLC,2,4,V15_Q2,MEDIUM,1,A,15
XAUUSD,C_DISPLACEMENT_MID_RETEST,V15_QUALITY_PRESERVING_EXPANDED,C_DISPLACEMENT_MID_RETEST|BUY|2020-09-15T12:55:00+00:00,2020-09-15 12:55:00+00:00,2020-09-15 12:56:00+00:00,BUY,UTC_12_17,0.5780757339693048,8.0,1.8002930000765431,1.1396350183966402,0.6330275229355368,0.8529411764707193,0.09909869725219199,,1.9159081468699535,0.5400879000232633,4.0,100.0,2.1330994583469827,2.5270167799235725,0.09909869725219199,,1,1,2,0.2972960917558249,0.29687500000014433,4.0,3.4633786237309256,0.45421358999710343,2.2947368421054595,1.0049455984173368,8.0,0.016516449541969406,0.734982004618202,0.956043956043989,0.09437328782434355,1.0189236588320874,0.07239862113920388,54.71394811278378,-0.05868898967059977,-0.1529458750370868,0.09425688536648702,24.627329853346016,28.052243694498262,23.529073897736517,81.92307692307524,0.8289022810004453,3.3482111156610497,0.0003512925273969625,0.00018325226965565378,0.00019343492060253098,8.652742537629265e-05,-0.0006052729959231673,0.627625082595213,0.2807796422134799,1.6846778532823816,1.1396350183966402,0.14705882352928062,0.1764705882355826,0.82194490569738,0.7463887635930777,1.1603112377036797,-0.0755561421043023,0.41392247411060207,0.16151666005627957,-0.06137058712693872,0.4321678668341075,0.748611269898784,1.2789620759212894,4.294276880915802,5.731207991068266,3.800738880061715,-0.02032104428665371,-3.8879266059779596,0.09150326797386378,1.299878849775214,1.349000253150875,0.7492795389049163,0.609285854810337,2.262753587252062,3.518003752442488,1.2246467991473532e-16,-1.0,0.7818314824680298,0.6234898018587336,0.00019343492060253098,8.652742537629265e-05,0.09425688536648702,4.523169796761746,12,1,,,,,0.8623853211008523,LONDON_NY_OVERLAP,55.0,2.5270167799235725,23.33774320282418,0.6864826610049519,11.701904500495653,19.704124303587154,0.8130762782900401,1.4575163398691704,0.8988266993756473,CORE,CORE_GATE,M1_OHLC,4,4,V15_Q2,VERY_HIGH,2,A+C,15
XAUUSD,A_OB_RETEST_SEQUENCE,V15_QUALITY_PRESERVING_EXPANDED,A_OB_RETEST_SEQUENCE|BUY|2020-09-16T09:05:00+00:00,2020-09-16 09:05:00+00:00,2020-09-16 09:06:00+00:00,BUY,UTC_06_11,0.4922913544285022,12.0,1.3410695517191298,1.2561917319897582,0.9367088607592605,0.9724770642200036,0.9506315809654101,0.42438909864531377,0.40741353469913066,0.40741353469913066,5.0,16.666666666666664,0.44136466259149687,2.5802857197634768,0.9506315809654101,,1,1,2,0.28858458707893686,0.9019607843134108,7.0,3.5281018493784817,1.475388046103764,1.9036144578314045,0.9511677282375953,12.0,0.17824342143106264,0.28858458707893686,0.23636363636375665,1.1689112770345491,0.623770071755192,0.45624522525823114,52.681991391306894,-0.22903489329223703,-0.37665214726773616,0.14761725397549913,23.805977582541217,18.431767967170163,24.643426946255875,88.88888888888593,1.0192413209210165,2.5672189502952483,0.0003776136349138426,0.00015815479272784927,-6.630809290275597e-05,0.0005614207006019445,-0.0008460430921345408,-0.22068233129574844,1.8673120340392262,1.850336470093815,1.2561917319897582,0.027522935779996406,0.29357798165148713,0.7045495491049041,-0.041328673168139485,1.2708329234559792,-0.7458782222730436,1.3121615966241187,-0.048623024575585094,-0.5078054066200147,-0.722278519929956,0.8829815657354723,1.5072631657050888,2.826431396977728,6.875103398054391,3.284362298429926,0.029305485605549464,-3.812890589692767,0.1333333333333509,1.4446536749564312,1.8243745783867258,0.41111111111108367,0.4517906003543441,4.600377829315263,2.5802857197634768,0.7071067811865476,-0.7071067811865475,0.9749279121818236,-0.22252093395631434,-6.630809290275597e-05,0.0005614207006019445,0.14761725397549913,-6.211658979085712,9,2,0.2916666666657193,1.2401812561449392,,,,LONDON,125.0,2.5802857197634768,22.458671100310035,0.7951625094482213,9.964656036191782,17.46785530024105,1.0223517978620038,1.7828947368421506,0.602667335268421,EXPANDED,RELAXED_SECOND_WITH_STRONG_COMPENSATION,M1_OHLC,4,4,V15_Q2,VERY_HIGH,1,A,15
XAUUSD,C_DISPLACEMENT_MID_RETEST,V15_QUALITY_PRESERVING_EXPANDED,C_DISPLACEMENT_MID_RETEST|BUY|2020-09-17T15:41:00+00:00,2020-09-17 15:41:00+00:00,2020-09-17 15:42:00+00:00,BUY,UTC_12_17,0.4845306088436198,11.0,2.1171880951656217,0.252798578526981,0.11940298507450531,0.5192307692307524,0.08426619284232702,0.6319964463179316,1.0743939587406275,0.6351564285496865,4.0,47.51243781096666,2.573805527630017,3.19158205390577,0.08426619284232702,4.339708931383673,1,-1,1,0.853195202529519,0.6318407960199658,7.0,3.5270593226173745,0.5300225758033538,2.093750000000644,0.8774319066148006,11.0,0.021066548210581754,0.05266637052621488,0.4285714285695725,0.19782394854755225,0.8973236884322477,-0.13962593158033473,56.75161205665912,0.21188820076713455,-0.04703741904707944,0.25892561981421397,24.245349023496832,21.82474940213038,19.64937845403164,80.7999999999932,0.7584865718582188,4.201303582036168,0.00012857073061600666,-0.00020050434554608199,0.0006740780952920744,5.6567048665634445e-05,0.0008388765230369355,1.3798589077943022,0.11586601515843914,0.5477302534756046,0.252798578526981,0.4807692307692476,0.0576923076926945,0.8945782828341357,0.6974789274383392,1.0850310194903794,-0.1970993553957964,0.3875520920520403,0.7031558780364505,-0.08516414416740556,0.28533847879753654,-0.3924153582934181,1.1719294659525392,3.5391800993810874,4.613574058121714,-3.772571069718481,-0.010982466395759671,-4.254072669114553,0.13043478260870103,1.2049946673530159,1.4136225465026802,0.7671232876712429,0.5014977234603483,4.339708931383673,3.8551783225398135,-0.7071067811865471,-0.7071067811865479,0.43388373911755823,-0.900968867902419,0.0006740780952920744,5.6567048665634445e-05,0.25892561981421397,2.175370948098738,15,3,,,,,0.7164179104479368,NEW_YORK,221.0,3.19158205390577,25.269324578616043,0.32138390996248273,-15.594512312897393,24.39506282787618,0.2970639032815206,5.3729372937298905,1.1817170579074658,CORE,CORE_GATE,M1_OHLC,0,4,V15_Q2,LOW,1,C,15
XAUUSD,A_OB_RETEST_SEQUENCE,V15_QUALITY_PRESERVING_EXPANDED,A_OB_RETEST_SEQUENCE|BUY|2020-09-18T10:56:00+00:00,2020-09-18 10:56:00+00:00,2020-09-18 10:57:00+00:00,BUY,UTC_06_11,0.5622053978008533,9.0,2.3737561240479423,0.5622053978008533,0.2368421052631684,0.5510204081629623,0.3643923874629725,,0.47891570923736065,0.47891570923736065,4.0,26.08695652173913,1.6866161934030335,2.6028027675967187,0.3643923874629725,,1,1,2,0.541382975660572,0.09677419354861187,5.0,3.7501802377282623,1.4916683298522284,3.166666666666193,0.7950920245400388,9.0,1.1244107956017066,0.0520560553516503,-0.911504424779217,0.34647029124979645,1.0582905312841815,0.26159748723808124,53.49702570918675,0.09230093789528837,0.0028444932814614375,0.08945644461382693,15.080155566851772,22.9568864630704,20.909881115392803,62.034739454091216,0.7232454403076941,3.4370523081192097,0.00014336734040765187,-0.00019706299361732516,0.00020994472309054935,0.00019970147190218057,0.00026628635512859766,0.8537193077714207,0.8120744634899111,1.0202986848984061,0.5622053978008533,0.44897959183703773,0.0,0.48831309888336116,0.3256707696449762,0.6620040243381281,-0.16264232923838493,0.33633325469315195,0.523771124111222,0.027700073912894137,-0.34318144922046184,0.29735207577176465,0.8947984614679818,4.195718061366119,4.195718061366119,-6.975505578672816,-0.05626036356118716,-1.1418323193864879,0.1425661914460089,0.7974204439356533,0.8436351644072471,1.0,0.2871217452497094,4.01872747316994,2.8526718332857763,0.49999999999999994,-0.8660254037844387,-0.433883739117558,-0.9009688679024191,0.00020994472309054935,0.00019970147190218057,0.08945644461382693,2.0470053476775973,10,4,0.5652173913053364,0.31514119644792976,,,,LONDON,236.0,2.6028027675967187,24.17483210543859,0.8053402239448585,18.3549651170917,24.17483210543859,0.8053402239448585,1.8080000000001746,1.0519997053841055,CORE,CORE_GATE,M1_OHLC,2,4,V15_Q2,MEDIUM,1,A,15
XAUUSD,C_DISPLACEMENT_MID_RETEST,V15_QUALITY_PRESERVING_EXPANDED,C_DISPLACEMENT_MID_RETEST|BUY|2020-09-18T10:56:00+00:00,2020-09-18 10:56:00+00:00,2020-09-18 10:57:00+00:00,BUY,UTC_06_11,0.5622053978008533,9.0,2.3737561240479423,0.5622053978008533,0.2368421052631684,0.5510204081629623,0.3643923874629725,,0.47891570923736065,0.7121268372146667,4.0,100.0,2.1738608714969803,2.6028027675967187,0.3643923874629725,,1,1,2,0.541382975660572,0.09677419354861187,5.0,3.7501802377282623,1.4916683298522284,3.166666666666193,0.7950920245400388,9.0,1.1244107956017066,0.0520560553516503,-0.911504424779217,0.34647029124979645,1.0582905312841815,0.26159748723808124,53.49702570918675,0.09230093789528837,0.0028444932814614375,0.08945644461382693,15.080155566851772,22.9568864630704,20.909881115392803,62.034739454091216,0.7232454403076941,3.4370523081192097,0.00014336734040765187,-0.00019706299361732516,0.00020994472309054935,0.00019970147190218057,0.00026628635512859766,0.8537193077714207,0.8120744634899111,1.0202986848984061,0.5622053978008533,0.44897959183703773,0.0,0.48831309888336116,0.3256707696449762,0.6620040243381281,-0.16264232923838493,0.33633325469315195,0.523771124111222,0.027700073912894137,-0.34318144922046184,0.29735207577176465,0.8947984614679818,4.195718061366119,4.195718061366119,-6.975505578672816,-0.05626036356118716,-1.1418323193864879,0.1425661914460089,0.7974204439356533,0.8436351644072471,1.0,0.2871217452497094,4.01872747316994,2.8526718332857763,0.49999999999999994,-0.8660254037844387,-0.433883739117558,-0.9009688679024191,0.00020994472309054935,0.00019970147190218057,0.08945644461382693,2.0470053476775973,10,4,,,,,0.9385964912283186,LONDON,236.0,2.6028027675967187,24.17483210543859,0.8053402239448585,18.3549651170917,24.17483210543859,0.8053402239448585,1.8080000000001746,1.0519997053841055,CORE,CORE_GATE,M1_OHLC,2,4,V15_Q2,MEDIUM,2,A+C,15
XAUUSD,A_OB_RETEST_SEQUENCE,V15_QUALITY_PRESERVING_EXPANDED,A_OB_RETEST_SEQUENCE|BUY|2020-09-18T12:01:00+00:00,2020-09-18 12:01:00+00:00,2020-09-18 12:02:00+00:00,BUY,UTC_12_17,0.5533223146651925,8.0,0.6752407907770813,1.4442650247189257,2.1388888888907838,1.0,0.33762039538854066,0.4220254942363156,1.0503745634318684,1.0503745634318684,6.0,100.0,0.2907286738070122,1.0128611861669015,0.33762039538854066,,1,1,2,0.6846191350940695,0.02985074626896569,2.0,2.8735436796115166,1.2249767877226199,1.0140845070409545,1.447236180904374,8.0,0.19694523064352865,0.45953887150170897,0.40000000000012986,0.7157936265562048,1.134688056725893,0.499188597117929,52.457923049152924,0.22278986361470743,0.29281876899698567,-0.07002890538227824,20.216379495101595,20.1505416069077,27.38333201132393,47.22222222221903,0.48503933048662373,3.04030310234267,0.00039655026850304864,3.5804527738436676e-05,-0.0004115678690753688,1.7901943383913377e-05,0.0006192679331804563,-1.5099134349331509,0.06564841021507818,1.6693452883117126,1.4442650247189257,0.0,0.13483146067427498,0.19424443838539043,1.0207590943731033,2.709568698623173,0.8265146559877128,1.68880960425007,0.12009449034136743,0.6443962168031091,1.2338003906835455,0.8761015008699129,1.2866924288602477,3.7138243492773593,4.933009110403924,-0.2135719015140296,-0.09971169175660105,-1.648719035589295,0.15132605304211327,1.04946797257319,1.1918759612370515,0.7528517110265917,0.6645502645503463,1.9600739621187249,3.160502034612167,1.2246467991473532e-16,-1.0,-0.433883739117558,-0.9009688679024191,-0.0004115678690753688,1.7901943383913377e-05,-0.07002890538227824,-7.232790404416228,12,4,0.7857142857144597,1.362357362047085,,,,LONDON_NY_OVERLAP,1.0,1.3035898599739137,22.920673509176698,0.9144844517184901,19.957116705207632,21.776515502580917,0.9625322997416071,0.6258992805753136,0.9713721618953604,EXPANDED,RELAXED_SECOND_WITH_STRONG_COMPENSATION,M1_OHLC,4,4,V15_Q2,VERY_HIGH,1,A,15
XAUUSD,B_FVG_RETEST_SEQUENCE,V15_QUALITY_PRESERVING_EXPANDED,B_FVG_RETEST_SEQUENCE|BUY|2020-09-18T12:08:00+00:00,2020-09-18 12:08:00+00:00,2020-09-18 12:09:00+00:00,BUY,UTC_12_17,0.6232342893158307,15.0,0.7605570988252193,0.9084432013755281,1.1944444444457076,0.8269230769232283,0.1584493955888275,0.47534818676648255,1.1830888203957461,0.47534818676648255,13.0,100.0,1.4154812672594879,1.6795635932407071,0.1584493955888275,,1,1,2,0.7711203918651789,0.02985074626896569,2.0,2.8735436796115166,1.2249767877226199,1.0140845070409545,1.447236180904374,15.0,1.669000300201708,1.0563293039248762,-0.22480620155050238,0.719095566118759,1.134688056725893,0.5008558835673393,55.805851518563024,0.10399407518048065,0.1488475563790751,-0.04485348119859445,16.475478863808366,21.552292514459698,21.017837210969272,65.02732240436472,0.6565092145985393,3.56701066168021,0.00021995391198270653,0.0003376434025246233,0.000271119852879087,6.904487917136493e-05,0.0007805062798766915,1.1197090621603112,0.2852089120596974,1.098582476081833,0.9084432013755281,0.17307692307677172,0.0,0.7832501959712772,1.4804680327719872,3.405358757162834,0.6972178368007099,1.9248907243908466,0.019944247813772048,0.3134987587937808,1.7255020677241915,-0.3980267792904745,1.1255414511964292,2.799272655400538,5.123197124036034,8.017866438163871,0.05470922552052984,-1.5229441224472602,0.030075187969932266,1.0857490280441908,1.0581759973275189,0.5463917525772036,0.7116529304030658,1.669000300201708,4.098557699228155,1.2246467991473532e-16,-1.0,-0.433883739117558,-0.9009688679024191,0.000271119852879087,6.904487917136493e-05,-0.04485348119859445,0.5344553034904251,12,4,,,0.6250000000009474,1.0,,LONDON_NY_OVERLAP,8.0,1.6795635932407071,25.816688187924516,0.9353518821603786,23.017415532523017,24.5279664371359,0.9844961240310024,0.226415094339682,0.9738073488562854,CORE,CORE_GATE,M1_OHLC,3,4,V15_Q2,HIGH,2,A+B,15
XAUUSD,C_DISPLACEMENT_MID_RETEST,V15_QUALITY_PRESERVING_EXPANDED,C_DISPLACEMENT_MID_RETEST|BUY|2020-09-18T12:22:00+00:00,2020-09-18 12:22:00+00:00,2020-09-18 12:23:00+00:00,BUY,UTC_12_17,0.46884692675658446,5.0,1.0098241499377634,0.4808686428269857,0.4761904761899606,0.7222222222213099,0.16830402498889832,0.1562823089190437,1.298345335633955,0.50000000000031,3.0,100.0,1.685496287380376,2.103800312369429,0.16830402498889832,,1,1,2,0.7814115445946719,0.43396226415100003,2.0,2.2593534445351993,0.37460782500034584,0.9767441860465362,0.8615384615383432,5.0,0.3366080499799834,1.6349533856128449,0.6585365853651232,0.8019674842948523,1.1660879704223552,0.5474156486396354,57.08574088284751,0.13194091428113097,0.10683075400918408,0.025110160271946888,11.040090284720982,22.387937999376554,16.59004523310144,88.47736625511847,0.9347071126230718,2.3229989126329764,0.00010228112478549711,-4.601968108364218e-05,0.00018156338863750676,0.00032737326434606473,0.000506496197441253,0.853541841018173,1.5387796570474477,0.8655635570896677,0.4808686428269857,0.27777777777869006,0.16666666666645613,0.8739874487201698,1.5815264663478747,3.9130060022804813,0.707539017627705,2.3314795359326066,0.34968854174328257,0.40645066266525204,1.8738644820945258,-0.8480145384196905,0.9818535386441684,2.921277005176945,4.760599563991533,-2.7459643189765686,0.005196472058787538,0.06069391440734506,0.1607142857142132,1.1861833869054623,0.9452682107323948,0.6136363636364314,0.36894586894563225,1.3945190642004455,5.157316194323522,1.2246467991473532e-16,-1.0,-0.433883739117558,-0.9009688679024191,0.00018156338863750676,0.00032737326434606473,0.025110160271946888,5.797892766275115,12,4,,,,,0.6666666666681103,LONDON_NY_OVERLAP,22.0,2.103800312369429,29.381074076756164,0.9525368248772201,26.700231392992162,27.914424716132217,1.0025839793281435,0.6628571428577517,0.9479027418133548,CORE,CORE_GATE,M1_OHLC,2,4,V15_Q2,MEDIUM,2,B+C,15
XAUUSD,B_FVG_RETEST_SEQUENCE,V15_QUALITY_PRESERVING_EXPANDED,B_FVG_RETEST_SEQUENCE|BUY|2020-09-24T16:15:00+00:00,2020-09-24 16:15:00+00:00,2020-09-24 16:16:00+00:00,BUY,UTC_12_17,0.6626562637156201,10.0,1.351818777979841,1.2192875252368374,0.9019607843138129,0.8833333333333636,0.09277187692010244,0.13915781538030433,0.40422032086661264,0.13915781538030433,9.0,100.0,1.1000093977681342,2.206645358173268,0.09277187692010244,3.929551643833519,1,-1,1,0.6626562637156201,0.46850393700786025,1.0,2.483496621241922,0.18543441438589486,1.7071129707113575,1.135734072022199,10.0,0.09277187692010244,0.17891719120335606,0.31707317073246477,0.02630085889710196,0.3835813308514058,-0.00961899410584468,52.49324582247291,0.03695532165215809,0.039161834391104114,-0.002206512738946023,10.293886675178012,22.40798738797414,24.471143982517262,57.61245674740946,0.6313558227410123,2.7947871852051622,0.0009925478000771815,0.00022099507073214397,0.00021021255723585597,0.0009709497236840559,0.0016084850284048269,0.2584359428493088,1.1927812746882367,1.9879687911468604,1.2192875252368374,0.11666666666663635,0.2699999999999818,0.3625649024957328,0.11121909943748384,-0.1374489421266997,-0.25134580305824894,-0.24866804156418357,-0.07605716349088501,0.033610061568557115,-0.23138834380972792,0.5772158383107788,1.0876101406440362,3.3795469449496025,4.174734461408527,2.370153682707972,-0.14320724175215493,-0.08144252908140537,0.0785340314136294,1.2514383124450954,1.4216302770837537,0.8095238095237718,0.33212560386484075,3.929551643833519,2.5512266153053784,-0.8660254037844384,-0.5000000000000004,0.43388373911755823,-0.900968867902419,0.00021021255723585597,0.0009709497236840559,-0.002206512738946023,-2.0631565945431234,16,3,,,0.10294117647060791,1.0,,NEW_YORK,255.0,2.206645358173268,13.335957307277006,0.34161490683230555,-5.549746208618168,10.012736144743105,0.123097286565196,3.9789789789785224,1.6007696208885147,CORE,CORE_GATE,M1_OHLC,3,4,V15_Q2,HIGH,1,B,15
XAUUSD,C_DISPLACEMENT_MID_RETEST,V15_QUALITY_PRESERVING_EXPANDED,C_DISPLACEMENT_MID_RETEST|BUY|2020-09-24T16:15:00+00:00,2020-09-24 16:15:00+00:00,2020-09-24 16:16:00+00:00,BUY,UTC_12_17,0.6626562637156201,10.0,1.351818777979841,1.2192875252368374,0.9019607843138129,0.8833333333333636,0.09277187692010244,0.13915781538030433,0.40422032086661264,0.5000000000000127,9.0,100.0,1.6650766021383527,2.206645358173268,0.09277187692010244,3.929551643833519,1,-1,1,0.6626562637156201,0.46850393700786025,1.0,2.483496621241922,0.18543441438589486,1.7071129707113575,1.135734072022199,10.0,0.09277187692010244,0.17891719120335606,0.31707317073246477,0.02630085889710196,0.3835813308514058,-0.00961899410584468,52.49324582247291,0.03695532165215809,0.039161834391104114,-0.002206512738946023,10.293886675178012,22.40798738797414,24.471143982517262,57.61245674740946,0.6313558227410123,2.7947871852051622,0.0009925478000771815,0.00022099507073214397,0.00021021255723585597,0.0009709497236840559,0.0016084850284048269,0.2584359428493088,1.1927812746882367,1.9879687911468604,1.2192875252368374,0.11666666666663635,0.2699999999999818,0.3625649024957328,0.11121909943748384,-0.1374489421266997,-0.25134580305824894,-0.24866804156418357,-0.07605716349088501,0.033610061568557115,-0.23138834380972792,0.5772158383107788,1.0876101406440362,3.3795469449496025,4.174734461408527,2.370153682707972,-0.14320724175215493,-0.08144252908140537,0.0785340314136294,1.2514383124450954,1.4216302770837537,0.8095238095237718,0.33212560386484075,3.929551643833519,2.5512266153053784,-0.8660254037844384,-0.5000000000000004,0.43388373911755823,-0.900968867902419,0.00021021255723585597,0.0009709497236840559,-0.002206512738946023,-2.0631565945431234,16,3,,,,,0.568627450980331,NEW_YORK,255.0,2.206645358173268,13.335957307277006,0.34161490683230555,-5.549746208618168,10.012736144743105,0.123097286565196,3.9789789789785224,1.6007696208885147,CORE,CORE_GATE,M1_OHLC,3,4,V15_Q2,HIGH,2,B+C,15
XAUUSD,C_DISPLACEMENT_MID_RETEST,V15_QUALITY_PRESERVING_EXPANDED,C_DISPLACEMENT_MID_RETEST|BUY|2020-09-24T20:19:00+00:00,2020-09-24 20:19:00+00:00,2020-09-24 20:20:00+00:00,BUY,UTC_18_23,0.4761933620427315,10.0,1.3591352208301364,0.5456382273407896,0.4014598540147633,0.5555555555556065,0.23809668102159132,0.1587311206809857,0.7043693480215498,0.4999999999999775,9.0,47.02379148725817,0.856157497245299,1.666676767149786,0.23809668102159132,,1,1,2,0.05952417025551062,0.07142857142889045,1.0,1.6623275613998485,0.11797163338978937,1.6309523809519684,0.9104392470052105,10.0,0.8134969934893468,0.912703943915273,0.057471264368032376,1.6120488243954256,0.7815915114798235,0.6035926796204841,51.51464590444348,0.6391351166487311,0.6847887334636886,-0.0456536168149575,23.10180043210441,23.641498679481796,24.144307401748453,39.66244725738619,0.5005693210964969,4.79200780296888,0.00029396437686246557,-0.0011368154756346005,-0.0008568545696241436,0.0002191206847255156,0.0012840232729218748,-1.5922715543303412,0.40674849674489894,0.9821488092133311,0.5456382273407896,0.4444444444443934,0.0,-0.059748364123705655,0.8612201506592843,5.187958177018826,0.9209685147829899,4.326738026359542,0.49435005387214537,0.8917870803017665,1.2282943528639931,0.36435668747271693,0.9968979324494706,4.0774056624906345,6.091306756129809,-19.37776435007865,-0.36324782339627004,-3.4489171293337364,0.08748824082787594,0.85878854421854,0.9066858128388186,0.6693811074918294,0.2721887045416827,2.8373187821710686,3.6359347330969323,-0.8660254037844386,0.5000000000000001,0.43388373911755823,-0.900968867902419,-0.0008568545696241436,0.0002191206847255156,-0.0456536168149575,-0.5028087222666571,20,3,,,,,0.1751824817516795,NEW_YORK,499.0,1.666676767149786,25.401939656466016,0.8883030658074634,7.435560934396237,14.990170209303043,1.1733951025810634,1.702380952380598,1.2306701499436479,CORE,CORE_GATE,M1_OHLC,3,4,V15_Q2,HIGH,1,C,15
XAUUSD,A_OB_RETEST_SEQUENCE,V15_QUALITY_PRESERVING_EXPANDED,A_OB_RETEST_SEQUENCE|BUY|2020-09-24T21:37:00+00:00,2020-09-24 21:37:00+00:00,2020-09-24 21:38:00+00:00,BUY,UTC_18_23,1.2435705024697628,7.0,1.461907308246923,0.3987019931583302,0.27272727272732644,0.9619047619048031,0.6834891311286895,,0.560081371341505,0.560081371341505,3.0,47.457627118666274,1.5568363542368988,2.809899761305875,0.6834891311286895,,1,1,2,0.16137937818317477,0.0,4.0,2.8346328412350084,0.7321237139615521,1.961783439490195,1.1228406909788928,7.0,0.2563084241731506,0.26580132877236406,0.018181818182209143,0.978398748059301,0.9280959265534281,0.5490094765989231,50.69628359533038,-0.5018596929476189,-0.8648578864028512,0.3629981934552323,32.079632736863466,18.055802390595336,26.458636659664855,79.9019607843205,0.79710642414084,3.0792961928532137,0.0002220605074751969,-3.20969756624212e-05,0.0004870568652270979,0.0002702312216056324,-0.0015649995593430832,0.8638543185096436,0.47939168224991763,0.9967549828958255,0.3987019931583302,0.03809523809519685,0.5619047619048032,0.43264921632405934,-0.877711172371042,0.057257085265147445,-1.3103603886951014,0.9349682576361895,0.14077216505292547,-0.8959427788773681,-2.4288248988258982,0.03571444038009337,1.0150045372616117,3.873105076394468,5.904586660582109,-0.32393395850122886,0.0843937811864025,-4.5917113215900685,0.09768637532132524,1.039227627967484,1.0331198432731528,0.6559485530546239,0.4943653520974684,7.499394633214998,3.094686899276234,-0.7071067811865477,0.7071067811865474,0.43388373911755823,-0.900968867902419,0.0004870568652270979,0.0002702312216056324,0.3629981934552323,-8.402834269069519,21,3,0.30508474576235917,0.28627914456166187,,,,ASIA,37.0,2.809899761305875,26.955102608878352,0.7217820038739203,4.979028462178873,14.343778849098516,1.0244870946393043,2.6689189189189166,1.2009133602232658,CORE,CORE_GATE,M1_OHLC,2,4,V15_Q2,MEDIUM,1,A,15
XAUUSD,C_DISPLACEMENT_MID_RETEST,V15_QUALITY_PRESERVING_EXPANDED,C_DISPLACEMENT_MID_RETEST|BUY|2020-09-28T20:46:00+00:00,2020-09-28 20:46:00+00:00,2020-09-28 20:47:00+00:00,BUY,UTC_18_23,0.5416201695262732,3.0,1.4916752209899353,0.30188665186716934,0.20238095238105872,0.8529411764701161,0.12430626841613077,,0.7280795721496619,0.500000000000373,2.0,81.96446902124384,1.1528850292646333,1.758045796166897,0.12430626841613077,,1,1,2,0.13318528758807704,0.42000000000007276,1.0,2.0670647146907064,0.2258137923609539,1.8064516129029262,0.7973199329983275,3.0,0.12430626841613077,1.2164256266406235,0.8145695364234343,2.156473629414165,1.4949937998273537,0.8803368461788037,60.560739818920105,0.47769984904789453,0.534622514598504,-0.05692266555060943,41.37917931511122,29.134528446225683,13.09119253546043,49.37655860349464,0.6927460186824813,4.454572705864568,0.00011974167728823204,0.0003246995198706859,0.0002634695479766247,-0.00013035277717921012,0.0010680431372236399,0.8790228980832465,-0.43507193945524636,0.6037733037343387,0.30188665186716934,0.1470588235298838,0.3529411764701162,1.0882531872940588,2.9637418353155534,9.580842250225873,1.8754886480214947,6.617100414910318,0.43498958009610267,1.2040882151369616,3.7431438593882227,-0.6434661451837479,0.9520739455216904,2.210875773967651,6.286345574172418,4.03182054026302,0.053718763748276666,-0.8897960343946139,0.2648725212464455,0.9788500757766637,0.9426541372703864,0.3516949152542743,0.6930438842203014,1.8024408920294546,8.683680750763457,-0.8660254037844386,0.5000000000000001,0.0,1.0,0.0002634695479766247,-0.00013035277717921012,-0.05692266555060943,16.043335910765254,20,0,,,,,0.5238095238099105,NEW_YORK,526.0,1.758045796166897,55.635934135260854,0.9676029364826085,28.963360540890633,14.783566922312486,2.0,1.0252525252523872,0.8098895645539993,CORE,CORE_GATE,M1_OHLC,2,4,V15_Q2,MEDIUM,1,C,15
XAUUSD,C_DISPLACEMENT_MID_RETEST,V15_QUALITY_PRESERVING_EXPANDED,C_DISPLACEMENT_MID_RETEST|BUY|2020-10-01T12:01:00+00:00,2020-10-01 12:01:00+00:00,2020-10-01 12:02:00+00:00,BUY,UTC_12_17,1.2200607107598855,21.0,1.181328624704058,0.8714719362569981,0.7377049180327074,0.8157894736841318,0.2420755378491417,,0.7359096350616021,0.49999999999989087,14.0,100.0,2.4709290454243544,3.0501517768992734,0.2420755378491417,,1,1,2,0.6197133768936794,0.47368421052634097,7.0,3.2491206969223105,0.494018351578803,1.3555555555557015,0.8456501403180153,21.0,0.038732086055827446,0.21302647330705093,0.6923076923076923,0.2846258501327152,0.9685764226939781,0.20735300580527935,55.5728571778697,-0.14103285979763314,-0.24665712899520378,0.10562426919757065,20.523065729194155,25.504434358470274,19.04368868748102,79.43925233645045,0.8642438912507228,2.898973796025468,0.00024016193776388306,0.00028504014315355874,0.0004566704238588848,0.00023752216873584864,0.00012930363396002065,1.675162721916078,0.8714719362569981,1.4718192701232042,0.8714719362569981,0.1842105263158682,0.2236842105263473,0.9288426729678715,-0.001945231587287804,-0.671415542451062,-0.9307879045551593,-0.6694703108637743,0.0469645318557859,-0.6589147857209847,-0.5725696588733717,0.5519052655010908,0.968682922998535,2.7402950884522137,3.70859723984834,7.717554176116728,0.07320569829802051,-2.5376216744097633,0.1370745170193022,0.854513413302662,0.9512703030913904,0.7389033942559575,0.6183350533193019,4.154016229491677,3.0695178199267468,1.2246467991473532e-16,-1.0,0.43388373911755823,-0.900968867902419,0.0004566704238588848,0.00023752216873584864,0.10562426919757065,6.460745670989255,12,3,,,,,0.44262295081954994,LONDON_NY_OVERLAP,1.0,3.0501517768992734,30.17229503751688,0.6614249037227287,14.737558744255553,15.870472261390047,1.2574740695545892,3.349206349206166,0.8119377573321765,CORE,CORE_GATE,M1_OHLC,3,4,V15_Q2,HIGH,1,C,15
XAUUSD,B_FVG_RETEST_SEQUENCE,V15_QUALITY_PRESERVING_EXPANDED,B_FVG_RETEST_SEQUENCE|BUY|2020-10-01T23:04:00+00:00,2020-10-01 23:04:00+00:00,2020-10-01 23:05:00+00:00,BUY,UTC_18_23,1.9020228122349467,4.0,1.6037962388875577,0.18556320119346223,0.115702479338756,0.7714285714287199,0.0,0.12591788652458716,1.7230868682268148,0.12591788652458716,2.0,100.0,2.1074677849847006,2.41894887270275,0.0,,-1,1,1,0.20544497274975393,0.09433962264142849,2.0,3.4747163109704893,1.1041154632989347,2.160714285714155,1.654320987654438,4.0,0.5434350892097265,0.5169260604678033,-0.02499999999998579,0.2307938521749729,1.0754888533990494,-0.17950214994419472,50.226091037863355,-0.17927980939180088,-0.3392485592009543,0.15996874980915343,29.116516273867724,18.40203914122433,15.688663348317613,63.03972366148729,0.6268812535608111,3.0607931445385286,7.347442171679042e-05,-2.3614485650247374e-05,0.0008666353277326788,3.14877158549276e-05,-0.00042751182870159887,2.186994871210772,0.07952708622576952,0.46390800298395696,0.18556320119346223,0.22857142857128007,0.3714285714289798,0.22018145673557743,-0.6641197992059631,-2.1973790266691586,-0.8843012559415405,-1.5332592274631955,0.23564044557722075,-0.6042288293779132,-1.310822529810061,-2.631988817954865,1.0764111797527411,3.8371819103968456,4.009490597219346,-0.9637218869158701,0.08104005144954568,-4.621615047195547,0.04495747266099045,1.240055887771782,1.109303001845599,0.9570247933884669,0.5298701298702317,6.640511699857481,2.41894887270275,-0.25881904510252157,0.9659258262890681,0.43388373911755823,-0.900968867902419,0.0008666353277326788,3.14877158549276e-05,0.15996874980915343,2.7133757929067155,23,3,,,0.07851239669443773,1.0,,ASIA,124.0,2.41894887270275,36.37038743395175,0.7602040816326562,24.076825354873574,10.862074527013117,2.0,3.6054794520546647,1.821965662358944,CORE,CORE_GATE,M1_OHLC,0,4,V15_Q2,LOW,1,B,15
XAUUSD,B_FVG_RETEST_SEQUENCE,V15_QUALITY_PRESERVING_EXPANDED,B_FVG_RETEST_SEQUENCE|BUY|2020-10-05T13:41:00+00:00,2020-10-05 13:41:00+00:00,2020-10-05 13:42:00+00:00,BUY,UTC_12_17,0.823090738902455,6.0,1.2570840375955983,0.6584725911211473,0.5238095238092403,0.8148148148141287,0.01496528616218453,0.25440986475169264,1.2870146099199673,0.25440986475169264,3.0,23.529411764674414,1.9604524872039797,2.8134737984294427,0.01496528616218453,8.215942102859643,1,-1,1,0.7931601665787665,0.0,3.0,3.2513812981400227,0.5080283278341929,1.354838709677159,1.1967999999999301,6.0,0.01496528616218453,1.9903830595269876,0.9850746268653475,1.729019555855581,0.301591539807551,-0.27489196325188087,49.380783633482984,-0.17978709913040802,-0.28481673399790564,0.10502963486749761,23.841350758248677,20.605153239731937,25.82205136876229,81.03448275861967,0.7755366782339249,3.109432247852375,0.0001237770433089036,-9.478722900069236e-05,0.0001606527241171385,0.00018699416104150934,-0.0007104664870327682,0.91288245587284,1.0625353174919632,0.8081254527402705,0.6584725911211473,0.18518518518587135,0.0,0.24461579885496465,-0.826776379858364,4.485138444239477,-1.0713921787133287,5.311914824097841,0.10948589524114019,-0.7531807931517477,-2.1625418125816513,0.8959794670597786,0.9167915893180247,3.4719463895512708,7.422781936281558,-2.9311280757000517,0.0038408722826552277,-3.865079010290536,0.09160305343512952,0.6048161872810439,0.8354705849728908,0.46774193548390053,0.3943500363103339,8.215942102859643,2.8134737984294427,-0.2588190451025208,-0.9659258262890683,0.0,1.0,0.0001606527241171385,0.00018699416104150934,0.10502963486749761,-5.216898129030351,13,0,,,0.2023809523811135,0.23529411764674413,,LONDON_NY_OVERLAP,101.0,2.8134737984294427,51.69009840305702,0.6795020266357927,-14.20205656760347,37.562868266262434,0.5589641434262969,5.888297872339929,0.6180091185410334,CORE,CORE_GATE,M1_OHLC,2,4,V15_Q2,MEDIUM,1,B,15
XAUUSD,A_OB_RETEST_SEQUENCE,V15_QUALITY_PRESERVING_EXPANDED,A_OB_RETEST_SEQUENCE|BUY|2020-10-05T19:28:00+00:00,2020-10-05 19:28:00+00:00,2020-10-05 19:29:00+00:00,BUY,UTC_18_23,0.8806450472472195,9.0,0.9575946144821341,0.4274975957509944,0.4464285714286149,0.7555555555552973,1.1798933642728378,,0.5300970187311397,0.5300970187311397,2.0,38.70967741932645,3.283181535367761,4.189476438359822,1.1798933642728378,,1,1,2,0.4360475476662009,0.13402061855680977,7.0,3.957844371496297,1.073452614215595,0.9824561403508912,0.8308702791461308,9.0,1.000344374057389,0.9148448549068791,-0.0446428571430239,1.3066952269722538,1.4575945198415887,0.7746620424742595,60.30155877710417,0.16648081992093466,-0.03180829655689376,0.19828911647782843,16.886419896964735,31.27966770290395,16.752755105031607,96.24573378839165,0.8976346673818105,4.764849495753466,0.0001305796692678829,0.00019849457535214832,0.00019327002434144092,0.0005303653773300887,0.0005251373586898644,0.632696441711285,1.7356402387488195,0.7694956723518677,0.4274975957509944,0.2444444444447027,0.1999999999997979,1.3323005160683639,1.2651706385048085,4.74610494245259,-0.06712987756355542,3.480934303947781,0.6599546725804671,0.10586197589013668,0.7280558131459406,-2.0678496089834217,0.7660089140766108,4.377575380490478,5.822517254128496,2.8249971758763053,0.018754819494845948,2.944701425356474,0.21500457456535751,0.6538759428239571,0.5685882879075553,0.7518355359765619,0.7089947089948705,4.4545249477253925,4.822172880071108,-0.9659258262890684,0.2588190451025203,0.0,1.0,0.00019327002434144092,0.0005303653773300887,0.19828911647782843,14.526912597872343,19,0,0.09677419354904958,0.5162405701952179,,,,NEW_YORK,448.0,4.189476438359822,54.1724953335665,0.8748421717171683,19.211741953049515,21.46037930669945,1.8322709163346924,1.618367346938805,1.6066134549600914,CORE,CORE_GATE,M1_OHLC,2,4,V15_Q2,MEDIUM,1,A,15
XAUUSD,A_OB_RETEST_SEQUENCE,V15_QUALITY_PRESERVING_EXPANDED,A_OB_RETEST_SEQUENCE|BUY|2020-10-08T19:12:00+00:00,2020-10-08 19:12:00+00:00,2020-10-08 19:13:00+00:00,BUY,UTC_18_23,0.6633711279474738,12.0,0.905554238150497,0.27377221153358167,0.30232558139502913,1.0,0.12635640532367037,0.4001286168567732,1.3688610576693447,1.3688610576693447,4.0,61.53846153846692,1.2319749519023147,2.474479604247989,0.12635640532367037,,-1,1,1,0.5370147226238035,0.21052631578930572,8.0,3.317538232949511,0.6396560645226211,0.9772727272727507,0.8720800889877134,12.0,0.10529700443599295,0.705489929721871,0.7402597402599702,0.7674949996482874,0.04647272375801742,-0.029975194939310782,54.38032036130842,0.12427848985566925,0.11072345366814762,0.01355503618752163,11.632460382693877,19.02463160618766,21.719795882889656,75.58823529412044,0.7415732061792525,2.7591223738039132,6.614596562526387e-05,-6.613721620518653e-05,2.6456706245792105e-06,0.00014553267605488251,-3.703791889220209e-05,0.010529700443359878,0.5791335243982006,0.7160196301652308,0.27377221153358167,0.0,0.6176470588237851,0.4658596955383761,1.0254530631500287,-1.4233870352244895,0.5595933676116526,-2.4488400983745184,0.2850772236117993,0.40326352911749336,1.3713473285159636,-1.1740509592049648,0.8306612141486635,2.2112370931577674,3.580098150827112,-2.493725586311193,-0.03401377043426204,-1.2492752370507727,0.014644351464419125,0.5352361326898539,0.6447647757116833,0.6176470588234861,0.6324307500777893,0.8739651368194598,4.843662204059985,-0.9659258262890684,0.2588190451025203,0.43388373911755823,-0.900968867902419,2.6456706245792105e-06,0.00014553267605488251,0.01355503618752163,-2.6951642767019948,19,3,0.7538461538460624,0.7047058337965759,,,,NEW_YORK,432.0,2.474479604247989,36.43276353488708,0.37803468208093194,5.20167201914284,12.59352173055625,1.086956521739127,9.157446808510985,1.571995447414562,CORE,CORE_GATE,M1_OHLC,1,4,V15_Q2,LOW,1,A,15
XAUUSD,B_FVG_RETEST_SEQUENCE,V15_QUALITY_PRESERVING_EXPANDED,B_FVG_RETEST_SEQUENCE|BUY|2020-10-08T19:12:00+00:00,2020-10-08 19:12:00+00:00,2020-10-08 19:13:00+00:00,BUY,UTC_18_23,0.6633711279474738,12.0,0.905554238150497,0.27377221153358167,0.30232558139502913,1.0,0.12635640532367037,0.4001286168567732,1.3688610576693447,0.4001286168567732,4.0,100.0,1.9795836833985827,2.474479604247989,0.12635640532367037,,-1,1,1,0.5370147226238035,0.21052631578930572,8.0,3.317538232949511,0.6396560645226211,0.9772727272727507,0.8720800889877134,12.0,0.10529700443599295,0.705489929721871,0.7402597402599702,0.7674949996482874,0.04647272375801742,-0.029975194939310782,54.38032036130842,0.12427848985566925,0.11072345366814762,0.01355503618752163,11.632460382693877,19.02463160618766,21.719795882889656,75.58823529412044,0.7415732061792525,2.7591223738039132,6.614596562526387e-05,-6.613721620518653e-05,2.6456706245792105e-06,0.00014553267605488251,-3.703791889220209e-05,0.010529700443359878,0.5791335243982006,0.7160196301652308,0.27377221153358167,0.0,0.6176470588237851,0.4658596955383761,1.0254530631500287,-1.4233870352244895,0.5595933676116526,-2.4488400983745184,0.2850772236117993,0.40326352911749336,1.3713473285159636,-1.1740509592049648,0.8306612141486635,2.2112370931577674,3.580098150827112,-2.493725586311193,-0.03401377043426204,-1.2492752370507727,0.014644351464419125,0.5352361326898539,0.6447647757116833,0.6176470588234861,0.6324307500777893,0.8739651368194598,4.843662204059985,-0.9659258262890684,0.2588190451025203,0.43388373911755823,-0.900968867902419,2.6456706245792105e-06,0.00014553267605488251,0.01355503618752163,-2.6951642767019948,19,3,,,0.4418604651158118,1.0,,NEW_YORK,432.0,2.474479604247989,36.43276353488708,0.37803468208093194,5.20167201914284,12.59352173055625,1.086956521739127,9.157446808510985,1.571995447414562,CORE,CORE_GATE,M1_OHLC,1,4,V15_Q2,LOW,2,A+B,15
XAUUSD,A_OB_RETEST_SEQUENCE,V15_QUALITY_PRESERVING_EXPANDED,A_OB_RETEST_SEQUENCE|BUY|2020-10-09T12:32:00+00:00,2020-10-09 12:32:00+00:00,2020-10-09 12:33:00+00:00,BUY,UTC_12_17,0.7890045013313066,5.0,1.6142850716893116,0.38089872478074455,0.2359550561798499,1.0,1.4147666920420585,,0.8524876221278225,0.8524876221278225,3.0,88.29787234045538,0.027207051769817518,0.9250397601820439,1.4147666920420585,,1,1,2,0.6801762942512117,0.07843137254894968,2.0,3.0933359455606393,0.6301239889104041,1.854166666665892,1.1458551941237898,5.0,1.0066609154914965,0.13603525885073725,-0.7619047619039371,1.6139857304644774,2.4835309106438985,0.9109706612027662,45.3625834253966,-0.17161864674631033,-0.19575180956039218,0.024133162814081843,14.447048049407885,23.842331640895235,24.379808649363337,29.473684210537527,0.330704271109565,2.8846952163130704,0.00010452078526479447,-0.0005796934935932141,-0.00015674022136924481,-0.00010449894064190612,-0.0006788529473965577,-0.5441410354004745,-0.362760690266983,0.8524876221286473,0.38089872478074455,0.0,0.5531914893618668,-0.5116286457638441,-0.9048825762875572,2.4358372824144077,-0.39325393052371305,3.3407198587019646,-0.017967456748577165,-0.3364271774900096,-1.8829543088945462,0.17621297163337346,1.0964641999257816,3.4462265575392252,3.4462265575392252,-14.00417713102712,-0.06785314840525919,-1.7719276311822885,0.06543624161072648,0.8386266470959801,1.0690572989097447,1.0,0.3710691823899756,5.23282295710556,1.0157299327487896,1.2246467991473532e-16,-1.0,-0.433883739117558,-0.9009688679024191,-0.00015674022136924481,-0.00010449894064190612,0.024133162814081843,-0.5374770084681018,12,4,0.5531914893619183,2.043129297376488,,,,LONDON_NY_OVERLAP,32.0,0.9522468119518614,41.59958215640401,0.8742097231305964,35.604961749736965,34.95199250725557,1.0404774260508667,5.495238095236693,0.9259915663386911,CORE,CORE_GATE,M1_OHLC,2,4,V15_Q2,MEDIUM,1,A,15
XAUUSD,C_DISPLACEMENT_MID_RETEST,V15_QUALITY_PRESERVING_EXPANDED,C_DISPLACEMENT_MID_RETEST|BUY|2020-10-14T06:12:00+00:00,2020-10-14 06:12:00+00:00,2020-10-14 06:13:00+00:00,BUY,UTC_06_11,0.9289451045780557,8.0,1.8578902091571945,0.35728657868365926,0.19230769230746808,0.5999999999994543,0.285829262947469,,0.5716585258938548,0.5573670627468335,5.0,77.777777777713,2.7106141769489698,3.191760102910064,0.285829262947469,3.4061320501208012,1,-1,1,0.5478394206488192,0.8225806451610537,3.0,3.1999096017823083,0.5710276393755481,2.108108108108623,0.985365853658519,8.0,1.0837692886751205,0.8932164467099606,-0.09638554216884303,0.6035401216194605,1.293885331950066,-0.4641008380926683,63.850046845019904,0.5200319111061162,0.5648960228476343,-0.044864111741518053,41.4303073150764,30.94442170748219,18.909245985232843,74.65181058495062,0.7865293515203619,3.215041986048747,7.384959475031927e-05,-8.702302154472985e-05,-7.647558319223702e-05,0.0003799141499551961,0.001799226411903998,-0.3453770260611414,1.7149755776831892,0.5954776311399737,0.35728657868365926,0.4000000000005457,0.0,1.2783906059288552,3.8904486020336626,8.582900226850724,2.6120579961048076,4.692451624817061,0.8313560271499052,1.703293595122801,4.361996282271528,-0.8880008911937438,0.8706528281815847,4.275529391585184,9.301360598406866,-5.7773016738520795,-0.057723238825132084,-4.822137729325135,0.3089622641509835,0.5172282716185322,0.696785793895961,0.4596670934699054,0.4039682539679201,1.0837692886751205,10.659049597405312,1.0,6.123233995736766e-17,0.9749279121818236,-0.22252093395631434,-7.647558319223702e-05,0.0003799141499551961,-0.044864111741518053,12.035175722249345,6,2,,,,,0.7820512820512446,ASIA,552.0,3.191760102910064,33.001370317777386,0.9671598700829914,6.752716337126847,33.001370317777386,0.9671598700829914,0.3395522388061063,0.8580506655216832,CORE,CORE_GATE,M1_OHLC,0,4,V15_Q2,LOW,1,C,15
XAUUSD,A_OB_RETEST_SEQUENCE,V15_QUALITY_PRESERVING_EXPANDED,A_OB_RETEST_SEQUENCE|BUY|2020-10-19T16:26:00+00:00,2020-10-19 16:26:00+00:00,2020-10-19 16:27:00+00:00,BUY,UTC_12_17,1.4278596098307113,10.0,1.5488646615117525,0.14520606201658923,0.09374999999991118,0.7368421052634728,0.5404892308400768,,1.0325764410079572,1.0325764410079572,3.0,37.500000000031086,1.7908747648727346,2.6621111369730035,0.5404892308400768,,1,1,2,0.7502313204199614,0.0,7.0,2.9497862603804097,0.08654629614800831,1.7297297297299512,0.7940935192780875,10.0,0.04033501722664692,0.04033501722664692,0.0,0.2722959089842273,1.2931673244380304,0.2285412280127079,50.537231246954086,-0.02197735713343718,-0.14741073374677496,0.12543337661333778,23.55259212610799,18.173623988436404,26.476763381042332,81.26361655773202,0.6562031474070191,3.116733983979739,4.969489947237449e-05,-0.00020657321189965216,-8.368550985404788e-05,0.00011247446437301356,0.0004107850704484495,-0.258144110252081,0.34688114815092436,0.30654613092427746,0.14520606201658923,0.2631578947365272,0.2631578947377239,0.2094884472977729,-0.630093970295715,-1.1680241082625755,-0.839582417593488,-0.5379301379668604,0.16723445809552456,-0.2863747475238381,-1.1650029641305284,-1.0174448402106195,0.8160204898220672,1.5649986684024846,4.138372767476645,-3.8067958594489113,-0.049041918630434084,-1.7838331250146808,0.09757785467129984,0.9516188465803624,0.8311102011004833,0.3781676413255386,0.47614136938861495,8.333214559071036,4.049635729577434,-0.8660254037844384,-0.5000000000000004,0.0,1.0,-8.368550985404788e-05,0.00011247446437301356,0.12543337661333778,-8.303139392605928,16,0,1.0,0.8005532393698969,,,,NEW_YORK,266.0,2.6621111369730035,34.550975756534235,0.6855008171842208,19.094597155198542,9.607801103439607,2.0,4.081818181818458,1.6190135563888088,CORE,CORE_GATE,M1_OHLC,1,4,V15_Q2,LOW,1,A,15
XAUUSD,C_DISPLACEMENT_MID_RETEST,V15_QUALITY_PRESERVING_EXPANDED,C_DISPLACEMENT_MID_RETEST|BUY|2020-10-19T16:27:00+00:00,2020-10-19 16:27:00+00:00,2020-10-19 16:28:00+00:00,BUY,UTC_12_17,1.4427922660337296,11.0,1.5650627970540147,0.8477423484041962,0.5416666666666272,0.9811320754717143,0.26899516824358927,,1.0433751980361334,0.5000000000000997,4.0,38.58808377145716,2.3502866263548934,3.505088555901865,0.26899516824358927,,1,1,2,0.7580772923232468,0.0,7.0,2.9497862603804097,0.08654629614800831,1.7297297297299512,0.7940935192780875,11.0,0.23638969330499485,0.24454106203945813,0.01694915254198102,0.2722959089842273,1.2931673244380304,0.2285412280127079,55.09594812496796,0.026735531357189757,-0.11258148072598204,0.1393170120831718,22.23821727136585,22.40860697837356,24.84268357466912,99.57894736842144,0.8687256153535475,3.3414531915878714,0.0002615391053271132,8.367763192307365e-05,0.0005441550423290753,0.0007274173543987406,0.0002615391053271132,1.6954846968083923,2.266080508234536,0.8640450858734934,0.8477423484041962,0.018867924528285698,0.0,0.9290241498975277,0.17145516607792982,-0.3614696522273175,-0.7575689838195979,-0.5329248183052473,0.3143644829594464,-0.24221975425880057,-0.26190852928771174,-1.3785988085781204,0.8106355999627193,1.7117874342776895,4.181652160878626,1.2882753906745563,-0.03916917307895837,-2.146940235406902,0.12365591397847671,0.9276273299193357,0.8225083509297915,0.40935672514617244,0.5852366765973257,7.605227029434376,4.9071239782629075,-0.8660254037844384,-0.5000000000000004,0.0,1.0,0.0005441550423290753,0.0007274173543987406,0.1393170120831718,-2.4340765962955615,16,0,,,,,0.0,NEW_YORK,267.0,3.505088555901865,34.912312290531666,0.7088489376605225,20.109426668396086,9.708280162975198,2.0,2.9000000000001376,1.605353022611906,CORE,CORE_GATE,M1_OHLC,4,4,V15_Q2,VERY_HIGH,2,A+C,15
XAUUSD,C_DISPLACEMENT_MID_RETEST,V15_QUALITY_PRESERVING_EXPANDED,C_DISPLACEMENT_MID_RETEST|BUY|2020-10-21T02:14:00+00:00,2020-10-21 02:14:00+00:00,2020-10-21 02:15:00+00:00,BUY,UTC_00_05,0.601169830115567,7.0,1.093036054755215,0.28418937423659446,0.2600000000002183,0.5652173913047777,0.010930360547790735,,0.6558216328530295,0.49999999999969713,2.0,23.767134685882812,1.3458326399428049,2.0111863407497546,0.010930360547790735,,1,1,2,0.4044233402593102,0.9200000000000728,5.0,2.0326472284578427,0.09429806729971835,1.05263157894757,0.8078641644325383,7.0,0.010930360547790735,0.021860721095084416,0.3333333333232279,0.03002341515641624,0.7969253279247314,0.01987896598177041,59.2081371670006,0.3684465438566349,0.41502068445159546,-0.04657414059496057,31.03517010651751,25.242586465201942,15.565363251303344,45.09803921568562,0.6453810986755657,4.127612182927081,0.0001046454742139602,0.00015959311604252235,0.0002642719960648243,0.0001883776238778001,0.0011103574879731681,1.1039664153030055,0.786985959423536,0.5027965851874386,0.28418937423659446,0.43478260869522234,0.0,1.0016237813805118,2.4004208688657953,2.9860968785718365,1.3987970874852838,0.585676009706041,0.4707309788610908,0.9059671659981148,2.777852647652337,-0.7893603396990703,1.3579342555272977,2.2297935517005985,7.388923730145491,2.2653850311363897,0.01982405434406803,-2.1091646402204027,0.18054532056004943,1.0047558657331581,1.295101965768032,0.30177514792897897,0.6261835748795311,2.4484007626519397,6.383330559770614,0.49999999999999994,0.8660254037844387,0.9749279121818236,-0.22252093395631434,0.0002642719960648243,0.0001883776238778001,-0.04657414059496057,9.677223213898598,2,2,,,,,0.23999999999978172,ASIA,314.0,2.0111863407497546,8.831731322422554,0.7227722772277066,2.448400762651443,8.831731322422554,0.7227722772277066,1.2173913043478584,0.4191780821917808,CORE,CORE_GATE,M1_OHLC,1,4,V15_Q2,LOW,1,C,15
XAUUSD,A_OB_RETEST_SEQUENCE,V15_QUALITY_PRESERVING_EXPANDED,A_OB_RETEST_SEQUENCE|BUY|2020-10-21T10:10:00+00:00,2020-10-21 10:10:00+00:00,2020-10-21 10:11:00+00:00,BUY,UTC_06_11,2.9957036945625615,10.0,0.9460116930195676,0.4414721234095139,0.4666666666670709,0.7777777777779883,0.6149076004629699,,0.9617785545698817,0.9617785545698817,2.0,22.131147540985747,2.483280694176813,4.115150864635943,0.6149076004629699,,1,1,2,0.03153372310062835,0.5538461538461682,8.0,3.895147373267107,0.4293248607807495,1.0000000000001894,0.8852725793327119,10.0,0.26015321558036314,0.21285263092977913,-0.09999999999909046,0.32158803871009434,1.387215198768256,0.27442405767055794,57.69025128010945,0.07170269998346157,0.011630535354470034,0.06007216462899154,17.753085742517765,17.84438252467497,17.867450183693474,94.22382671480666,0.9299925277556947,2.303651838021032,0.00016156814918466544,0.0003961954807651935,0.00028147503342523805,0.0002866890284110024,0.00038055023393424037,0.8514105237176826,0.8671773852683552,1.1352140316236963,0.4414721234095139,0.22222222222201168,0.38888888888883627,0.8608857875959234,1.2452307011998884,1.9726715355267117,0.3843449136039651,0.7274408343268233,0.16173482572255268,0.16014731970765986,1.3461813997667555,1.1000103697624204,1.059465128699787,2.4753972634014767,6.306744620131407,8.580507779684417,0.10343763312367187,-3.098672661232225,0.07650273224045345,1.1402388318881738,1.1694841646368452,0.3924999999999841,0.7375201288248063,2.1915937554954628,5.226714603933989,0.49999999999999994,-0.8660254037844387,0.9749279121818236,-0.22252093395631434,0.00028147503342523805,0.0002866890284110024,0.06007216462899154,-0.023067659018504827,10,2,0.6885245901641667,0.530801646056335,,,,LONDON,190.0,4.115150864635943,18.80198239876704,0.881341719077573,13.732936410336194,18.80198239876704,0.881341719077573,0.5421455938696914,1.1778303857401475,CORE,CORE_GATE,M1_OHLC,2,4,V15_Q2,MEDIUM,1,A,15
XAUUSD,A_OB_RETEST_SEQUENCE,V15_QUALITY_PRESERVING_EXPANDED,A_OB_RETEST_SEQUENCE|BUY|2020-10-23T14:37:00+00:00,2020-10-23 14:37:00+00:00,2020-10-23 14:38:00+00:00,BUY,UTC_12_17,0.7450366463044261,7.0,0.820620074190603,1.3605017019472556,1.6578947368417116,0.561983471074228,1.2633230089513037,,0.8422153393013602,0.8422153393013602,3.0,24.358974358975104,1.5656567204955203,3.671195068748184,1.2633230089513037,,1,1,2,0.11877395810720011,0.022222222222210992,4.0,3.178054288052686,0.37684438198222714,1.1343283582088641,1.1342465753422781,7.0,,2.893765524778113,,0.9317510797194426,0.9667250177833868,0.5465540486469908,64.21967534899872,0.31028964697384254,0.2449167040436735,0.06537294293016904,20.156561731128246,38.04433331581986,17.489066350498007,77.25321888411088,1.059247248771659,3.4550663413841862,0.0003347901937860165,0.0002275283102752823,0.00030339409061541645,0.000672422815279905,0.0011412985150029975,1.2525253763964161,2.774991566671404,2.613027078344654,1.3605017019472556,0.43801652892577203,0.04132231404973587,1.9009752397769932,2.9101582600295606,5.087463760695807,1.0091830202525676,2.1773055006662467,0.6972116542600482,0.6279799559937462,3.1884294273792504,1.0246232146597256,1.2139176306623845,5.0316967706964215,7.191223281724996,2.129853427916373,0.04143261985104907,2.3385360430365445,0.1484536082473842,1.2964552856004201,1.3097234213591815,0.6996996996996931,0.6159827944516921,1.1445490508455767,6.478579533085724,-0.4999999999999997,-0.8660254037844388,-0.433883739117558,-0.9009688679024191,0.00030339409061541645,0.000672422815279905,0.06537294293016904,20.555266965321856,14,4,0.2820512820509532,0.4898976965771809,,,,LONDON_NY_OVERLAP,157.0,3.671195068748184,24.640197490836215,0.9535495179666786,15.872519856059828,13.6806004473661,1.7174427782162303,0.311764705882504,0.8039265588074895,CORE,CORE_GATE,M1_OHLC,3,4,V15_Q2,HIGH,1,A,15
XAUUSD,C_DISPLACEMENT_MID_RETEST,V15_QUALITY_PRESERVING_EXPANDED,C_DISPLACEMENT_MID_RETEST|BUY|2020-10-23T14:46:00+00:00,2020-10-23 14:46:00+00:00,2020-10-23 14:47:00+00:00,BUY,UTC_12_17,0.7295652101833786,16.0,0.8035790720862562,0.6344045305949949,0.7894736842112506,1.0,0.15860113264874873,,0.8247258897732048,0.5000000000003417,12.0,100.0,2.0232829012967977,2.5164713046920695,0.15860113264874873,,1,1,2,0.116307497276294,0.022222222222210992,4.0,3.178054288052686,0.37684438198222714,1.1343283582088641,1.1342465753422781,16.0,0.3700693095134265,1.7551858679787486,0.6517412935324666,0.9063791307875214,0.9817555923127219,0.542293938399246,56.194910653114086,0.13162988026419953,0.14469797966047973,-0.013068099396280203,17.528324274102257,25.866206682220835,17.484241722186546,46.93877551020692,0.728594722841777,3.445919262828956,0.00013078562927515414,0.00032702822907682005,0.000293007327799355,0.0002982411619896208,2.615377372894301e-06,1.1842217904431571,1.2053686081301056,0.8458727074596726,0.6344045305949949,0.0,0.24999999999971578,0.7937079418797818,1.4971471401632193,3.6444617026546253,0.7034391982834375,2.147314562491406,0.1407519481960771,0.3904063940093779,1.8694587737620976,0.3853920145907744,1.167907764356663,4.14477626655153,4.927208520951319,7.473711878486213,0.06512091715714088,0.1414484640988718,0.041925465838515016,1.0815076072758358,1.3110412988061575,0.8412017167382393,0.8787878787880371,2.1992690393945717,5.265557603935765,-0.4999999999999997,-0.8660254037844388,-0.433883739117558,-0.9009688679024191,0.000293007327799355,0.0002982411619896208,-0.013068099396280203,8.381964960034288,14,4,,,,,0.3947368421038303,LONDON_NY_OVERLAP,166.0,2.5164713046920695,24.12851898028185,0.9088518843120108,14.46442329755742,13.396509004389596,1.636937647987381,0.8739495798318622,0.8255270599944169,CORE,CORE_GATE,M1_OHLC,4,4,V15_Q2,VERY_HIGH,2,A+C,15
XAUUSD,B_FVG_RETEST_SEQUENCE,V15_QUALITY_PRESERVING_EXPANDED,B_FVG_RETEST_SEQUENCE|BUY|2020-10-27T02:39:00+00:00,2020-10-27 02:39:00+00:00,2020-10-27 02:40:00+00:00,BUY,UTC_00_05,1.3036160338477873,7.0,0.8328657994030504,0.5793849039319839,0.6956521739123558,0.843750000000111,0.108634669487247,0.01810577824746282,1.4846738163265323,0.01810577824746282,4.0,100.0,2.2813280592338336,2.697760958935359,0.108634669487247,,1,1,2,0.217269338974494,0.05555555555550877,3.0,3.015441525039239,0.5229089349775591,1.0,1.2650822669102613,7.0,0.7966542429073014,1.3941449250875715,0.2727272727272044,0.5586131936767195,0.13826736412499985,0.06965103482434755,60.34132259211999,0.25684011012231167,0.2800293674713542,-0.023189257349042536,19.25957466879002,21.835055934850118,24.553141357848016,76.14678899080884,0.7234221521880454,2.8687600745853854,8.138661793966051e-05,-7.34991088232606e-05,4.988054921106766e-05,0.0001207719955997888,0.0006435784009835022,0.3440097867100272,0.8328657994030504,1.1587698078647912,0.5793849039319839,0.15624999999988898,0.3437500000004663,0.93258017605805,2.869869868475112,5.803169276586391,1.9372896924170617,2.9332994081112784,0.7143927225948656,1.1845868697623272,4.219593727132322,0.6530369128068674,0.9634589035694858,3.9470596580407578,6.155964604283917,-7.267074293038739,-0.010913969242217603,-2.668942994497545,0.14500941619592944,0.8501380929697565,1.0592557722182998,0.6411764705882179,0.3923611111108025,0.9415004688911207,9.849543366851961,0.49999999999999994,0.8660254037844387,0.7818314824680298,0.6234898018587336,4.988054921106766e-05,0.0001207719955997888,-0.023189257349042536,-2.7180854229978983,2,1,,,0.021739130434266826,1.0,,ASIA,339.0,2.697760958935359,10.791043835743082,0.9127516778522763,9.016677567449735,10.791043835743082,0.9127516778522763,0.34899328859094814,0.5763149628285226,CORE,CORE_GATE,M1_OHLC,3,4,V15_Q2,HIGH,1,B,15
XAUUSD,A_OB_RETEST_SEQUENCE,V15_QUALITY_PRESERVING_EXPANDED,A_OB_RETEST_SEQUENCE|BUY|2020-11-02T07:46:00+00:00,2020-11-02 07:46:00+00:00,2020-11-02 07:47:00+00:00,BUY,UTC_06_11,0.7512055506738887,14.0,0.9931192025852498,1.4260173165335719,1.4358974358983478,0.9655172413793509,0.1909844620363821,,1.222300557028445,1.222300557028445,6.0,62.499999999988155,0.42016581647841944,2.304545841897803,0.1909844620363821,,1,1,2,0.5474887911687618,0.1449275362317408,8.0,2.613284909990445,0.5861573629889989,1.0,0.8558558558558276,14.0,0.5220241962306934,0.050929189876715956,-0.8222222222204707,0.436634931611613,0.6439007689631767,0.2331785076715471,53.78397567477913,0.042551335676989765,0.07120371911198198,-0.028652383434992212,19.438425345669213,21.312264363918178,21.760305658351008,72.19512195123617,0.6210988371708768,3.290873142072447,0.00031362459667350073,5.048559167808442e-05,-9.298643195110312e-05,0.0004332790183971813,-2.656995203964563e-06,-0.4456304114159089,2.0753644874546078,1.476946506409709,1.4260173165335719,0.034482758620649104,0.0,0.4812719183718271,0.8676213879993799,1.3543106404661103,0.38634946962755284,0.48668925246673045,-0.04403860657704652,0.23411486029404602,1.2214394876752142,0.2370324580825992,1.1987864549308827,2.610120981154625,3.934279917935344,1.6145705079883967,-0.029255139870450475,-1.880104153835564,0.013065326633179426,1.399189344079706,1.3927625527627439,0.6634304207120018,0.38817814679888224,1.4260173165329928,4.851005335706967,0.9659258262890683,-0.25881904510252063,0.0,1.0,-9.298643195110312e-05,0.0004332790183971813,-0.028652383434992212,-0.44804129443283003,7,0,0.4166666666667456,1.0379869969585518,,,,ASIA,586.0,2.304545841897803,31.16866420422419,0.6830065359477223,6.238825759833147,31.16866420422419,0.6830065359477223,4.2872928176784795,0.5211476603470999,EXPANDED,RELAXED_SECOND_WITH_STRONG_COMPENSATION,M1_OHLC,4,4,V15_Q2,VERY_HIGH,1,A,15
XAUUSD,B_FVG_RETEST_SEQUENCE,V15_QUALITY_PRESERVING_EXPANDED,B_FVG_RETEST_SEQUENCE|BUY|2020-11-03T19:08:00+00:00,2020-11-03 19:08:00+00:00,2020-11-03 19:09:00+00:00,BUY,UTC_18_23,0.594512586230155,11.0,1.458238419056002,0.7627708653520798,0.5230769230767239,0.7647058823527052,0.06730331164866792,0.14582384190519213,1.1441562980283748,0.14582384190519213,8.0,100.0,1.18902517246082,1.9517960378129,0.06730331164866792,,1,1,2,0.5945125862306652,0.45161290322584197,3.0,2.3460352357331877,0.6398277915637226,1.52941176470626,1.0321199143467192,11.0,0.20190993494651385,0.6057298048385213,0.49999999999936834,0.9290909794296641,1.2676005472432694,0.622941441452754,52.99281876151718,0.029515950344830344,0.05174548746700514,-0.0222295371221748,13.447700941624392,25.30681043597247,20.991323602869752,64.47368421052829,0.6894775065019701,2.6965961133420073,0.0001862075296030774,0.00014948506329504063,-6.554952791226754e-05,8.391593720991075e-05,0.00020456977402893983,-0.28043046520303805,0.35895099545956227,1.1441562980283748,0.7627708653520798,0.23529411764729485,0.09803921568618709,0.36266290849354765,0.5849542565794777,2.8236528125309115,0.22229134808593012,2.238698555951434,-0.08619585314395214,0.21752826413185222,1.4568541887320883,-0.6290149868223897,0.8161053878320096,2.50143974961061,4.206456978045571,5.139000321889846,-0.026874759104210368,-1.209917761077623,0.05579399141636848,0.6330771262338482,0.6787127592466486,0.5946666666665503,0.5882352941176457,2.007882130853712,5.619826522669127,-0.9659258262890684,0.2588190451025203,0.7818314824680298,0.6234898018587336,-6.554952791226754e-05,8.391593720991075e-05,-0.0222295371221748,4.315486833102717,19,1,,,0.09999999999972016,1.0,,NEW_YORK,368.0,1.9517960378129,49.83810227588425,0.8957911321179366,26.405332603518023,17.835377586912813,2.0,2.6609195402302817,1.1537997452684736,CORE,CORE_GATE,M1_OHLC,3,4,V15_Q2,HIGH,1,B,15
XAUUSD,A_OB_RETEST_SEQUENCE,V15_QUALITY_PRESERVING_EXPANDED,A_OB_RETEST_SEQUENCE|BUY|2020-11-06T15:24:00+00:00,2020-11-06 15:24:00+00:00,2020-11-06 15:25:00+00:00,BUY,UTC_12_17,0.8894395605380125,3.0,1.30972418804501,0.4496068108211858,0.34328358208937243,1.0,0.5033641468977165,,2.0330047098011397,2.0330047098011397,2.0,9.615384615386088,0.03420921386692356,2.9566534842056313,0.5033641468977165,,1,1,2,0.8210211328041653,0.08695652173916386,1.0,2.646166310217263,0.23532150490125897,1.696202531645832,1.4305630026809877,3.0,0.048870305524240015,0.5571214829740249,0.8387096774187397,0.7550443657831187,1.1546222221082574,0.5228221858235363,65.06848210414279,0.9793380048356539,0.8875657729042401,0.09177223193141382,16.501835450814664,21.834835423184007,19.807057695126744,98.39228295819358,0.8728440531296208,4.950679578097336,0.00023525019625481036,0.0006523240643625527,0.0006241670311903924,0.0013054997376200639,0.003277872819560379,1.1924354547869227,2.4923855817269067,1.1533392103677085,0.4496068108211858,0.0,0.6101694915255315,1.811341318601465,2.768987689096398,3.830569684449398,0.9576463704949326,1.0615819953530006,0.6382004438175573,0.8729998500605182,3.6897381058904766,0.03518532093129509,1.1258249599931438,3.039733003596795,6.651248581824931,5.301622013545369,0.08629439792637639,-2.0399322596660205,0.37382297551785976,1.089892743439708,1.2406443653517671,0.45701689933873596,0.8182474723159606,0.048870305524240015,7.6335417228584665,-0.7071067811865471,-0.7071067811865479,-0.433883739117558,-0.9009688679024191,0.0006241670311903924,0.0013054997376200639,0.09177223193141382,2.027777728057263,15,4,0.8509615384614665,1.4455463872513397,,,,LONDON_NY_OVERLAP,144.0,2.990862698072555,21.99652451638029,0.898022661630745,9.182730407971274,13.473543232984035,1.466086325716336,0.7500000000000372,1.0706675023503605,CORE,CORE_GATE,M1_OHLC,2,4,V15_Q2,MEDIUM,1,A,15
XAUUSD,C_DISPLACEMENT_MID_RETEST,V15_QUALITY_PRESERVING_EXPANDED,C_DISPLACEMENT_MID_RETEST|BUY|2020-11-06T15:36:00+00:00,2020-11-06 15:36:00+00:00,2020-11-06 15:37:00+00:00,BUY,UTC_12_17,0.5463481367097638,15.0,0.8045126408693375,0.4202677974691751,0.5223880597016394,0.7517241379312292,0.23114728860808725,,1.2487957410508692,0.5000000000000426,14.0,100.0,1.1939200755899224,1.7381075338183936,0.23114728860808725,,1,1,2,0.5043213569627644,0.08695652173916386,1.0,2.646166310217263,0.23532150490125897,1.696202531645832,1.4305630026809877,15.0,0.04202677974672639,0.264168329837697,0.7254901960794454,0.6696397639795517,1.1658737557183798,0.4812111577316905,57.96956127316091,0.17271157179447982,0.2775373157710075,-0.10482574397652766,24.487136135961435,20.804595598843992,28.14299615830292,87.18703976436089,0.7143888297138676,3.5943618276021563,0.00035805718173209655,0.002550340387139194,0.0017466712083533675,0.0005858125911335499,0.0022086876756766127,2.0473045562420835,0.6874380401458654,0.870554723328557,0.4202677974691751,0.24827586206877086,0.2689655172413252,1.040424227052933,1.3806623062898973,2.1248664795214265,0.3402380792369643,0.7442041732315293,-0.12973450618138435,0.10149403947655962,1.9838075162368998,0.7743682455415684,1.6432097615019772,3.9144943421399225,4.076597635449387,23.093493515416064,0.494000240686435,0.45307384469801804,0.04997284084736867,1.4235295150429983,1.9328968103039927,0.9602356406480144,0.8107279175553762,0.5223328339971341,4.610938120803041,-0.7071067811865471,-0.7071067811865479,-0.433883739117558,-0.9009688679024191,0.0017466712083533675,0.0005858125911335499,-0.10482574397652766,-7.338400559458929,15,4,,,,,0.2686567164176369,LONDON_NY_OVERLAP,156.0,1.7381075338183936,13.51160968862864,0.8922461675183408,5.562544490786467,8.276273697300507,1.4566557852738509,0.8376511226250611,1.2953014034768835,CORE,CORE_GATE,M1_OHLC,2,4,V15_Q2,MEDIUM,2,A+C,15
XAUUSD,B_FVG_RETEST_SEQUENCE,V15_QUALITY_PRESERVING_EXPANDED,B_FVG_RETEST_SEQUENCE|BUY|2020-11-06T22:19:00+00:00,2020-11-06 22:19:00+00:00,2020-11-06 22:20:00+00:00,BUY,UTC_18_23,0.4782096696662052,17.0,1.5862564652349531,0.3732368153500871,0.23529411764749153,0.42222222222251415,0.011663650479922273,0.16329110671519903,0.6998190287804852,0.16329110671519903,9.0,100.0,1.761211222429544,1.9478296301045877,0.011663650479922273,,1,1,2,0.3615731648696345,0.6666666666662779,8.0,3.7212651692955476,1.6690059729398823,1.9428571428578296,0.966622162884083,17.0,0.27992761151176976,0.45488236870742144,0.238095238096063,0.3412804357029657,0.6299403041496837,0.18337363014963615,46.33331101861998,0.06072571508934743,0.06496543615834183,-0.004239721068994395,20.216525007767018,20.547509410628887,24.37239614770571,38.56749311296153,0.4524725705350619,4.834553794227347,7.68367833050565e-05,-0.00037121140361429106,-0.00029955067398901303,0.00029716768455156917,-2.561022769964616e-06,-1.3646471061212035,1.3529834556418117,1.049728543169667,0.3732368153500871,0.5777777777774858,0.06666666666612771,-0.5610647486939988,-0.7154110526448372,-0.22986140882905493,-0.15434630395083837,0.4855496438157822,0.0745229960658694,0.2211955689676142,-0.7408891884622715,1.4437357312664933,1.1938916191227074,3.0675400761527274,5.318624618728399,-11.903250187081355,-0.12408946402092541,-1.8811537223557622,0.08559498956160032,1.0057949985958847,1.1230345066836565,0.5767543859649431,0.17115769221057286,5.21365176441122,2.7176305617630154,-0.5000000000000004,0.8660254037844384,-0.433883739117558,-0.9009688679024191,-0.00029955067398901303,0.00029716768455156917,-0.004239721068994395,-3.824886737076824,22,4,,,0.10294117647048498,1.0,,ASIA,19.0,1.9478296301045877,57.61843336955845,0.6771255060728788,13.786434866967921,32.15668437244399,1.2132752992383051,9.55089820359229,0.4360584608358072,CORE,CORE_GATE,M1_OHLC,1,4,V15_Q2,LOW,1,B,15
XAUUSD,A_OB_RETEST_SEQUENCE,V15_QUALITY_PRESERVING_EXPANDED,A_OB_RETEST_SEQUENCE|BUY|2020-11-06T23:01:00+00:00,2020-11-06 23:01:00+00:00,2020-11-06 23:02:00+00:00,BUY,UTC_18_23,0.3985536868452286,9.0,1.0698020015316032,0.9439429425275204,0.8823529411761296,0.9056603773581829,0.388065431928023,,1.1746845507012746,1.1746845507012746,4.0,86.60714285717404,1.0068724720298003,2.1710687678138694,0.388065431928023,,1,1,2,0.2517181180072116,0.5365853658539156,5.0,2.518108819091857,0.5898272909588804,1.172413793103268,1.026905829596469,9.0,0.05244127458507422,0.07341778441853157,0.16666666666287713,0.23425096119999703,0.6527125654984977,0.13193684016383136,48.56791633219584,-0.18980252044684676,-0.25611099196867193,0.06630847152182517,23.085728627124425,16.515253132403135,26.402779074090414,72.01365187711478,0.5835061950095956,3.9437936832718647,0.0002561895392685365,-0.00019461629860295648,0.00018188106003336202,0.00014088800428302406,-0.0007524377447343245,0.7446660991049061,0.5768540204334317,1.1117550211999487,0.9439429425275204,0.09433962264181703,0.056603773585261814,0.0025624993822488144,-0.5991625112569627,-0.651329281093822,-0.6017250106392116,-0.05216676983685928,0.027983055028110108,-0.48428002206765347,-0.6990851695100546,-1.0279379343516446,1.1766998770864214,3.0311056710066064,6.093676106763399,-6.008744504823866,-0.0016271780025835514,-1.286086112284483,0.16817724068478054,1.0469176856777302,1.2593885034396624,0.4974182444062572,0.5613084439826063,3.880654319281661,2.213021787481738,-0.25881904510252157,0.9659258262890681,-0.433883739117558,-0.9009688679024191,0.00018188106003336202,0.00014088800428302406,0.06630847152182517,-9.88752594168728,23,4,0.10714285714277014,0.20417098533156305,,,,ASIA,61.0,2.1710687678138694,51.81197928986494,0.670647773279344,12.061493154523191,28.9161188061049,1.2016684802321167,7.859903381643828,0.5594897351330147,EXPANDED,RELAXED_SWEEP_WITH_STRONG_COMPENSATION,M1_OHLC,4,4,V15_Q2,VERY_HIGH,1,A,15
XAUUSD,A_OB_RETEST_SEQUENCE,V15_QUALITY_PRESERVING_EXPANDED,A_OB_RETEST_SEQUENCE|BUY|2020-11-09T04:28:00+00:00,2020-11-09 04:28:00+00:00,2020-11-09 04:29:00+00:00,BUY,UTC_00_05,0.5800472930870058,6.0,1.340109263339258,0.34002772353395017,0.25373134328366315,0.5,0.25002038495087214,,0.4400358775148448,0.4400358775148448,3.0,6.8181818182194,0.1800146771643369,1.0500856167953003,0.25002038495087214,,1,1,2,0.08000652318435185,0.10769230769192022,3.0,1.8002514227399684,0.5420111810404732,1.595238095238424,0.8606060606061166,6.0,0.14001141557261576,0.01000081539781659,-0.8666666666694963,0.3322673939945065,0.8096056410683297,0.21457186075846382,49.12361343767065,-0.06941386843709552,-0.06801497336001151,-0.001398895077084003,8.750727457997877,22.18776009874159,25.029816695215946,36.89024390243788,0.44241067660566186,2.865348025334108,0.00010996008193298046,-0.00020706844762574672,0.00021738630057099861,-0.00024284936437379834,-3.8352479743486434e-05,0.8500693088344207,-0.9500774628153152,0.9200750166209559,0.34002772353395017,0.5,0.1304347826085667,-0.08122538184009094,-0.2089304636256599,0.33145137558756854,-0.12770508178556894,0.5403818392132285,-0.016839798022421436,-0.18619879268935416,-0.42118687433786905,-0.8129595655944685,0.8042988720961723,2.0601679719988795,3.3402723429498735,-4.7055672419168815,0.01208409909963623,-0.7664732823896436,0.11024237685695572,0.7811328620898882,0.7312707409229224,0.616766467065825,0.3076767676767396,2.6002120034937093,3.720303328075545,0.8660254037844386,0.5000000000000001,0.0,1.0,0.00021738630057099861,-0.00024284936437379834,-0.001398895077084003,-2.842056596474354,4,0,0.954545454544515,0.8710893980997859,,,,ASIA,388.0,1.0500856167953003,14.631192927351762,0.3855092276144792,-3.640296804891193,14.631192927351762,0.3855092276144792,8.561904761907211,0.9161818382922243,CORE,CORE_GATE,M1_OHLC,1,4,V15_Q2,LOW,1,A,15
XAUUSD,C_DISPLACEMENT_MID_RETEST,V15_QUALITY_PRESERVING_EXPANDED,C_DISPLACEMENT_MID_RETEST|BUY|2020-11-09T04:40:00+00:00,2020-11-09 04:40:00+00:00,2020-11-09 04:41:00+00:00,BUY,UTC_00_05,0.80083367898672,9.0,1.7098881254028941,0.7575453720135604,0.44303797468332207,0.8139534883721914,0.36795060926398243,0.34630645577740266,0.6926129115548053,0.5129664376209174,7.0,100.0,2.265060662320969,2.683875032277823,0.36795060926398243,,1,1,2,0.4761713766939286,0.7049180327872152,2.0,2.8723610112028806,0.692626059439137,2.025641025640996,0.8552338530066327,9.0,0.5519259138959737,0.3895947627500701,-0.17241379310348434,0.3125807123599244,0.8099822084134083,0.20273760525746265,54.79249362111111,0.10661397108856363,0.06259543563273448,0.04401853545582915,9.11453489725603,28.689193334941795,24.972330481781476,65.26315789474616,0.7995364290213695,3.222744053651727,0.00019430532013076096,-3.322887538148578e-05,0.00014827881530332654,9.714322234288808e-05,0.00037589562887085926,0.6276804510970344,0.41123891623615777,0.9306985999022618,0.7575453720135604,0.1860465116278086,0.0,0.6756514153039128,0.8556939165439353,1.5238660618771267,0.18004250124002247,0.6681721453331915,0.30928813873234745,0.2442588252981932,0.7654249102619265,-1.3934604967328408,0.8283515639327118,4.112389162360594,4.112389162360594,-1.457730732695822,-0.041363011375332964,-1.0582649030364184,0.09532062391685044,0.7463051084090163,0.683749024049515,1.0,0.2713178294574751,1.5259128207704107,2.683875032277823,0.8660254037844386,0.5000000000000001,0.0,1.0,0.00014827881530332654,9.714322234288808e-05,0.04401853545582915,3.7168628531603183,4,0,,,,,0.8101265822778362,ASIA,400.0,2.683875032277823,15.832698275087646,0.46684894053314263,-2.6514088020479534,15.832698275087646,0.46684894053314263,3.1451612903220543,0.7689916973760157,CORE,CORE_GATE,M1_OHLC,3,4,V15_Q2,HIGH,2,A+C,15
XAUUSD,C_DISPLACEMENT_MID_RETEST,V15_QUALITY_PRESERVING_EXPANDED,C_DISPLACEMENT_MID_RETEST|BUY|2020-11-09T11:57:00+00:00,2020-11-09 11:57:00+00:00,2020-11-09 11:58:00+00:00,BUY,UTC_06_11,0.6511115842758967,4.0,0.862035055238934,0.568576313029527,0.6595744680846329,0.7045454545452432,0.09170585694059606,0.7611586126041114,0.7153056841338135,0.49999999999964984,2.0,100.0,1.7125053385220914,2.1917699808725724,0.09170585694059606,,1,1,2,0.10087644263440544,0.7857142857145177,2.0,2.2608176649330116,0.19815931724533667,0.846846846847382,1.0282588878760164,4.0,0.14672937110428644,0.3484822563730973,0.40740740740790643,0.10290346996716815,0.6372237142768541,0.0577316642587538,54.61842986530208,-0.03415148939620849,-0.11316039231625967,0.07900890292005118,9.598256716857719,21.901420730907777,18.576280457163172,83.56643356644129,0.8520603708068561,2.0187457897015784,0.00015822017613476014,0.00010207180240939806,0.0004492718477582258,5.1033296674329875e-05,0.0002552185819544306,1.614023082148819,0.18341171388035807,0.8070115410744095,0.568576313029527,0.29545454545475686,0.0,0.63732793062,0.4215105727514307,0.7010268339535956,-0.21581735786856934,0.2795162612021648,0.15299474480246755,-0.17906193500505327,-0.28286915689255776,-0.59217617043768,0.9766048881337391,2.430205208917455,3.5581872492822826,1.9907045797850031,0.06280728713617083,-0.2869758272012284,0.16666666666664887,0.8783958215791001,0.9202502775738286,0.6829896907217708,0.6019032152110753,2.9162462507006124,2.1917699808725724,0.258819045102521,-0.9659258262890682,0.0,1.0,0.0004492718477582258,5.1033296674329875e-05,0.07900890292005118,3.325140273744605,11,0,,,,,0.46808510638326695,LONDON,237.0,2.1917699808725724,23.540893476565433,0.5418776782236001,4.245981176334251,22.1653056224615,0.575506826644593,4.292887029288206,0.900965826860029,CORE,CORE_GATE,M1_OHLC,3,4,V15_Q2,HIGH,1,C,15
XAUUSD,A_OB_RETEST_SEQUENCE,V15_QUALITY_PRESERVING_EXPANDED,A_OB_RETEST_SEQUENCE|BUY|2020-11-10T05:38:00+00:00,2020-11-10 05:38:00+00:00,2020-11-10 05:39:00+00:00,BUY,UTC_00_05,0.6697305694603174,8.0,1.3985550126960182,0.8864081066379177,0.6338028169011197,0.7249999999997442,0.6500326115345924,,0.6500326115350402,0.6500326115350402,3.0,60.606060606045986,0.8470121907873635,2.2455672034833816,0.6500326115345924,2.373603929997907,1,-1,1,0.2560734530286024,0.3043478260869852,5.0,2.807121894721424,1.0580690218565934,1.9722222222222485,0.9133489461357837,8.0,0.8076162749372571,0.571240779833484,-0.17142857142872917,2.1922627605913436,1.6589787571777923,-0.9071711783208612,56.14047316444192,0.16695094878400596,0.17656445269132043,-0.009613503907314469,16.74627156853417,18.652020930364944,22.889802336692465,73.54838709676814,0.6574712759186457,3.48998903393435,0.00029808083845872524,-8.513332677106966e-05,0.000292756408038386,-7.981291851899552e-05,0.0004551770399119359,1.0833876858906888,-0.29546936887960445,1.57583663402396,0.8864081066379177,0.2750000000002558,0.16250000000009948,0.7001411809257578,1.9013140157252164,8.81342452057047,1.2011728347994586,6.912110504845253,0.3378685565698289,0.5903335816046964,2.5021921342806595,1.614129711122338,0.9595180237081306,3.053183478420639,4.087326269498806,-6.015457073328889,0.03451425082570117,-0.7985064604595173,0.1340206185566846,0.9307936899503456,0.8955752869393476,0.7469879518071907,0.48125000000016044,1.4970448023228515,7.435979116798602,0.9659258262890683,0.25881904510252074,0.7818314824680298,0.6234898018587336,0.000292756408038386,-7.981291851899552e-05,-0.009613503907314469,-4.237781406327521,5,1,0.18181818181793127,0.46425477489656597,,,,ASIA,458.0,2.2455672034833816,37.99736083789402,0.9606013478486148,35.948773213663415,37.99736083789402,0.9606013478486148,0.6666666666669326,0.5734330446010653,CORE,CORE_GATE,M1_OHLC,2,4,V15_Q2,MEDIUM,1,A,15
XAUUSD,C_DISPLACEMENT_MID_RETEST,V15_QUALITY_PRESERVING_EXPANDED,C_DISPLACEMENT_MID_RETEST|BUY|2020-11-11T10:11:00+00:00,2020-11-11 10:11:00+00:00,2020-11-11 10:12:00+00:00,BUY,UTC_06_11,1.0881047614339436,8.0,1.113118663995908,1.0755978101531034,0.9662921348312397,0.924731182795528,0.21887164741484427,,0.6878823204470597,0.500000000000111,5.0,100.0,2.138827694642398,2.413841597204134,0.21887164741484427,,-1,1,1,0.5377989050766939,0.12213740458004668,3.0,2.738101487449328,0.5587962219285092,1.2805755395686065,1.098201936376141,8.0,0.631601039683137,0.025013902561680238,-0.9238095238096063,0.7374766022885059,0.0033802357235700763,-0.002121489255836651,52.79125609340976,-0.033675600770493475,-0.12067358017105415,0.08699797940056067,11.078871770273876,20.300038970421753,18.0443960008843,80.53571428571136,0.7288099200319306,2.6455865283666102,0.0004102935730443402,-5.326018933993204e-05,-0.00014645187058981435,0.0003090210160929807,-0.000904652307528675,-0.34394116022352983,0.7254031742892957,1.1631464691192686,1.0755978101531034,0.07526881720447196,0.0,0.47168583976202527,-0.14726135526237014,-2.642217569270815,-0.6189471950243954,-2.494956214008445,0.11256643877454324,-0.3011213704235535,0.2961279917774474,-0.10754515095366202,0.9598391221997287,3.5019463586383615,4.952752707217237,-1.0117075218110756,-0.04988263017096889,-1.7154694591842414,0.028968713789111977,1.0187499979052232,1.0676816021222417,0.7070707070706891,0.555151919072458,2.2512512305534966,3.639522822727603,0.49999999999999994,-0.8660254037844387,0.9749279121818236,-0.22252093395631434,-0.00014645187058981435,0.0003090210160929807,0.08699797940056067,2.255642969537451,10,2,,,,,0.9550561797753269,LONDON,131.0,2.413841597204134,12.669541647502701,0.3119447186574354,2.401334645923578,11.174960969440741,0.353665360940109,2.9922279792749125,1.0029361318642984,CORE,CORE_GATE,M1_OHLC,3,4,V15_Q2,HIGH,1,C,15
XAUUSD,A_OB_RETEST_SEQUENCE,V15_QUALITY_PRESERVING_EXPANDED,A_OB_RETEST_SEQUENCE|BUY|2020-11-12T17:31:00+00:00,2020-11-12 17:31:00+00:00,2020-11-12 17:32:00+00:00,BUY,UTC_12_17,0.7072159991554989,10.0,0.8885534348367027,1.6229700493445265,1.826530612244827,0.9509803921569064,1.0472236910574984,,0.7616172298601487,0.7616172298601487,4.0,82.14285714284941,1.63203692112836,3.527013123994486,1.0472236910574984,,1,1,2,0.1994711792492829,0.11111111111085199,6.0,2.7402672094470586,0.11976692348961485,0.9655172413792331,1.0404505888377755,10.0,,2.819797124838987,,1.1931195268018837,0.8762514009643605,0.5858529121435618,63.62249662806422,0.6110476208261844,0.4527882338042955,0.15825938702188885,18.51296963495585,21.97464606549909,9.73178958799975,97.49373433584174,1.0539647341322351,3.4444849092099648,0.0009095236702205689,0.0005609434483933029,0.0009787364193674097,0.0013728990786143758,0.0022315425071566253,1.6683044082649305,2.339252920284271,1.849641843945722,1.6229700493445265,0.049019607843093546,0.07352941176475178,1.787443236843955,2.6566440980425474,5.74105004252358,0.8692008611985924,3.0844059444810323,0.5862595192895763,0.6511610544493556,3.2007018958701443,1.3270425908805474,1.0000664507551524,2.8288639966228204,5.512658044701008,3.730765772592811,0.021554433910744963,3.176109660468482,0.1845082680591613,1.0584283777203012,1.0378314417602026,0.5131578947368303,0.5064630275676255,0.09066871784039572,6.460146146134071,-0.9659258262890683,-0.25881904510252063,0.43388373911755823,-0.900968867902419,0.0009787364193674097,0.0013728990786143758,0.15825938702188885,12.242856477499341,17,3,0.45238095238100395,0.4934397247782066,,,,NEW_YORK,271.0,3.527013123994486,17.37212633823549,0.9947807933194202,13.577640496611526,8.631661938413506,2.0,0.02570694087401345,2.1877376062051894,CORE,CORE_GATE,M1_OHLC,4,4,V15_Q2,VERY_HIGH,1,A,15
XAUUSD,A_OB_RETEST_SEQUENCE,V15_QUALITY_PRESERVING_EXPANDED,A_OB_RETEST_SEQUENCE|BUY|2020-11-12T20:30:00+00:00,2020-11-12 20:30:00+00:00,2020-11-12 20:31:00+00:00,BUY,UTC_18_23,0.9016829329643247,3.0,0.9584322084659609,1.0719307594680862,1.118421052631138,0.9103448275861485,1.1854293104707851,,1.0719307594680862,1.0719307594680862,1.0,96.47058823532369,0.6557694057922883,2.3582476708299045,1.1854293104707851,,1,1,2,0.09458212583548685,0.0,2.0,1.360415470129638,0.1077556808022748,0.9325153374235182,1.0138364779873514,3.0,0.46660515412131454,0.41616135367579804,-0.05714285714282,0.0852739570408581,1.0382882117456251,0.0661156952288271,52.02570070448767,-0.4982304806464981,-0.6716086947000491,0.17337821405355103,30.43994950640403,21.497497650213454,18.77806383847763,80.08565310491913,0.792266590744207,3.1153427277606927,0.0004585920690234335,0.000575973889183734,0.0005866463295938207,0.00027457148188614333,-0.0005060957906148911,1.3872045122528514,0.6494639307364553,1.828587766151981,1.0719307594680862,0.0896551724138515,0.32413793103459737,0.7248588195448246,-0.9771496773872944,-2.719642535025276,-1.702008496932119,-1.7424928576379815,-0.28314951677718114,-1.118105117722353,-1.7789013981950332,2.369788898736332,1.2950206514378668,2.944656851009751,3.606731731857585,9.006028831197426,0.12599048755930875,-4.716768477043285,0.08714788732392346,1.2545529263578192,1.4695747641256751,0.8164335664336078,0.6194441478950766,8.663722726525204,2.3582476708299045,-0.8660254037844386,0.5000000000000001,0.43388373911755823,-0.900968867902419,0.0005866463295938207,0.00027457148188614333,0.17337821405355103,2.719433811735822,20,3,0.211764705882183,0.020204190150579653,,,,NEW_YORK,450.0,2.3582476708299045,26.58388283481129,0.6361480075901281,11.759710978871505,12.005624506043828,1.4086134453781387,4.101604278075144,1.370419810935244,CORE,CORE_GATE,M1_OHLC,4,4,V15_Q2,VERY_HIGH,1,A,15
XAUUSD,C_DISPLACEMENT_MID_RETEST,V15_QUALITY_PRESERVING_EXPANDED,C_DISPLACEMENT_MID_RETEST|BUY|2020-11-13T02:30:00+00:00,2020-11-13 02:30:00+00:00,2020-11-13 02:31:00+00:00,BUY,UTC_00_05,2.404049403309949,7.0,1.4215248645659038,1.1497627581045724,0.808823529411622,0.989795918367354,0.25085732904079017,1.0243340935841772,0.8570958742231751,0.5000000000004436,6.0,100.0,2.8439070581723755,3.7942171017455166,0.25085732904079017,,-1,1,1,0.18814299678106797,0.24812030075183858,1.0,3.8975876601554313,0.05665098343268944,2.2295081967202237,1.54736842105232,7.0,0.39719077098172645,0.14633344194046094,-0.46153846153893247,0.4060834037619295,0.4768486718703147,-0.17089381244493274,54.19416738884427,-0.034987527498060444,-0.101161462415586,0.06617393491752556,23.4992793189254,23.423073542237763,23.49169778219689,82.87671232876755,0.765717139299937,3.477348749132741,0.0002879585339710111,0.00026395565544978794,-6.663343879187433e-05,0.00032263139230104265,0.0001039658991850434,-0.26130971775106077,1.264739033915172,2.048668187167879,1.1497627581045724,0.010204081632645958,0.42857142857136227,0.7320577165013431,0.3415530687319462,-0.6706076337779915,-0.39050464776939686,-1.0121607025099377,0.1201809976528442,-0.26687991278210027,0.3466744115396241,4.8746146861802595,1.460176951723154,4.578146254998699,4.578146254998699,6.546345711442534,-0.00724439282120963,-4.008106317698733,0.035313001605099065,1.3098498065838815,1.5381878656215895,1.0,0.5736819727890954,2.3726922371796126,3.7942171017455166,0.49999999999999994,0.8660254037844387,-0.433883739117558,-0.9009688679024191,-6.663343879187433e-05,0.00032263139230104265,0.06617393491752556,-0.06862423995912792,2,4,,,,,0.01470588235292647,ASIA,270.0,3.7942171017455166,6.7313383292678575,0.5636645962732643,-2.8744068952616684,6.7313383292678575,0.5636645962732643,0.7741046831956793,0.42756883210365304,CORE,CORE_GATE,M1_OHLC,3,4,V15_Q2,HIGH,1,C,15
XAUUSD,A_OB_RETEST_SEQUENCE,V15_QUALITY_PRESERVING_EXPANDED,A_OB_RETEST_SEQUENCE|BUY|2020-11-13T17:43:00+00:00,2020-11-13 17:43:00+00:00,2020-11-13 17:44:00+00:00,BUY,UTC_12_17,0.7102412876002946,8.0,1.2128735834404725,1.0380449588005833,0.8558558558560035,0.8015267175574241,0.6282903698002223,,0.8085823889602322,0.8085823889602322,2.0,47.972972972974844,0.814045783480353,2.3820400107209725,0.6282903698002223,,1,1,2,0.5900466081601224,0.2222222222223275,6.0,2.4431392317747065,0.5847323753771865,1.585714285714622,0.811406351263702,8.0,0.08195091779982376,0.5572662410403917,0.7435897435903814,1.028013480678034,1.4287131684644359,0.6891525992604448,53.34279220119153,-0.16306015076156655,-0.3002579097866925,0.13719775902512593,17.510643515774817,18.23880579020453,15.239476616637646,89.3442622950919,0.8365665178090197,2.333455411318899,0.0005134271793529877,0.0005425548245034939,0.00038105016366651867,0.00020901240316639758,0.0008153778137813816,0.7867288108804944,0.43160816708009875,1.4314093642403338,1.0380449588005833,0.19847328244257584,0.07633587786252917,0.6841144456053565,-0.003227511532984948,1.0920037252817594,-0.6873419571383415,1.0952312368147443,-0.0012088608338262968,-0.4387217763039676,-0.40365321572518065,1.331366632805468,0.9752702342173877,2.666136525760792,2.9065258846411366,7.24931773313574,0.09350927586247237,-3.0846771797352943,0.1061946902654798,1.0419780181603286,1.062600451083292,0.9172932330826206,0.6407387909099936,3.955497632480968,2.6879901038407783,-0.9659258262890683,-0.25881904510252063,-0.433883739117558,-0.9009688679024191,0.00038105016366651867,0.00020901240316639758,0.13719775902512593,2.9993291735668848,17,4,0.8513513513514884,0.5673640869997897,,,,NEW_YORK,283.0,2.3820400107209725,24.891225433127058,0.7129060579455704,14.259459697204118,8.70865086488267,2.0,2.999999999999583,1.824087334828546,CORE,CORE_GATE,M1_OHLC,3,4,V15_Q2,HIGH,1,A,15
XAUUSD,C_DISPLACEMENT_MID_RETEST,V15_QUALITY_PRESERVING_EXPANDED,C_DISPLACEMENT_MID_RETEST|BUY|2020-11-13T22:28:00+00:00,2020-11-13 22:28:00+00:00,2020-11-13 22:29:00+00:00,BUY,UTC_18_23,0.4681007870637914,10.0,1.4894115952039402,0.21277308502899608,0.14285714285705006,0.8181818181818182,0.3617142445488095,,0.7659831061043859,0.5000000000004419,2.0,100.0,2.175613169333237,2.489445094841673,0.3617142445488095,,-1,1,1,0.25532770203479527,0.0,8.0,2.957706449808419,0.9726685640303689,1.842105263156887,0.9732142857142086,10.0,0.12766385101739763,0.19149577652561267,0.19999999999878737,1.2666932041121166,0.8290344746094644,-0.5799347546208496,60.55229257602488,0.20931829141864,0.22031942779383426,-0.01100113637519426,23.483447963908354,29.65644015926386,19.06785156524138,78.52348993287833,0.8036413358451737,3.2864621874007245,-5.29871506160795e-06,6.623867649824255e-05,0.00015368716712149677,7.418790737112602e-05,0.0004956780584264298,1.234083893169145,0.5957646380821566,0.4681007870637914,0.21277308502899608,0.18181818181818182,0.36363636363636365,1.1664137177990708,2.89154636875254,-0.5319211509434926,1.7251326509534692,-3.4234675196960325,0.6570516619399588,1.0737737262530673,4.87597447549728,-0.3562041161900457,0.9136010597107531,2.9788231904088476,4.851226338665948,0.4146198646121775,0.03741250674897581,0.8578257512242473,0.12544802867389587,0.7232518471454967,0.7620382112144519,0.6140350877192843,0.6060606060606851,0.680873872093755,10.617376942957064,-0.5000000000000004,0.8660254037844384,-0.433883739117558,-0.9009688679024191,0.00015368716712149677,7.418790737112602e-05,-0.01100113637519426,10.588588594022479,22,4,,,,,0.9142857142864196,ASIA,28.0,2.489445094841673,96.93941753929963,0.5814310798946445,42.7886673993703,33.9160297536539,1.6618569636135125,16.299145299144424,0.5916787614900821,CORE,CORE_GATE,M1_OHLC,0,4,V15_Q2,LOW,1,C,15
XAUUSD,A_OB_RETEST_SEQUENCE,V15_QUALITY_PRESERVING_EXPANDED,A_OB_RETEST_SEQUENCE|BUY|2020-11-16T07:55:00+00:00,2020-11-16 07:55:00+00:00,2020-11-16 07:56:00+00:00,BUY,UTC_06_11,1.378018929581782,7.0,1.6414637249432895,0.30397476387859174,0.18518518518530994,0.7499999999994316,0.18238485832733936,,0.9929842286699435,0.9929842286699435,4.0,44.897959183703776,0.5268895907220937,1.378018929581782,0.18238485832733936,,-1,1,1,0.020264984259002836,0.31168831168803557,3.0,1.91677858937965,0.48384702256153295,1.572815533980171,1.0236794171220993,7.0,0.18238485832733936,0.8916593073767725,0.6603773584901452,0.48084247715127987,1.3600828808036989,-0.39168448732074135,43.07247397561886,-0.42371146527921155,-0.5022158096360139,0.07850434435680231,38.42982675177583,17.03276764746947,22.328458040987865,34.75479744136316,0.4057488783291568,3.391791217040814,0.00010043530776826515,2.114259890118042e-05,0.0002114662275218837,-0.0003381600395223616,-0.0010981845636431897,0.8105993703426042,-1.2969589925476137,0.40529968517176285,0.30397476387859174,0.25000000000056843,0.0,-0.5075777333361072,-2.385188721649428,-5.280928289746752,-1.877610988313321,-2.895739568097324,-0.33996654333003296,-1.2755598350444006,-2.3181006283398684,0.0913345379517305,1.2994449820148724,2.5027255559324795,5.907242911370311,1.440055710584467,0.013868676047318673,-5.259115006310573,0.17791411042944638,1.2439545879465526,1.6313733969074102,0.42367066895373684,0.4487179487176421,8.349173514527164,1.6515962170727911,0.9659258262890683,-0.25881904510252063,0.0,1.0,0.0002114662275218837,-0.0003381600395223616,0.07850434435680231,-5.295690393518395,7,0,0.7551020408166674,0.4931517729960433,,,,ASIA,595.0,1.378018929581782,23.10208205475915,0.3780701754385887,7.974271305743445,23.10208205475915,0.3780701754385887,10.426470588238018,0.7807176071638882,CORE,CORE_GATE,M1_OHLC,0,4,V15_Q2,LOW,1,A,15
XAUUSD,C_DISPLACEMENT_MID_RETEST,V15_QUALITY_PRESERVING_EXPANDED,C_DISPLACEMENT_MID_RETEST|BUY|2020-11-16T07:55:00+00:00,2020-11-16 07:55:00+00:00,2020-11-16 07:56:00+00:00,BUY,UTC_06_11,1.378018929581782,7.0,1.6414637249432895,0.30397476387859174,0.18518518518530994,0.7499999999994316,0.18238485832733936,,0.9929842286699435,0.5000000000003301,4.0,96.60946379466206,1.0570914846764894,1.378018929581782,0.18238485832733936,,-1,1,1,0.020264984259002836,0.31168831168803557,3.0,1.91677858937965,0.48384702256153295,1.572815533980171,1.0236794171220993,7.0,0.18238485832733936,0.8916593073767725,0.6603773584901452,0.48084247715127987,1.3600828808036989,-0.39168448732074135,43.07247397561886,-0.42371146527921155,-0.5022158096360139,0.07850434435680231,38.42982675177583,17.03276764746947,22.328458040987865,34.75479744136316,0.4057488783291568,3.391791217040814,0.00010043530776826515,2.114259890118042e-05,0.0002114662275218837,-0.0003381600395223616,-0.0010981845636431897,0.8105993703426042,-1.2969589925476137,0.40529968517176285,0.30397476387859174,0.25000000000056843,0.0,-0.5075777333361072,-2.385188721649428,-5.280928289746752,-1.877610988313321,-2.895739568097324,-0.33996654333003296,-1.2755598350444006,-2.3181006283398684,0.0913345379517305,1.2994449820148724,2.5027255559324795,5.907242911370311,1.440055710584467,0.013868676047318673,-5.259115006310573,0.17791411042944638,1.2439545879465526,1.6313733969074102,0.42367066895373684,0.4487179487176421,8.349173514527164,1.6515962170727911,0.9659258262890683,-0.25881904510252063,0.0,1.0,0.0002114662275218837,-0.0003381600395223616,0.07850434435680231,-5.295690393518395,7,0,,,,,0.9135802469133724,ASIA,595.0,1.378018929581782,23.10208205475915,0.3780701754385887,7.974271305743445,23.10208205475915,0.3780701754385887,10.426470588238018,0.7807176071638882,CORE,CORE_GATE,M1_OHLC,0,4,V15_Q2,LOW,2,A+C,15
XAUUSD,A_OB_RETEST_SEQUENCE,V15_QUALITY_PRESERVING_EXPANDED,A_OB_RETEST_SEQUENCE|BUY|2020-11-16T21:38:00+00:00,2020-11-16 21:38:00+00:00,2020-11-16 21:39:00+00:00,BUY,UTC_18_23,1.05929287147878,11.0,0.9867385652134625,0.6674996176439547,0.6764705882348417,0.9642857142857433,0.029021722506258903,,1.0157602877197214,1.0157602877197214,4.0,67.142857142846,1.8428793791484301,2.9602156956403873,0.029021722506258903,,-1,1,1,0.2176629187972717,0.6874999999998668,7.0,3.499776468587976,0.5206279044183124,1.192982456139721,0.8771384136855138,11.0,0.029021722506258903,0.5369018663661196,0.8974358974359572,0.6064676726453466,0.008310762138279415,-0.004501302873581917,51.365042812543294,-0.024690760673593104,-0.04920645825571947,0.024515697582126364,21.633325412544686,18.010439455336055,30.049285227474922,78.16091954022087,0.6402056551068492,2.8099428851259955,0.00012716377104160514,1.3244717344429446e-05,6.09286049204627e-05,0.00015631002371141456,-0.00014037243720987913,0.3337498088223073,0.8561408139349675,0.8126082301759091,0.6674996176439547,0.035714285714256715,0.1428571428578389,0.26042699219564686,-0.2916197076806596,-3.9832389233929413,-0.5520466998763064,-3.6916192157122816,0.11413432269886754,-0.2804411036326281,0.3876177503522806,-1.0172946706487254,0.9635001329370881,2.786085360603494,4.701519046017901,0.5975241304825332,-0.006860943217643883,0.16367038433334002,0.08939213349229855,0.6327946331608063,0.8519276419829915,0.5925925925926551,0.3422619047619638,3.0037482794007655,3.0908134469188826,-0.7071067811865477,0.7071067811865474,0.0,1.0,6.09286049204627e-05,0.00015631002371141456,0.024515697582126364,-12.038845772138867,21,0,0.7714285714287199,0.6363229942889023,,,,NEW_YORK,518.0,2.9602156956403873,100.29907298172182,0.6679687499999956,-1.3059775127829703,33.0847636571655,-0.006578947368424989,11.250000000002842,0.6075999570343807,CORE,CORE_GATE,M1_OHLC,3,4,V15_Q2,HIGH,1,A,15
XAUUSD,A_OB_RETEST_SEQUENCE,V15_QUALITY_PRESERVING_EXPANDED,A_OB_RETEST_SEQUENCE|BUY|2020-11-17T06:37:00+00:00,2020-11-17 06:37:00+00:00,2020-11-17 06:38:00+00:00,BUY,UTC_06_11,1.4450166107136133,6.0,1.1731818027575678,1.373481134935467,1.1707317073168837,1.0,1.4307095155577239,,1.0873392318235318,1.0873392318235318,1.0,17.10526315791442,2.6468126037823096,4.9216407335186485,1.4307095155577239,,-1,1,1,0.07153547577814644,0.07999999999992724,5.0,3.6678412722874247,0.07365143117003475,1.366666666666111,1.3219858156029334,6.0,0.028614190311128454,0.24322061764426653,0.7894736842102743,0.13544914018352502,0.2609107169063516,-0.034349654883611136,58.64868629412093,-0.18957585711427782,-0.392741875785394,0.20316601867111617,35.18181236523754,26.800323475963424,22.619455948048646,100.0,1.044737124636433,5.076873538623244,0.0002514984009998056,0.0002753311253895774,0.00034948464253292677,0.0003415390969601084,-0.0007088090685243298,1.8885365605364297,1.8456152750694117,1.373481134935467,1.373481134935467,0.0,0.0,1.8567580764980056,0.011014746882363372,-2.0621473911240638,-1.8457433296156422,-2.073162138006427,0.36777460586283683,-1.1935550983385277,-0.7051032815390978,3.00110580737241,1.2319942084197897,4.978869114140905,9.070698328636178,8.523973730050137,0.05712473468638657,-6.423204919028301,0.030837004405310172,1.0955771233981138,1.1262953341070545,0.548895899053618,0.6178861788617372,5.665609681608639,4.978869114140905,1.0,6.123233995736766e-17,0.7818314824680298,0.6234898018587336,0.00034948464253292677,0.0003415390969601084,0.20316601867111617,4.180867527914778,6,1,0.7894736842100539,0.30933601091521773,,,,ASIA,517.0,4.9216407335186485,15.694883385668595,0.4001823154056309,-1.2447172785357141,15.694883385668595,0.4001823154056309,1.9127906976744993,0.47682389910327266,CORE,CORE_GATE,M1_OHLC,3,4,V15_Q2,HIGH,1,A,15
XAUUSD,C_DISPLACEMENT_MID_RETEST,V15_QUALITY_PRESERVING_EXPANDED,C_DISPLACEMENT_MID_RETEST|BUY|2020-11-18T19:00:00+00:00,2020-11-18 19:00:00+00:00,2020-11-18 19:01:00+00:00,BUY,UTC_18_23,0.5426455933869603,12.0,1.0301068891417877,1.416396972570063,1.3750000000001015,0.9390243902439531,0.2575267222856561,0.5978298910199294,0.9565278256317199,0.500000000000264,10.0,100.0,1.9113849906099962,2.5108855422833694,0.2575267222856561,7.146366543421414,1,-1,1,0.4322769981222766,0.5438596491227721,2.0,2.273143593557065,0.12287262667866318,1.0181818181820137,1.0602836879431923,12.0,0.11036859526510193,0.48746129575440933,0.63076923076936,1.0609655285087136,0.014645988171981114,-0.011511408672290101,55.29590906363178,0.07475614088434668,0.07977505038533728,-0.005018909500990598,12.971673710559335,16.829980845100767,19.38471652531928,76.25698324022552,0.7763005953818418,2.5764600270841584,0.0003855900991098782,0.00022599951609514335,0.0001302696049108043,0.00010368121482495773,0.000638379367578823,0.4506717639993753,0.3586979346122086,1.5083708019576478,1.416396972570063,0.060975609756046836,0.0,0.6677185544998251,0.7223967405273835,3.388678353118619,0.05467818602755839,2.666281612591235,0.015163775380205653,0.17036924929019914,0.6762198932975967,-1.1487211016506391,0.9182719304091468,2.630451520487439,3.605374111996676,5.772937593939794,-0.026064374751331748,-0.3135032050445492,0.08233117483815396,0.8316478015430491,0.8273285549392175,0.7295918367347128,0.6512643808911737,3.430623836159637,2.961557306283163,-0.9659258262890684,0.2588190451025203,0.9749279121818236,-0.22252093395631434,0.0001302696049108043,0.00010368121482495773,-0.005018909500990598,-2.5547356802185135,19,2,,,,,0.3214285714283104,NEW_YORK,360.0,2.5108855422833694,39.245232999717835,0.8179048511835108,-1.2876336114270257,13.878850854599325,0.693174287607683,1.6959706959707246,1.1439381057643256,CORE,CORE_GATE,M1_OHLC,3,4,V15_Q2,HIGH,1,C,15
XAUUSD,A_OB_RETEST_SEQUENCE,V15_QUALITY_PRESERVING_EXPANDED,A_OB_RETEST_SEQUENCE|BUY|2020-11-19T22:39:00+00:00,2020-11-19 22:39:00+00:00,2020-11-19 22:40:00+00:00,BUY,UTC_18_23,0.45550645033213816,6.0,1.3437440284787978,1.2981933834466715,0.966101694916038,0.8372093023255486,0.19359024139119757,,1.2070920933798295,1.2070920933798295,4.0,100.0,0.0,1.5487219311290628,0.19359024139119757,,1,1,2,0.18220258013264815,0.5283018867924285,2.0,2.2288121914392556,0.571133124056139,2.1454545454535983,1.6535947712417545,6.0,0.09110129006632407,1.0932154807969245,0.8461538461539806,1.0452817622125397,0.14619851389214134,0.11322421946127238,54.01181080521213,-0.03376072709670552,-0.09949383616305568,0.06573310906635016,17.821292971601714,25.190728999614347,21.642380117315476,78.2738095238204,0.8162180388425802,2.816142664277608,0.00032991084360634026,-9.919890184129088e-05,0.0001179918853764228,0.0002547900529963343,0.0002467420660356989,0.5010570953658181,1.0818278195388928,2.9380166046415406,1.2981933834466715,0.1627906976744514,0.39534883720913017,0.6535974292173772,0.1780157610735438,1.5847934088716384,-0.4755816681438334,1.4067776477980947,0.218236572539213,-0.2814784700905784,-0.15399707437444443,2.3906100565713735,1.4955018122701895,3.826254182788718,4.088170391730176,-5.1231329383971485,-0.03792596359210901,-2.919086534788768,0.054631828978626173,0.9688517837461925,1.438301768232642,0.9359331476321829,0.3690613570130246,3.3935230549731608,2.994954910933252,-0.5000000000000004,0.8660254037844384,0.43388373911755823,-0.900968867902419,0.0001179918853764228,0.0002547900529963343,0.06573310906635016,3.548348882298871,22,3,0.13207547169799988,0.9193850289685425,,,,ASIA,39.0,1.5487219311290628,48.853066798111335,0.5589743589743629,-20.862195425206853,18.60743849606378,-0.1578947368420994,13.911764705881104,0.6169732171668281,CORE,CORE_GATE,M1_OHLC,3,4,V15_Q2,HIGH,1,A,15
XAUUSD,C_DISPLACEMENT_MID_RETEST,V15_QUALITY_PRESERVING_EXPANDED,C_DISPLACEMENT_MID_RETEST|BUY|2020-11-19T22:39:00+00:00,2020-11-19 22:39:00+00:00,2020-11-19 22:40:00+00:00,BUY,UTC_18_23,0.45550645033213816,6.0,1.3437440284787978,1.2981933834466715,0.966101694916038,0.8372093023255486,0.19359024139119757,,1.2070920933798295,0.5000000000000557,4.0,100.0,1.2190083023207423,1.5487219311290628,0.19359024139119757,,1,1,2,0.18220258013264815,0.5283018867924285,2.0,2.2288121914392556,0.571133124056139,2.1454545454535983,1.6535947712417545,6.0,0.09110129006632407,1.0932154807969245,0.8461538461539806,1.0452817622125397,0.14619851389214134,0.11322421946127238,54.01181080521213,-0.03376072709670552,-0.09949383616305568,0.06573310906635016,17.821292971601714,25.190728999614347,21.642380117315476,78.2738095238204,0.8162180388425802,2.816142664277608,0.00032991084360634026,-9.919890184129088e-05,0.0001179918853764228,0.0002547900529963343,0.0002467420660356989,0.5010570953658181,1.0818278195388928,2.9380166046415406,1.2981933834466715,0.1627906976744514,0.39534883720913017,0.6535974292173772,0.1780157610735438,1.5847934088716384,-0.4755816681438334,1.4067776477980947,0.218236572539213,-0.2814784700905784,-0.15399707437444443,2.3906100565713735,1.4955018122701895,3.826254182788718,4.088170391730176,-5.1231329383971485,-0.03792596359210901,-2.919086534788768,0.054631828978626173,0.9688517837461925,1.438301768232642,0.9359331476321829,0.3690613570130246,3.3935230549731608,2.994954910933252,-0.5000000000000004,0.8660254037844384,0.43388373911755823,-0.900968867902419,0.0001179918853764228,0.0002547900529963343,0.06573310906635016,3.548348882298871,22,3,,,,,0.8813559322030502,ASIA,39.0,1.5487219311290628,48.853066798111335,0.5589743589743629,-20.862195425206853,18.60743849606378,-0.1578947368420994,13.911764705881104,0.6169732171668281,CORE,CORE_GATE,M1_OHLC,3,4,V15_Q2,HIGH,2,A+C,15
XAUUSD,C_DISPLACEMENT_MID_RETEST,V15_QUALITY_PRESERVING_EXPANDED,C_DISPLACEMENT_MID_RETEST|BUY|2020-11-20T19:51:00+00:00,2020-11-20 19:51:00+00:00,2020-11-20 19:52:00+00:00,BUY,UTC_18_23,0.636270707058164,17.0,1.8753241892255854,0.13395172780171874,0.07142857142851343,0.9,0.31813535352946276,,0.3348793195050583,0.5625972567681324,13.0,91.666666666599,3.35214198824022,3.700416480525145,0.31813535352946276,,1,1,2,0.16743965975214845,0.774193548386529,4.0,3.804421906398419,0.7181037333366999,2.153846153846019,0.7538200339558728,17.0,0.05023189792602525,1.82509229129956,0.9464285714282089,0.10184973253023007,0.9960055810264752,0.0771302663071426,52.343327498832764,0.058847695693884816,0.06973463996180884,-0.010886944267924026,14.00555273956056,24.7238782909967,23.92257116138426,48.01762114537083,0.572060849926774,5.413957892792467,4.806562560077943e-05,7.74413381863237e-05,0.00017092099711035758,0.00016824990719532806,0.00012818527044422545,1.0716138224145113,1.0548698564389158,0.3348793195042969,0.13395172780171874,0.1,0.5,0.3223702792207943,0.19701617534012755,-1.7391909893906363,-0.12535410388066676,-1.936207164730764,-0.0029999045392524607,0.026677586317963256,0.6981462754510396,-1.1916958106186735,0.805958569325478,3.717160446500741,5.676204465602019,2.2485128618925145,0.016504170228961862,-3.0048708614506516,0.20323014804842487,0.6522291613048695,0.6688982281089443,0.6548672566372217,0.7444444444445247,2.963681977615692,3.901344072228485,-0.9659258262890684,0.2588190451025203,-0.433883739117558,-0.9009688679024191,0.00017092099711035758,0.00016824990719532806,-0.010886944267924026,0.801307129612443,19,4,,,,,0.9285714285714866,NEW_YORK,411.0,3.700416480525145,63.45963104612213,0.617678100263847,36.95393290733304,24.328982562009628,1.6111493461802844,6.556561085974199,0.5158548545276234,CORE,CORE_GATE,M1_OHLC,2,4,V15_Q2,MEDIUM,1,C,15
XAUUSD,C_DISPLACEMENT_MID_RETEST,V15_QUALITY_PRESERVING_EXPANDED,C_DISPLACEMENT_MID_RETEST|BUY|2020-11-20T23:41:00+00:00,2020-11-20 23:41:00+00:00,2020-11-20 23:42:00+00:00,BUY,UTC_18_23,0.8292203552990927,7.0,0.9138346772686549,0.3384572878774791,0.3703703703705887,1.0,0.0846143219687926,0.20307437272602571,0.6430688469665177,0.5000000000002023,3.0,93.99944742403139,2.288429659077529,2.656889709834863,0.0846143219687926,,-1,1,1,0.1523057795441345,0.0,4.0,2.927095491501828,0.41343156659620145,0.9642857142865553,0.8963414634146726,7.0,1.0661404568120199,1.7430550325669778,0.24096385542203652,0.8341566377787104,0.8263729310990549,-0.463229179667075,50.08994010237851,-0.13206805007393996,-0.25154042997975645,0.1194723799058165,30.922288169525984,24.226048279013835,31.793441006047377,71.3636363636497,0.8746076740494292,3.0741519775953496,5.3446925866618145e-05,-5.344121332939711e-05,0.0001817428605790372,0.000277986416086895,-0.00034726581595434514,1.150754778781582,1.7599778969604285,0.3384572878774791,0.3384572878774791,0.0,0.0,0.3700352473827557,-1.3180426501186733,-5.03061739751855,-1.688077897501429,-3.7125747473998763,0.24778299590506012,-0.9666349208599994,-4.437027197854149,-1.01437294017391,0.9558100851387912,3.723030166646883,7.039911587842484,-2.4638438542769734,-0.0012829649175718494,-5.086688027462351,0.22580645161295054,0.8822470489418198,0.9962202909857341,0.5288461538460708,0.5851851851853958,8.799889484802913,4.298407556038828,-0.25881904510252157,0.9659258262890681,-0.433883739117558,-0.9009688679024191,0.0001817428605790372,0.000277986416086895,0.1194723799058165,-7.567392727033543,23,4,,,,,0.7407407407403352,ASIA,101.0,2.656889709834863,64.13765605269494,0.5430079155672791,32.55959109376947,24.588921964265648,1.416379903647601,11.031847133756916,0.5434728346784258,CORE,CORE_GATE,M1_OHLC,1,4,V15_Q2,LOW,1,C,15
XAUUSD,B_FVG_RETEST_SEQUENCE,V15_QUALITY_PRESERVING_EXPANDED,B_FVG_RETEST_SEQUENCE|BUY|2020-11-25T18:06:00+00:00,2020-11-25 18:06:00+00:00,2020-11-25 18:07:00+00:00,BUY,UTC_18_23,0.7052509547464596,21.0,1.2976617567332676,0.21157528642406614,0.16304347826099583,0.804878048780596,0.1551552100444007,0.2679953628037316,0.5783057828918916,0.2679953628037316,15.0,50.0,0.3737830060157647,0.9732463175501912,0.1551552100444007,,-1,1,1,0.3949405346582996,0.3750000000001421,6.0,1.7912785034166587,0.7490801014285476,1.3430656934303153,0.7703906785469656,21.0,0.1551552100444007,0.2679953628037316,0.26666666666626243,0.05717027702236478,0.40668533572415233,-0.022023991809380264,53.92050830363575,-0.04057000554280421,-0.15602113335042944,0.11545112780762523,14.50761318544728,20.95947181808206,12.655058357786405,95.53072625698721,0.7544170502713031,3.049229795699999,6.899254328596172e-05,0.0005190574138240756,0.00025946136923815644,-0.0003779101842656951,0.0003450579421295785,0.6629358974613898,-0.9661938080025726,0.5783057828918916,0.21157528642406614,0.19512195121940398,0.43902439024365897,0.6431357544038819,0.22956769296410312,-0.6265203632816608,-0.41356806143977876,-0.856088056245764,0.19735663319404773,-0.32531622522049125,0.3812270290382728,-0.5335743891194006,0.8362754018661115,2.524798417992274,4.767496454086221,8.03557458404341,0.09327753919298859,2.2322768936006767,0.09140518417462999,0.9349999594793303,0.8097221379024239,0.5295857988165401,0.7799205899036791,2.6799536280366745,2.7927937807960057,-1.0,-1.8369701987210297e-16,0.9749279121818236,-0.22252093395631434,0.00025946136923815644,-0.0003779101842656951,0.11545112780762523,8.304413460295656,18,2,,,0.2065217391305288,0.5,,NEW_YORK,306.0,0.9732463175501912,22.44813788957976,0.6383914546025685,5.8958979816801715,14.683324877821082,0.9759846301633042,0.3623188405796815,1.6213107310428332,CORE,CORE_GATE,M1_OHLC,0,4,V15_Q2,LOW,1,B,15
XAUUSD,A_OB_RETEST_SEQUENCE,V15_QUALITY_PRESERVING_EXPANDED,A_OB_RETEST_SEQUENCE|BUY|2020-11-26T14:22:00+00:00,2020-11-26 14:22:00+00:00,2020-11-26 14:23:00+00:00,BUY,UTC_12_17,0.5513756699926992,10.0,0.94959143165359,0.6739035966575886,0.7096774193550517,0.7297297297294474,0.1378439174983489,0.5973236424923809,0.6432716149913663,0.6432716149913663,3.0,100.0,0.5207436883257803,1.332491202481718,0.1378439174983489,,1,1,2,0.704535578323811,0.29268292682949826,7.0,2.710658785192174,1.0943653480590187,1.1071428571423205,0.6720000000001164,10.0,0.1378439174983489,0.16847589916457129,0.09999999999977267,0.28542612640421483,0.7748344208060728,0.18057320656800635,47.93182622035256,-0.11409764106815601,-0.14387592904673385,0.029778287978577844,11.360736138136996,18.33691908153125,20.70836939480961,55.963302752288605,0.5554431416832687,2.32047317471584,0.00011854286013601723,-0.00020393821223363418,5.237593794271689e-05,-7.441952768405535e-05,-0.0005344720710792616,0.29100382582946077,-0.41353175249435026,1.1333833216516207,0.6739035966575886,0.2702702702705526,0.13513513513496905,-0.1169819683720924,-0.6509463049004501,-0.5938510959014963,-0.5339643365283577,0.057095208998953734,-0.02999712635224712,-0.41908543182939834,-0.8550228824629577,-0.1891165822323974,1.1156134385180672,2.527138487465783,5.008329002431188,-7.498170104315484,-0.01745860523176962,-1.5697421587005334,0.23097463284378686,0.8309729264222863,1.0534574816650575,0.5045871559634035,0.31364554209404527,3.828997708281975,1.8685508816409575,-0.4999999999999997,-0.8660254037844388,0.43388373911755823,-0.900968867902419,5.237593794271689e-05,-7.441952768405535e-05,0.029778287978577844,-2.371450313278359,14,3,0.2857142857150591,0.6902919887761129,,,,LONDON_NY_OVERLAP,82.0,1.332491202481718,35.10425098952218,0.6195462478185015,14.84119511729832,18.1188171555869,1.2003381234150385,10.022988505748154,0.7172245698162695,CORE,CORE_GATE,M1_OHLC,3,4,V15_Q2,HIGH,1,A,15
XAUUSD,A_OB_RETEST_SEQUENCE,V15_QUALITY_PRESERVING_EXPANDED,A_OB_RETEST_SEQUENCE|BUY|2020-12-01T06:07:00+00:00,2020-12-01 06:07:00+00:00,2020-12-01 06:08:00+00:00,BUY,UTC_06_11,0.8197325549153482,8.0,0.7869432527180186,0.6885753461282662,0.875,0.97142857142859,0.295103719769257,,0.3278930219658411,0.3278930219658411,3.0,100.0,1.4099399944553532,2.377224409254957,0.295103719769257,,1,1,2,0.13115720878633644,0.3396226415098549,5.0,2.256088899628181,0.17983317315821853,0.9599999999995634,0.9439728353141437,8.0,0.13115720878708198,0.75415395052218,0.7037037037025186,2.2372957113765497,1.0616028792060799,0.7685593962911865,54.873669084532956,0.02867545864251042,0.009060363868409886,0.019615094774100533,16.08903825456159,16.93397786804677,22.353071447944096,98.6394557823144,0.808322767078812,2.055162098320511,9.804827897252899e-05,1.96081177608054e-05,0.00014007485600298075,-1.9607348834438376e-05,0.0003446546308412124,0.8197325549153482,-0.11476255768841714,1.1476255768811894,0.6885753461282662,0.02857142857141001,0.3714285714289798,0.5638714291403335,1.4171107511073018,9.004871698200837,0.8532393219669683,7.5877609470935345,0.17003685793440956,0.35861616777980543,1.0004942899330593,-0.6514759440712553,0.825877924870895,2.4100137114515414,3.377298126251891,0.292872376196776,0.019991340017964498,-1.2573936246377642,0.02857142857144342,0.6713383695514177,0.8816143269435905,0.7135922330096938,0.7482127068332343,3.3281141729566417,7.016910670075709,1.0,6.123233995736766e-17,0.7818314824680298,0.6234898018587336,0.00014007485600298075,-1.9607348834438376e-05,0.019615094774100533,-5.419093579897325,6,1,0.29999999999772625,0.5068025789018533,,,,ASIA,487.0,2.377224409254957,33.64182405372661,0.9010721247563276,26.001916641915056,33.64182405372661,0.9010721247563276,1.3999999999998745,0.531288955372725,CORE,CORE_GATE,M1_OHLC,4,4,V15_Q2,VERY_HIGH,1,A,15
XAUUSD,C_DISPLACEMENT_MID_RETEST,V15_QUALITY_PRESERVING_EXPANDED,C_DISPLACEMENT_MID_RETEST|BUY|2020-12-01T06:07:00+00:00,2020-12-01 06:07:00+00:00,2020-12-01 06:08:00+00:00,BUY,UTC_06_11,0.8197325549153482,8.0,0.7869432527180186,0.6885753461282662,0.875,0.97142857142859,0.295103719769257,,0.3278930219658411,0.5000000000001276,3.0,100.0,1.618990225207467,2.377224409254957,0.295103719769257,,1,1,2,0.13115720878633644,0.3396226415098549,5.0,2.256088899628181,0.17983317315821853,0.9599999999995634,0.9439728353141437,8.0,0.13115720878708198,0.75415395052218,0.7037037037025186,2.2372957113765497,1.0616028792060799,0.7685593962911865,54.873669084532956,0.02867545864251042,0.009060363868409886,0.019615094774100533,16.08903825456159,16.93397786804677,22.353071447944096,98.6394557823144,0.808322767078812,2.055162098320511,9.804827897252899e-05,1.96081177608054e-05,0.00014007485600298075,-1.9607348834438376e-05,0.0003446546308412124,0.8197325549153482,-0.11476255768841714,1.1476255768811894,0.6885753461282662,0.02857142857141001,0.3714285714289798,0.5638714291403335,1.4171107511073018,9.004871698200837,0.8532393219669683,7.5877609470935345,0.17003685793440956,0.35861616777980543,1.0004942899330593,-0.6514759440712553,0.825877924870895,2.4100137114515414,3.377298126251891,0.292872376196776,0.019991340017964498,-1.2573936246377642,0.02857142857144342,0.6713383695514177,0.8816143269435905,0.7135922330096938,0.7482127068332343,3.3281141729566417,7.016910670075709,1.0,6.123233995736766e-17,0.7818314824680298,0.6234898018587336,0.00014007485600298075,-1.9607348834438376e-05,0.019615094774100533,-5.419093579897325,6,1,,,,,0.0,ASIA,487.0,2.377224409254957,33.64182405372661,0.9010721247563276,26.001916641915056,33.64182405372661,0.9010721247563276,1.3999999999998745,0.531288955372725,CORE,CORE_GATE,M1_OHLC,4,4,V15_Q2,VERY_HIGH,2,A+C,15
XAUUSD,A_OB_RETEST_SEQUENCE,V15_QUALITY_PRESERVING_EXPANDED,A_OB_RETEST_SEQUENCE|BUY|2020-12-01T07:24:00+00:00,2020-12-01 07:24:00+00:00,2020-12-01 07:25:00+00:00,BUY,UTC_06_11,1.0591738655804008,5.0,1.370695590750407,0.7974956164370743,0.5818181818185276,0.8947368421053892,0.5981217123269558,0.37382607020491404,0.7476521404098281,0.7476521404098281,4.0,50.0,0.21183477311608018,1.432999935785315,0.5981217123269558,,1,1,2,0.16199129708883386,0.1000000000003638,1.0,2.6010635158869797,0.284269236709288,1.929824561402025,1.0423861852431056,5.0,0.5482782362997095,0.09968695205449263,-0.6923076923076923,1.4696875574837838,1.2780340708604108,0.7699515049420489,48.63504799074294,-0.10765199181287244,-0.16598496402663865,0.05833297221376621,21.63044749893643,21.875230157499157,31.10644824291771,44.745762711881234,0.5062839741399293,3.073587912843934,0.00018775132757009594,-0.0004088857024432402,4.7631722727370374e-05,5.60349658207393e-06,-0.00042008334453558227,0.21183477311608018,0.02492173801418981,1.42053906677822,0.7974956164370743,0.10526315789461087,0.3333333333333333,-0.0763845151186034,-0.7960734944392306,1.7753636245995388,-0.7196889793206273,2.5714371190387695,0.16944700575401622,-0.48535983243709924,-1.0300797945502471,0.42593798903962493,1.0753624947637146,3.675956357013099,5.383095410947702,-10.01590208731725,-0.05387692044287437,-2.7268686947306904,0.0009813542689124414,1.2003313559097195,1.0544129680396843,0.6828703703704077,0.32046783625741576,5.632312791083367,2.5669390154060188,0.9659258262890683,-0.25881904510252063,0.7818314824680298,0.6234898018587336,4.7631722727370374e-05,5.60349658207393e-06,0.05833297221376621,-9.231218085418554,7,1,0.6666666666656561,2.1320192753167517,,,,ASIA,564.0,1.644834708901395,28.51046828761096,0.7731643356643543,18.766068724275804,28.51046828761096,0.7731643356643543,3.9318181818160367,0.4007693878208916,CORE,CORE_GATE,M1_OHLC,4,4,V15_Q2,VERY_HIGH,1,A,15
XAUUSD,C_DISPLACEMENT_MID_RETEST,V15_QUALITY_PRESERVING_EXPANDED,C_DISPLACEMENT_MID_RETEST|BUY|2020-12-01T08:47:00+00:00,2020-12-01 08:47:00+00:00,2020-12-01 08:48:00+00:00,BUY,UTC_06_11,1.101827462147478,3.0,1.5507201319118151,0.8161684904798538,0.5263157894736528,0.7166666666669887,0.31626529006127974,0.7549558536934705,1.8975917403648948,0.4999999999999644,2.0,100.0,1.8210275445919164,2.387292834653178,0.31626529006127974,,1,1,2,0.36727582071551673,0.0,1.0,2.7050468195667463,0.407454751064613,2.235294117648239,1.340629274965669,3.0,0.14282948583334812,0.19384001648944083,0.15151515151849215,1.0767394764758802,1.381772834494471,0.6980157329143744,54.92251632125561,-0.03271859868982574,-0.1030216108954645,0.07030301220563875,12.82415191241593,26.78153193538943,19.969739344854254,75.35211267606138,0.772749800567423,3.1812640179227336,0.0002379732518065225,0.0002519752056400204,0.0008488227137115611,0.0002659775514948226,0.0002631770509613496,3.091238157691948,0.9692000824448845,1.2242527357197808,0.8161684904798538,0.2833333333330112,0.05000000000032211,0.9320029095254617,0.7938601925253583,2.5780177736000005,-0.1381427170001034,1.7841575810746424,0.12077773381336859,-0.18350644354151857,-0.42207520098851936,1.5531663361715495,1.1196279159571987,4.346097211803992,4.346097211803992,4.296630035010132,0.10348623008642552,-0.19021961861065506,0.1045751633987404,0.9468239833570857,1.2633337171812469,1.0,0.5011695906434563,4.029831921743177,3.274876068049706,0.8660254037844387,-0.4999999999999998,0.7818314824680298,0.6234898018587336,0.0008488227137115611,0.0002659775514948226,0.07030301220563875,6.811792590535177,8,1,,,,,0.5921052631574854,LONDON,47.0,2.387292834653178,25.607286388799963,0.8426294820717227,18.89430055460477,23.342418827718625,0.9243881118881313,0.7393162393160068,0.6005452421134623,CORE,CORE_GATE,M1_OHLC,3,4,V15_Q2,HIGH,1,C,15
XAUUSD,B_FVG_RETEST_SEQUENCE,V15_QUALITY_PRESERVING_EXPANDED,B_FVG_RETEST_SEQUENCE|BUY|2020-12-04T14:54:00+00:00,2020-12-04 14:54:00+00:00,2020-12-04 14:55:00+00:00,BUY,UTC_12_17,0.4540068849694494,20.0,1.1633926427355044,0.5391331759018664,0.46341463414638207,1.0,0.04256314546556329,0.11350172124236235,1.106641782113678,0.11350172124236235,15.0,100.0,2.653102734042478,3.021983328080801,0.04256314546556329,,1,1,2,0.7093857577654099,0.08771929824590796,5.0,2.959071382312719,0.6317118681338362,1.1081081081083157,1.1428571428570962,20.0,0.2270034424847247,0.04256314546556329,-0.6842105263178051,0.2966088525239995,0.16523082352591156,0.047191860744866934,51.55214755849471,0.024482051478116773,0.022094662886886902,0.0023873885912298713,12.667843190285886,20.814638117949073,19.821517847441864,30.941704035876633,0.5583119068944917,3.223822300104264,0.00010859178177402562,3.528974235766924e-05,-6.242959705771156e-05,-0.0001465615042638424,-9.771244313672156e-05,-0.32631744857211437,-0.7661366183865911,0.8228874790077723,0.5391331759018664,0.0,0.3448275862066262,0.21387989122878628,0.5196571161637392,2.2085909119903118,0.3057772249349529,1.6889337958265727,0.04125980045617318,0.1810957811694532,0.15975928197125674,-1.2053667336801632,0.8154882173403074,1.7592766792579069,5.73183692274446,1.1154442550972234,-0.012396895178024153,-1.3558062897440522,0.14285714285715703,1.0327782559144734,0.8062536911735835,0.3069306930692557,0.6666666666667526,2.3977238612465177,3.3341130614979426,-0.4999999999999997,-0.8660254037844388,-0.433883739117558,-0.9009688679024191,-6.242959705771156e-05,-0.0001465615042638424,0.0023873885912298713,0.9931202705072089,14,4,,,0.09756097560964788,1.0,,LONDON_NY_OVERLAP,114.0,3.021983328080801,19.66417320525734,0.5865800865800891,1.8444029701903237,19.15341545966671,0.5755555555555685,2.6901408450702933,0.67483957034754,CORE,CORE_GATE,M1_OHLC,4,4,V15_Q2,VERY_HIGH,1,B,15
XAUUSD,C_DISPLACEMENT_MID_RETEST,V15_QUALITY_PRESERVING_EXPANDED,C_DISPLACEMENT_MID_RETEST|BUY|2020-12-07T19:09:00+00:00,2020-12-07 19:09:00+00:00,2020-12-07 19:10:00+00:00,BUY,UTC_18_23,0.6487823137184359,9.0,1.2807131387692487,0.8257229447334604,0.6447368421057749,0.8550724637682592,0.30332679602488055,,0.6572080580526307,0.5000000000003059,4.0,100.0,2.1850401125288714,3.0922481705820384,0.30332679602488055,,1,1,2,0.34545551769470484,0.7375000000001493,5.0,3.0505814135212375,0.1067258803567406,1.5510204081631138,1.1142857142856446,9.0,1.0195150644149586,2.039030128830684,0.3333333333335004,4.421604790135795,2.2905138918880175,0.9794362206357465,59.55429578026807,0.153981364588617,0.0635222644408948,0.0904591001477222,12.26065232968767,22.774021104883555,20.003972838097,94.83204134367381,1.030490859969137,2.61115218571824,0.0002680986710348332,0.0002949164448091679,0.00032709967155986064,0.0007268806360072322,0.0009362893965896291,1.0279408087495365,2.2833767145169674,1.1627527180935875,0.8257229447334604,0.1449275362317408,0.1449275362317408,1.2692417437502557,1.5921482774664362,14.033782110655169,0.32290653371618055,12.441633833188732,0.3781977097221532,0.23482429738283983,1.011788179271011,-1.0225942064352147,0.8908696659000825,3.2607630572621016,3.5051096429483852,5.218295484920759,-0.0005546234538375688,-1.243666824092001,0.25378151260504767,0.5571720271480264,0.7071930116657145,0.9302884615384678,0.5839348299707701,2.755218397221145,3.336594756268322,-0.9659258262890684,0.2588190451025203,0.0,1.0,0.00032709967155986064,0.0007268806360072322,0.0904591001477222,2.7700482667865565,19,0,,,,,0.0,NEW_YORK,369.0,3.0922481705820384,78.37627379496917,0.9346377123199323,48.01831695952834,11.265220174573162,2.0,1.6566757493187485,1.1025849300014332,CORE,CORE_GATE,M1_OHLC,4,4,V15_Q2,VERY_HIGH,1,C,15
XAUUSD,C_DISPLACEMENT_MID_RETEST,V15_QUALITY_PRESERVING_EXPANDED,C_DISPLACEMENT_MID_RETEST|BUY|2020-12-08T05:26:00+00:00,2020-12-08 05:26:00+00:00,2020-12-08 05:27:00+00:00,BUY,UTC_00_05,0.9213640124265817,6.0,1.539494299244677,0.2565823832077113,0.1666666666668389,0.583333333333728,0.3848735748110366,,0.2332567120070585,0.4999999999995129,5.0,75.65823832079613,1.662705038455896,2.1109732436614665,0.3848735748110366,,1,1,2,0.26824521880830293,0.7068965517243677,1.0,2.3677018334205218,0.14538520029760635,1.5000000000003875,0.6924643584521615,6.0,0.1166283560027337,0.6297931224186867,0.6875000000016431,1.2783864698475333,2.468942597511936,0.843866423368933,52.911896412943825,0.08884016672436701,0.11521696706124113,-0.026376800336874118,9.746616572551755,26.25719496114988,22.55626476683472,75.10373443985516,0.47810012555401205,3.9675170483955737,5.8887140119257e-05,-2.676523410127807e-06,-0.0001257811140994436,-0.0001231052496361018,5.6210301474513e-05,-0.5481532732156064,-0.536490437615545,0.5598161088161979,0.2565823832077113,0.41666666666627195,0.12499999999988158,0.2838705352609557,1.2810671653577217,5.761651721456087,0.9971966300967661,4.480584556098366,0.11719290301484904,0.48924946713792067,1.1783176587643185,-0.09663030054501821,0.9656383692839142,2.8107433796810506,5.201624677750351,-0.0634825107508945,0.014286476056143083,-1.04589831380666,0.0909090909091432,1.022732484857895,0.9350316821780993,0.5403587443945818,0.4023569023570852,3.0906514340888847,7.021027031403392,0.9659258262890683,0.25881904510252074,0.7818314824680298,0.6234898018587336,-0.0001257811140994436,-0.0001231052496361018,-0.026376800336874118,3.7009301943151627,5,1,,,,,0.742424242424164,ASIA,446.0,2.1109732436614665,19.581900972965805,0.842167957117353,11.779463956340809,19.581900972965805,0.842167957117353,1.4640883977895305,0.7507437652272922,CORE,CORE_GATE,M1_OHLC,1,4,V15_Q2,LOW,1,C,15
XAUUSD,A_OB_RETEST_SEQUENCE,V15_QUALITY_PRESERVING_EXPANDED,A_OB_RETEST_SEQUENCE|BUY|2020-12-16T01:39:00+00:00,2020-12-16 01:39:00+00:00,2020-12-16 01:40:00+00:00,BUY,UTC_00_05,1.0568594113185463,9.0,0.8863982159452374,0.8863982159467877,1.000000000001749,0.8666666666668688,0.7841214987231124,0.03409223907559199,0.1363689562992673,0.1363689562992673,3.0,50.0,1.8750731491157004,2.8296558432121217,0.7841214987231124,,1,1,2,0.1704611953748593,0.0,6.0,2.49407272284844,0.5250679416523032,1.0399999999981082,0.933333333333322,9.0,0.23864567352294258,0.10227671722522563,-0.3999999999954525,1.1678323648683693,1.8801842102245063,0.7861103235304359,53.50281723897929,-0.02984150265660901,-0.06752065186882311,0.0376791492122141,11.997209751329594,26.348228695915726,22.126381101968565,87.7551020408277,0.8014162221658467,3.302719985784562,7.823628437009233e-05,1.888349959822122e-05,8.63303918050562e-05,2.4278916189279798e-05,-0.0001402551024536347,1.0909516503956886,0.3068301516741266,1.022767172246055,0.8863982159467877,0.13333333333313122,0.0,0.7304172753627226,-0.02433837808818556,3.158028605281882,-0.7547556534509081,3.1823669833700676,0.1908338789451838,-0.4238479342397568,-1.779188726718311,-0.5621760440571816,0.7308917886056728,3.0683015167350645,4.363806601581204,1.2184611792088305,0.003926847870321867,-0.8004111925719251,0.12048192771108432,0.693919624899846,0.5593585316723695,0.703124999999606,0.3722222222223765,6.647986619594707,2.9319325604373474,0.25881904510252074,0.9659258262890683,0.9749279121818236,-0.22252093395631434,8.63303918050562e-05,2.4278916189279798e-05,0.0376791492122141,4.22184759394716,1,2,0.5,0.09845023905906068,,,,ASIA,219.0,2.8296558432121217,7.227554683867368,0.4056603773585715,-3.613777341933684,7.227554683867368,0.4056603773585715,1.5180722891564746,0.35342136854741896,CORE,CORE_GATE,M1_OHLC,4,4,V15_Q2,VERY_HIGH,1,A,15
XAUUSD,C_DISPLACEMENT_MID_RETEST,V15_QUALITY_PRESERVING_EXPANDED,C_DISPLACEMENT_MID_RETEST|BUY|2020-12-17T15:35:00+00:00,2020-12-17 15:35:00+00:00,2020-12-17 15:36:00+00:00,BUY,UTC_12_17,0.8684849332306159,9.0,1.2383182301563043,0.506962496909619,0.4093959731543552,0.761904761904749,0.1454400605888112,,0.7396665938517548,0.5000000000001478,2.0,100.0,5.1728365448127995,5.551654884191546,0.1454400605888112,,1,1,2,0.5526722302375959,0.6810810810810259,7.0,5.4187807265745755,0.25028092798698626,1.544041450776925,0.8933601609657907,9.0,0.029088012117837826,0.3781441575311359,0.8571428571425919,0.6095324096843711,1.3519388001641086,0.4755567426139209,58.242458696752955,0.11010540775055233,-0.33604625982142183,0.44615166757197416,23.829556865845575,31.55656083663018,20.852679462633496,91.88445667125282,0.7321946132573334,6.986725347986983,0.0003323380915285501,0.00047863684227311687,0.0005611149966626705,0.0007553914736517786,7.176632883321155e-05,0.8767957938356854,1.1801422059210065,0.6981122908265961,0.506962496909619,0.238095238095251,0.03571428571451773,1.315904152569379,1.237239870492472,2.435826849840209,-0.07866428207690705,1.1985869793477366,0.6058834172409452,-0.053555974846316697,0.7439758245674664,-0.323368346299035,1.2150688028066194,6.041995659891026,6.835682847675828,2.8310796716420086,0.14767615653640137,-1.0010108533418602,0.011437403400319512,1.479543123505226,1.6086445319739473,0.8838905775076064,0.5308071531893725,2.393527854262102,5.551654884191546,-0.7071067811865471,-0.7071067811865479,0.43388373911755823,-0.900968867902419,0.0005611149966626705,0.0007553914736517786,0.44615166757197416,10.703881373996683,15,3,,,,,0.7919463087248384,LONDON_NY_OVERLAP,155.0,5.551654884191546,18.312981343287237,0.8692988427501747,14.652047246750803,5.476857138745731,2.0,0.4311377245508764,1.8957522060662355,CORE,CORE_GATE,M1_OHLC,3,4,V15_Q2,HIGH,1,C,15
XAUUSD,C_DISPLACEMENT_MID_RETEST,V15_QUALITY_PRESERVING_EXPANDED,C_DISPLACEMENT_MID_RETEST|BUY|2020-12-24T15:49:00+00:00,2020-12-24 15:49:00+00:00,2020-12-24 15:50:00+00:00,BUY,UTC_12_17,0.5236302841792102,16.0,1.6046734515157328,0.5743041826480917,0.357894736842327,0.7555555555554209,0.0,,2.601260121404888,0.4999999999996717,9.0,100.0,2.8326621568600023,3.082662156859838,0.0,,-1,1,1,0.6249780811165891,0.6176470588235786,7.0,2.8553872272826553,0.313396159091879,1.3970588235290136,0.8015873015873363,16.0,0.38849988826180887,0.22803254311015878,-0.26027397260280793,0.41638649939306177,0.007379583320274049,-0.0029066314827860627,54.17103157061603,-0.02532339591539312,-0.1029632661615642,0.07763987024617108,23.91257971855199,21.06478854341467,24.955449240851404,73.82920110193417,0.7590794302829218,3.874354174223867,0.00017874626833824792,0.00019208810441062596,0.00020009337690929385,0.0008088692648364759,-0.0003759588951607329,0.6334237308615948,2.559031872680628,0.7601084770343747,0.5743041826480917,0.2444444444445792,0.0,0.5559862388357154,0.16303976220281896,-0.9682654587940485,-0.3929464766328964,-1.1313052209968675,-0.01023611621296586,-0.06208400939226082,-0.0607450219917077,0.2820792256978719,0.897856186240509,2.516803623956368,5.19407459306477,5.128256340112614,-0.01238544465701047,-1.8471202935900308,0.1712259371833993,0.784725583512135,0.9262057309977891,0.48455284552841293,0.7303111435639215,3.352922948694257,3.6231837405282916,-0.7071067811865471,-0.7071067811865479,0.43388373911755823,-0.900968867902419,0.00020009337690929385,0.0008088692648364759,0.07763987024617108,-3.890660697436733,15,3,,,,,1.0,LONDON_NY_OVERLAP,169.0,3.082662156859838,16.20720186031205,0.3637311099531005,1.7482494971777558,15.227506489912908,0.38713255684969167,3.027397260273947,0.890232953740018,CORE,CORE_GATE,M1_OHLC,1,4,V15_Q2,LOW,1,C,15
XAUUSD,A_OB_RETEST_SEQUENCE,V15_QUALITY_PRESERVING_EXPANDED,A_OB_RETEST_SEQUENCE|BUY|2020-12-30T18:29:00+00:00,2020-12-30 18:29:00+00:00,2020-12-30 18:30:00+00:00,BUY,UTC_18_23,0.5161194124513733,8.0,0.8337313585750176,0.8535821052077452,1.0238095238095108,0.7571428571426901,0.3870895593384171,,0.9131343451063799,0.9131343451063799,3.0,100.0,1.7964925702634427,2.530970195674821,0.3870895593384171,,1,1,2,0.29776119949136787,0.41935483870973655,5.0,2.779407039100622,0.6580221612005889,0.9438202247188887,0.9438669438668748,8.0,0.2779104528586401,1.2406716645466138,0.6339869281043615,0.9691073312050165,0.5326396065922343,0.3647243274743989,55.82885947687439,0.07199272419506997,0.02295001953258635,0.049042704662483616,15.152828328671898,14.932572957319469,19.384992956550487,88.2352941176415,0.7594271332141443,2.9344507027246234,0.00018829195330360982,-7.42364909471771e-05,0.00012463603625567643,0.00037930833258181806,0.00015911531882739638,0.4664925458693282,1.4193283842411637,1.3895522642918463,0.8535821052077452,0.24285714285730992,0.14285714285705006,0.6798931013212126,0.8929597615051854,3.7606003418963505,0.2130666601839728,2.867640580391165,0.28828291016300067,0.099642211463607,1.3445184219847477,-0.3119003545806366,0.7512177015262373,2.8684328884316446,3.4143284208323355,-3.4322945466164967,0.0030814076775686067,-2.084345758135342,0.06112469437651915,0.5118848028182478,0.6593182847847343,0.840116279069717,0.3210084033613327,1.1116418114336577,4.128955299610986,-1.0,-1.8369701987210297e-16,0.9749279121818236,-0.22252093395631434,0.00012463603625567643,0.00037930833258181806,0.049042704662483616,-4.452419999231019,18,2,0.021739130435255407,0.10803348915244881,,,,NEW_YORK,329.0,2.530970195674821,23.820895959294983,0.8016666666666575,16.446343585229624,18.22298540886034,0.9498910675381215,0.36078431372555736,1.3401065956029314,CORE,CORE_GATE,M1_OHLC,3,4,V15_Q2,HIGH,1,A,15
XAUUSD,C_DISPLACEMENT_MID_RETEST,V15_QUALITY_PRESERVING_EXPANDED,C_DISPLACEMENT_MID_RETEST|BUY|2020-12-30T18:29:00+00:00,2020-12-30 18:29:00+00:00,2020-12-30 18:30:00+00:00,BUY,UTC_18_23,0.5161194124513733,8.0,0.8337313585750176,0.8535821052077452,1.0238095238095108,0.7571428571426901,0.3870895593384171,,0.9131343451063799,0.5000000000000062,3.0,100.0,2.142014969246175,2.530970195674821,0.3870895593384171,,1,1,2,0.29776119949136787,0.41935483870973655,5.0,2.779407039100622,0.6580221612005889,0.9438202247188887,0.9438669438668748,8.0,0.2779104528586401,1.2406716645466138,0.6339869281043615,0.9691073312050165,0.5326396065922343,0.3647243274743989,55.82885947687439,0.07199272419506997,0.02295001953258635,0.049042704662483616,15.152828328671898,14.932572957319469,19.384992956550487,88.2352941176415,0.7594271332141443,2.9344507027246234,0.00018829195330360982,-7.42364909471771e-05,0.00012463603625567643,0.00037930833258181806,0.00015911531882739638,0.4664925458693282,1.4193283842411637,1.3895522642918463,0.8535821052077452,0.24285714285730992,0.14285714285705006,0.6798931013212126,0.8929597615051854,3.7606003418963505,0.2130666601839728,2.867640580391165,0.28828291016300067,0.099642211463607,1.3445184219847477,-0.3119003545806366,0.7512177015262373,2.8684328884316446,3.4143284208323355,-3.4322945466164967,0.0030814076775686067,-2.084345758135342,0.06112469437651915,0.5118848028182478,0.6593182847847343,0.840116279069717,0.3210084033613327,1.1116418114336577,4.128955299610986,-1.0,-1.8369701987210297e-16,0.9749279121818236,-0.22252093395631434,0.00012463603625567643,0.00037930833258181806,0.049042704662483616,-4.452419999231019,18,2,,,,,0.6666666666679298,NEW_YORK,329.0,2.530970195674821,23.820895959294983,0.8016666666666575,16.446343585229624,18.22298540886034,0.9498910675381215,0.36078431372555736,1.3401065956029314,CORE,CORE_GATE,M1_OHLC,3,4,V15_Q2,HIGH,2,A+C,15
XAUUSD,B_FVG_RETEST_SEQUENCE,V15_QUALITY_PRESERVING_EXPANDED,B_FVG_RETEST_SEQUENCE|BUY|2020-12-31T08:11:00+00:00,2020-12-31 08:11:00+00:00,2020-12-31 08:12:00+00:00,BUY,UTC_06_11,0.730565644371378,7.0,2.8328055598074675,0.7902036561567414,0.2789473684210249,0.8640776699028418,0.19382353830243063,0.21618779272211136,1.073484212137895,0.21618779272211136,6.0,100.0,0.9765724429861711,1.9531448859723421,0.19382353830243063,,-1,1,1,0.7752941532104005,0.5315315315315057,1.0,3.8057816426800786,1.3700813913651206,4.750000000000497,1.173777315296808,7.0,0.19382353830243063,0.902024928254467,0.6462585034016342,0.7307180864894826,0.23958553822597825,-0.14658854157481366,51.398868448471795,0.18135689551991163,0.1868225695805537,-0.005465674060642078,17.648542656740098,20.887712657803515,21.476157915536024,48.51851851851568,0.5634309071797846,3.2437048405504103,0.0002883681800263105,-0.00032520669132596325,-0.00039920792916825487,0.0002222139920742272,3.702880841283118e-05,-1.1256674724495792,0.6261991237466533,1.5356788034747992,0.7902036561567414,0.1359223300971581,0.34951456310685186,0.053649690826209656,0.5935331052102757,0.08665598218514743,0.5398834143840661,-0.5068771230251282,0.2502428382632079,0.3919822298058503,1.0793577955774685,2.2110492724925512,1.4027313903406444,4.02556579551575,4.02556579551575,-8.741981696842785,-0.12536727403515777,-0.9827226326555873,0.07916986933130045,1.1106271129542293,1.5206732498214492,1.0,0.37404542598723367,2.072420909543408,7.536753739382233,0.8660254037844387,-0.4999999999999998,0.43388373911755823,-0.900968867902419,-0.00039920792916825487,0.0002222139920742272,-0.005465674060642078,-0.5884452577325092,8,3,,,0.07631578947367099,1.0,,LONDON,11.0,1.9531448859723421,21.447319988330758,0.35140771637122464,-4.659219670735743,18.97979725070881,0.26708562450902745,7.122137404580394,1.0790427846265411,CORE,CORE_GATE,M1_OHLC,2,4,V15_Q2,MEDIUM,1,B,15
XAUUSD,A_OB_RETEST_SEQUENCE,V15_QUALITY_PRESERVING_EXPANDED,A_OB_RETEST_SEQUENCE|SELL|2020-01-06T16:11:00+00:00,2020-01-06 16:11:00+00:00,2020-01-06 16:12:00+00:00,SELL,UTC_12_17,0.6266537212299567,10.0,1.546288403036352,1.2533074424606536,0.8105263157892217,0.9638554216867767,0.5289934010386741,0.43133308084665123,2.2787408044741175,2.2787408044741175,4.0,16.07142857142103,0.12207540024012103,3.0925768060715937,0.5289934010386741,3.816890847493943,-1,1,1,0.38250292075119496,0.5434782608696566,6.0,3.422824844257675,0.8739127261934803,2.0,0.6985815602838183,10.0,0.7080373213904074,0.8626661616936726,0.09844559585470014,0.49033535239039816,1.2415562949737273,-0.38444628375270756,44.374870525196826,0.012138832680193445,0.09139548127117243,-0.07925664859097899,16.973607933837634,20.522731453389966,28.619589522004183,18.049792531125185,0.04709589197344806,2.9236015993964664,-0.0004921947439950891,-0.0003239504165303275,-0.00038427093323833983,-0.0009109722962850064,0.0005117609663065625,-0.9847415619330534,-2.33570932458573,1.3509677626523062,1.2533074424606536,0.036144578313223305,0.036144578313223305,-0.876467078958402,-1.20131569217484,-3.2596050058521255,-0.32484861321643815,-2.0582893136772853,-0.2244624997709557,-0.10108810299776563,-1.1935423531472777,-1.5482486507078081,0.9264030934994236,3.1251302461358477,7.023404693789872,-5.037496104377546,-0.019919146265201013,-1.5576265702474146,0.03245283018866578,0.9928200194386732,1.0064869168773054,0.444959443800683,0.3757269976261075,5.159720250130094,3.808752487478157,-0.8660254037844384,-0.5000000000000004,0.0,1.0,0.00038427093323833983,0.0009109722962850064,0.07925664859097899,8.096858068614218,16,0,0.578571428571352,1.537439055340559,,,,LONDON_NY_OVERLAP,191.0,3.2146522063117144,24.86268984881398,0.5548281505728304,3.8901360876378677,24.86268984881398,0.5548281505728304,3.4430379746832833,1.6521002541232748,CORE,CORE_GATE,M1_OHLC,3,4,V15_Q2,HIGH,1,A,15
XAUUSD,B_FVG_RETEST_SEQUENCE,V15_QUALITY_PRESERVING_EXPANDED,B_FVG_RETEST_SEQUENCE|SELL|2020-01-14T05:30:00+00:00,2020-01-14 05:30:00+00:00,2020-01-14 05:31:00+00:00,SELL,UTC_00_05,0.7068972372595245,20.0,1.140156834288084,0.41045646034437383,0.3600000000005821,0.9565217391304778,0.045606273371481876,0.1824250934859275,0.7753066473162288,0.1824250934859275,14.0,100.0,2.143494848462759,2.4171324886916503,0.045606273371481876,,-1,-1,2,0.570078417144042,0.0,6.0,3.247168700580761,0.7774910973214071,1.3157894736838327,0.8094117647061295,20.0,0.045606273371481876,1.5278101579461982,0.9420289855073036,2.2854338071835754,2.7382280374826933,0.9713513768726382,51.863887304917355,0.04524542800481868,0.06355293154085341,-0.018307503536034733,16.155266897111517,24.180618469105667,18.842193142074557,52.816901408448,0.5239189931828,2.7170432742509125,-6.49300054540447e-05,6.49384383604179e-05,7.143274606957739e-05,-1.2986675670734193e-05,-3.5712546466948325e-05,0.5016690070873376,-0.09121254674296375,1.04894428754512,0.41045646034437383,0.565217391303789,0.04347826086952224,0.08594619263042214,1.1843147780177155,-3.2804544586296998,1.0983685853872933,-4.464769236647415,0.02383482754548383,0.5814763862320993,1.6823229065805,-0.7171050678953401,0.9184217490193927,2.873195222406469,4.2869896969234444,2.4989273079014396,0.020129586274388267,-2.085194785646703,0.11061946902658251,0.6079471635414794,0.7542171357893798,0.670212765957524,0.419254658384892,2.5767544454913183,6.635712775556316,0.9659258262890683,0.25881904510252074,0.7818314824680298,0.6234898018587336,-7.143274606957739e-05,1.2986675670734193e-05,0.018307503536034733,-5.338425327031111,5,1,,,0.15999999999985448,1.0,,ASIA,450.0,2.4171324886916503,59.082927152808175,0.6908529525279713,37.533962984763804,59.082927152808175,0.6908529525279713,7.556603773582259,0.7206814039698972,CORE,CORE_GATE,M1_OHLC,2,4,V15_Q2,MEDIUM,1,B,15
XAUUSD,A_OB_RETEST_SEQUENCE,V15_QUALITY_PRESERVING_EXPANDED,A_OB_RETEST_SEQUENCE|SELL|2020-01-14T18:15:00+00:00,2020-01-14 18:15:00+00:00,2020-01-14 18:16:00+00:00,SELL,UTC_18_23,0.7833258060888895,9.0,1.0444344081189152,0.31333032243531833,0.29999999999965893,0.5833333333327807,0.8486029565959506,,1.2272104295395174,1.2272104295395174,3.0,15.957446808519387,0.5222172040594576,1.919148224917809,0.8486029565959506,6.266606448712303,-1,1,1,0.026110860202943193,0.09756097560964788,6.0,1.2806639117056138,0.2899616403859279,1.0810810810816458,0.8405063291137255,9.0,0.3394411826388552,0.09138801071000432,-0.5757575757592461,0.11373587290952339,0.02382236591868678,-0.002697324445998792,47.623598530392,0.13338713959024062,0.20355464795791994,-0.07016750836767932,16.365284196632167,21.25388014322995,24.340258052643073,8.888888888901015,0.31944566585867573,3.687681818007145,-7.774538386773333e-05,-0.00013280771710011408,-0.0002591042765159868,-3.239537912291812e-05,0.0010994463849620661,-1.0444344081183214,-0.13055430101412227,0.6266606448712303,0.31333032243531833,0.08333333333325438,0.4166666666672193,-0.4728866838516959,-0.2716102532337953,-1.1526524408663719,0.2012764306179006,-0.8810421876325766,0.022911261954100356,0.2994926718662174,0.5418574160950064,-1.8045173975652566,0.7895616375835787,2.3499774182666684,7.363262577236511,-3.9684761581335835,-0.057636626401058544,-2.5083715076757187,0.03999999999994367,0.7436629485889514,0.7372715612577757,0.3191489361701716,0.3290598290601163,3.355245536080872,6.266606448712303,-1.0,-1.8369701987210297e-16,0.7818314824680298,0.6234898018587336,0.0002591042765159868,3.239537912291812e-05,0.07016750836767932,3.086377909413123,18,1,0.27659574468058346,0.060408675080676356,,,,NEW_YORK,315.0,1.919148224917809,33.826619392943485,0.43149363180237144,12.715988918844616,33.826619392943485,0.43149363180237144,10.020408163266993,1.910088654472001,CORE,CORE_GATE,M1_OHLC,0,4,V15_Q2,LOW,1,A,15
XAUUSD,A_OB_RETEST_SEQUENCE,V15_QUALITY_PRESERVING_EXPANDED,A_OB_RETEST_SEQUENCE|SELL|2020-01-21T17:33:00+00:00,2020-01-21 17:33:00+00:00,2020-01-21 17:34:00+00:00,SELL,UTC_12_17,0.6182099252990655,7.0,1.236419850598131,0.38043687710689544,0.3076923076921283,0.7837837837839167,0.007925768273240532,,1.5375990449747836,1.5375990449747836,2.0,19.58762886598905,0.1743669020076875,1.8704813124436777,0.007925768273240532,,-1,-1,2,0.41213995019985755,0.3538461538461323,5.0,1.95010572195473,0.14473440905137228,1.4857142857135432,0.9793510324483464,7.0,0.007925768273240532,0.023777304819000755,0.49999999998863126,0.6123131362937165,1.1687045459172165,0.4496223894128346,59.64921266143707,0.7999502257246149,0.9825316823825077,-0.18258145665789272,43.689775633757286,26.719802172816404,13.251350034505858,15.000000000001624,0.5055382809030307,5.581243856413776,-0.0001510413821249612,-0.00038554712349714304,-5.4637256824086045e-05,-0.0001253354329695533,0.00258116490775806,-0.13473806064220567,-0.30910496264953274,0.5865068522068242,0.38043687710689544,0.1351351351356666,0.21621621621608333,0.5892708773223398,2.9897957228758814,3.315273292768767,2.4005248455535417,0.3254775698928855,0.541742965357831,1.7061438342284885,5.385461344679093,-1.534526966634462,0.9681128226930252,2.219215116459053,8.234873235717423,-11.263200138848553,-0.08900753357625613,-2.4883506334573795,0.43122923588044826,0.9330838985027399,0.8761715092195448,0.2694898941289792,0.32023004436793284,1.8863328489901587,12.522713871446841,-0.9659258262890683,-0.25881904510252063,0.7818314824680298,0.6234898018587336,5.4637256824086045e-05,0.0001253354329695533,0.18258145665789272,-13.468452138310546,17,1,0.5051546391753713,0.8988768562134027,,,,NEW_YORK,273.0,1.8704813124436777,35.34892649788111,0.5845291479820575,8.536052430093715,13.656098734495009,1.5130586186883557,7.851694915255411,2.507699789268925,CORE,CORE_GATE,M1_OHLC,1,4,V15_Q2,LOW,1,A,15
XAUUSD,C_DISPLACEMENT_MID_RETEST,V15_QUALITY_PRESERVING_EXPANDED,C_DISPLACEMENT_MID_RETEST|SELL|2020-01-21T17:33:00+00:00,2020-01-21 17:33:00+00:00,2020-01-21 17:34:00+00:00,SELL,UTC_12_17,0.6182099252990655,7.0,1.236419850598131,0.38043687710689544,0.3076923076921283,0.7837837837839167,0.007925768273240532,,1.5375990449747836,0.5000000000001953,2.0,84.87338040152387,1.3351536546134084,1.8704813124436777,0.007925768273240532,,-1,-1,2,0.41213995019985755,0.3538461538461323,5.0,1.95010572195473,0.14473440905137228,1.4857142857135432,0.9793510324483464,7.0,0.007925768273240532,0.023777304819000755,0.49999999998863126,0.6123131362937165,1.1687045459172165,0.4496223894128346,59.64921266143707,0.7999502257246149,0.9825316823825077,-0.18258145665789272,43.689775633757286,26.719802172816404,13.251350034505858,15.000000000001624,0.5055382809030307,5.581243856413776,-0.0001510413821249612,-0.00038554712349714304,-5.4637256824086045e-05,-0.0001253354329695533,0.00258116490775806,-0.13473806064220567,-0.30910496264953274,0.5865068522068242,0.38043687710689544,0.1351351351356666,0.21621621621608333,0.5892708773223398,2.9897957228758814,3.315273292768767,2.4005248455535417,0.3254775698928855,0.541742965357831,1.7061438342284885,5.385461344679093,-1.534526966634462,0.9681128226930252,2.219215116459053,8.234873235717423,-11.263200138848553,-0.08900753357625613,-2.4883506334573795,0.43122923588044826,0.9330838985027399,0.8761715092195448,0.2694898941289792,0.32023004436793284,1.8863328489901587,12.522713871446841,-0.9659258262890683,-0.25881904510252063,0.7818314824680298,0.6234898018587336,5.4637256824086045e-05,0.0001253354329695533,0.18258145665789272,-13.468452138310546,17,1,,,,,0.5384615384618076,NEW_YORK,273.0,1.8704813124436777,35.34892649788111,0.5845291479820575,8.536052430093715,13.656098734495009,1.5130586186883557,7.851694915255411,2.507699789268925,CORE,CORE_GATE,M1_OHLC,1,4,V15_Q2,LOW,2,A+C,15
XAUUSD,C_DISPLACEMENT_MID_RETEST,V15_QUALITY_PRESERVING_EXPANDED,C_DISPLACEMENT_MID_RETEST|SELL|2020-01-23T13:30:00+00:00,2020-01-23 13:30:00+00:00,2020-01-23 13:31:00+00:00,SELL,UTC_12_17,0.47422887457652896,14.0,1.67374896909393,0.6694995876365571,0.3999999999993937,0.5833333333327807,0.13947908075825036,0.5021246907274179,0.7252912199396037,0.5021246907286865,12.0,100.0,1.8132280498496434,2.3432485567292187,0.13947908075825036,,-1,-1,2,0.08368744845393537,0.7692307692307693,2.0,3.042509831924435,0.33467608151207523,2.3076923076958056,0.699708454809939,14.0,0.055791632303046436,0.25106234536307465,0.6363636363628846,1.2514428529878379,1.0385612288628512,0.6597013397000913,40.43180900302944,0.011737886230775985,0.0402931811333766,-0.028555294902600614,18.8636808844443,23.46947067925596,34.495337974243974,13.157894736856276,0.1279924066633012,4.240527429077126,-6.112666087576546e-05,-0.0002637563406059362,-0.00027018768394460047,-0.00018978994434959429,-0.00036986292558360834,-2.3432485567292187,-1.645853152940504,1.3389991752743828,0.6694995876365571,0.08333333333325438,0.4166666666672193,-1.5223109021233758,-1.381374225713273,-4.220641813008295,0.14093667641010282,-2.8392675872950215,-0.11873673073471552,0.30412019176857535,-1.214744281762331,1.7612939435166284,1.2071119401542638,4.240164055036603,4.8259761942192245,-14.306982285891877,-0.05348240052406214,-0.4154181019984122,0.05542168674699112,0.9461324926583325,1.0975509104657613,0.878612716763018,0.26226551226658973,4.435434768095363,1.1437284622143546,-0.2588190451025208,-0.9659258262890683,0.43388373911755823,-0.900968867902419,0.00027018768394460047,0.00018978994434959429,0.028555294902600614,11.025867294988014,13,3,,,,,0.6666666666671719,LONDON_NY_OVERLAP,30.0,2.3432485567292187,60.11548380658771,0.9044083526682168,25.69204667557508,47.72974143530126,1.1390999415546215,2.45238095238179,0.5487052370655556,CORE,CORE_GATE,M1_OHLC,2,4,V15_Q2,MEDIUM,1,C,15
XAUUSD,A_OB_RETEST_SEQUENCE,V15_QUALITY_PRESERVING_EXPANDED,A_OB_RETEST_SEQUENCE|SELL|2020-01-23T14:23:00+00:00,2020-01-23 14:23:00+00:00,2020-01-23 14:24:00+00:00,SELL,UTC_12_17,1.585005156047282,9.0,0.8302407960238678,0.7170261420214712,0.8636363636373972,0.8636363636365045,0.05660732700119832,,1.2453611940366598,1.2453611940366598,4.0,62.121212121203776,1.0566701040320934,2.245423971067555,0.05660732700119832,,-1,-1,2,0.03773821800194297,0.03773584905655521,5.0,2.179392931312021,0.05230543035104449,0.6769230769226033,0.6712517193947898,9.0,0.05660732700119832,0.018869109000971485,-0.49999999998863137,0.8508650233729603,0.9912450670934226,0.5240988156177615,54.67055630957573,0.2163637170237962,0.22860181109137323,-0.012238094067577032,23.818468832892844,28.70567698322064,21.20636049280685,14.64968152863733,0.5347092687339942,5.545058101928487,-0.00011899554892325082,1.2866080187912132e-05,-0.0001254269339869829,0.00010615506359656912,0.00046982651816707133,-0.7358952510224427,0.6226805970183299,0.8302407960247259,0.7170261420214712,0.0,0.13636363636349544,0.4233200528953426,1.227888474863869,-0.006607676637065353,0.8045684219685265,-1.2344961515009345,0.3971106327551959,0.8077441543736635,1.8420141235854492,-1.025050100308502,1.1438284465539779,2.547329715076234,12.208313523362548,-0.9229927135769103,-0.03309043243711807,-1.4756243432122282,0.35238095238100187,1.5946081430372605,1.5249336765111041,0.20865533230298466,0.39545454545432895,2.5284606060752624,9.679852917287286,-0.4999999999999997,-0.8660254037844388,0.43388373911755823,-0.900968867902419,0.0001254269339869829,-0.00010615506359656912,0.012238094067577032,-7.49931649041379,14,3,0.6363636363638869,0.5753597338662466,,,,LONDON_NY_OVERLAP,83.0,2.245423971067555,44.79526476732982,0.7839090143218215,15.717967797466018,32.28504549995859,1.0876680303915809,4.310924369746146,0.7827457573687805,CORE,CORE_GATE,M1_OHLC,4,4,V15_Q2,VERY_HIGH,1,A,15
XAUUSD,C_DISPLACEMENT_MID_RETEST,V15_QUALITY_PRESERVING_EXPANDED,C_DISPLACEMENT_MID_RETEST|SELL|2020-01-23T14:23:00+00:00,2020-01-23 14:23:00+00:00,2020-01-23 14:24:00+00:00,SELL,UTC_12_17,1.585005156047282,9.0,0.8302407960238678,0.7170261420214712,0.8636363636373972,0.8636363636365045,0.05660732700119832,,1.2453611940366598,0.49999999999962513,4.0,100.0,1.693518227058205,2.245423971067555,0.05660732700119832,,-1,-1,2,0.03773821800194297,0.03773584905655521,5.0,2.179392931312021,0.05230543035104449,0.6769230769226033,0.6712517193947898,9.0,0.05660732700119832,0.018869109000971485,-0.49999999998863137,0.8508650233729603,0.9912450670934226,0.5240988156177615,54.67055630957573,0.2163637170237962,0.22860181109137323,-0.012238094067577032,23.818468832892844,28.70567698322064,21.20636049280685,14.64968152863733,0.5347092687339942,5.545058101928487,-0.00011899554892325082,1.2866080187912132e-05,-0.0001254269339869829,0.00010615506359656912,0.00046982651816707133,-0.7358952510224427,0.6226805970183299,0.8302407960247259,0.7170261420214712,0.0,0.13636363636349544,0.4233200528953426,1.227888474863869,-0.006607676637065353,0.8045684219685265,-1.2344961515009345,0.3971106327551959,0.8077441543736635,1.8420141235854492,-1.025050100308502,1.1438284465539779,2.547329715076234,12.208313523362548,-0.9229927135769103,-0.03309043243711807,-1.4756243432122282,0.35238095238100187,1.5946081430372605,1.5249336765111041,0.20865533230298466,0.39545454545432895,2.5284606060752624,9.679852917287286,-0.4999999999999997,-0.8660254037844388,0.43388373911755823,-0.900968867902419,0.0001254269339869829,-0.00010615506359656912,0.012238094067577032,-7.49931649041379,14,3,,,,,0.2727272727252057,LONDON_NY_OVERLAP,83.0,2.245423971067555,44.79526476732982,0.7839090143218215,15.717967797466018,32.28504549995859,1.0876680303915809,4.310924369746146,0.7827457573687805,CORE,CORE_GATE,M1_OHLC,4,4,V15_Q2,VERY_HIGH,2,A+C,15
XAUUSD,A_OB_RETEST_SEQUENCE,V15_QUALITY_PRESERVING_EXPANDED,A_OB_RETEST_SEQUENCE|SELL|2020-01-28T11:34:00+00:00,2020-01-28 11:34:00+00:00,2020-01-28 11:35:00+00:00,SELL,UTC_06_11,0.736289326004475,6.0,1.4024558590556875,0.654479400893221,0.4666666666670709,0.7631578947369838,0.6311051365751125,,0.7947249867986834,0.7947249867986834,2.0,13.235294117662793,1.425830123373796,2.7932245859533835,0.6311051365751125,,1,-1,1,0.6427922687341667,0.0,4.0,2.5403022261927264,0.41380488752422384,1.7142857142847863,0.968632371392696,6.0,0.2688040396518706,0.1753069823820938,-0.21052631578827694,0.266116873551163,0.3828700536117333,-0.09495419336096854,41.40148132963425,-0.10002395069273007,-0.017104111275329383,-0.08291983941740069,17.900315915550106,15.8191946516144,25.433492849692062,5.678233438481325,-0.029967210192003668,2.5404545768141737,-0.00019300621416729058,-0.00037012666557001417,-0.0002499446325181509,-0.0004238829576908021,-0.00111271626051479,-0.9232834405450916,-1.5660757092792583,0.8882220440684603,0.654479400893221,0.026315789473070113,0.2368421052630162,-1.2462342955093513,-0.887037943980813,0.9084326397775488,0.35919635152853824,1.7954705837583618,-0.4000615605039795,0.15330746040608142,-1.2745814528061692,-0.9057442766273555,0.8926543973423923,3.7048208943388894,6.018873061781146,-7.467170906580726,-0.047127473708289416,0.8196488724842617,0.027600849256873564,0.9634696207265276,1.0082122365967416,0.6155339805824935,0.40327169274534064,5.668259097018021,3.4126425903694417,0.258819045102521,-0.9659258262890682,0.7818314824680298,0.6234898018587336,0.0002499446325181509,0.0004238829576908021,0.08291983941740069,9.614298198077663,11,1,0.29411764705843013,0.33334282606144167,,,,LONDON,214.0,2.7932245859533835,14.445295348275918,0.5097087378640872,2.5127334141424584,9.431515652150587,0.7806691449814633,0.7405857740582781,1.3949528962203472,CORE,CORE_GATE,M1_OHLC,2,4,V15_Q2,MEDIUM,1,A,15
XAUUSD,A_OB_RETEST_SEQUENCE,V15_QUALITY_PRESERVING_EXPANDED,A_OB_RETEST_SEQUENCE|SELL|2020-01-28T23:00:00+00:00,2020-01-28 23:00:00+00:00,2020-01-28 23:01:00+00:00,SELL,UTC_18_23,0.36679191479509454,8.0,1.4990626082929637,1.3395878627300366,0.8936170212766986,0.9833333333333523,0.6060040331398476,,0.7016888804768785,0.7016888804768785,4.0,0.0,0.3030020165699238,2.886492894691516,0.6060040331398476,,-1,-1,2,0.6538464568083631,0.34285714285734703,4.0,3.230469304500385,0.6205421262884816,1.880000000000964,0.9561752988045882,8.0,0.38273938935102464,0.09568484733775616,-0.6,0.9188186719810024,1.7816150646024331,0.6853491718170519,40.5564899710917,-0.09175967570399735,-0.048033394532978294,-0.04372628117101905,16.84314125934326,13.403677748962366,24.317588193298846,1.0928961748624375,-0.0009515433101211732,3.1691110912449303,-0.0002740319661473922,-0.00013066188210464347,-0.00019757303829093242,-0.00043965286538982795,-0.00011154276390212825,-0.9887434224908722,-2.2007514887705675,1.9136969467572988,1.3395878627300366,0.28333333333339017,0.01666666666664772,-1.324342053062959,-1.5694613376853208,-3.010840334014781,-0.24511928462236177,-1.4413789963294603,-0.41827626928445366,-0.21410534594817907,-1.8426989237638511,1.6204701325030963,1.2577178235613484,2.9183878438041013,3.8433413680698028,-3.0193876005074145,0.010068202260246045,2.2195782468074796,0.23616734143050397,1.008891734008566,1.2960703801748163,0.7593360995850779,0.5104288499024485,5.103191858018013,0.6697939313650183,-0.25881904510252157,0.9659258262890681,0.7818314824680298,0.6234898018587336,0.00019757303829093242,0.00043965286538982795,0.04372628117101905,10.91391044433648,23,1,0.9090909090909091,1.8616263788646146,,,,ASIA,60.0,2.886492894691516,50.95218120740121,0.8998435054773134,39.230787408516285,12.869611966939445,2.0,1.7679558011049252,0.6537903621888956,EXPANDED,RELAXED_SWEEP_WITH_STRONG_COMPENSATION,M1_OHLC,4,4,V15_Q2,VERY_HIGH,1,A,15
XAUUSD,C_DISPLACEMENT_MID_RETEST,V15_QUALITY_PRESERVING_EXPANDED,C_DISPLACEMENT_MID_RETEST|SELL|2020-01-30T16:29:00+00:00,2020-01-30 16:29:00+00:00,2020-01-30 16:30:00+00:00,SELL,UTC_12_17,0.9298463858631022,12.0,1.8596927717262044,0.6138791673656645,0.3300970873784972,0.8909090909091361,0.10833161777033894,,1.4444215702724175,0.5579078315181076,7.0,92.07119741093823,0.8043622619455671,1.733305884327065,0.10833161777033894,4.152712014533765,-1,1,1,0.47846464515294607,0.14457831325316717,5.0,1.7221759546747286,0.1324750734365721,1.6612903225809557,1.0902837489250305,12.0,0.10833161777033894,0.6409620718084545,0.7108433734942136,0.3401902539121795,0.36880498996908534,-0.1156417834572891,49.21171086783653,0.06469681990438403,0.09619041304422099,-0.03149359313983696,9.505078722715732,23.46811990664397,20.56674681282403,29.12621359223458,0.34196569655487535,2.5277603141832303,-0.00022158349899337182,-8.864518498341578e-05,0.00020901156530661602,-0.0004715383860727229,0.0002850374349165907,0.5958238977372746,-1.3451175873160681,0.9930398295618508,0.6138791673656645,0.27272727272715996,0.109090909090864,-0.177302089703099,-0.025682646685713562,-0.9672112479487227,0.15161944301738545,-0.9415286012630091,0.04395077011346412,0.09414158211393257,0.6722761371423629,-0.2864469230732074,0.8458483435888203,2.536765382791028,4.396458154517233,-2.310524606591798,0.03746247440673084,1.1756301998575136,0.06271777003485783,0.9527538137230864,0.9230856496308475,0.5770020533880382,0.24987126163611606,3.069395836828733,4.152712014533765,-0.8660254037844384,-0.5000000000000004,0.43388373911755823,-0.900968867902419,-0.00020901156530661602,0.0004715383860727229,0.03149359313983696,-2.9013730938199416,16,3,,,,,0.3009708737867378,LONDON_NY_OVERLAP,209.0,1.733305884327065,14.579630224938123,0.4835913312693437,-6.833919554351911,10.499139288918329,0.2828890799656004,4.343749999999911,1.8362007452628242,CORE,CORE_GATE,M1_OHLC,2,4,V15_Q2,MEDIUM,1,C,15
XAUUSD,C_DISPLACEMENT_MID_RETEST,V15_QUALITY_PRESERVING_EXPANDED,C_DISPLACEMENT_MID_RETEST|SELL|2020-02-03T06:51:00+00:00,2020-02-03 06:51:00+00:00,2020-02-03 06:52:00+00:00,SELL,UTC_06_11,0.7299116501052726,9.0,1.4598233002105452,0.6603962548572266,0.45238095238100395,1.0,0.312819278616997,,0.9037001382253874,0.49999999999994926,5.0,100.0,1.383611788329895,2.3809022872475487,0.312819278616997,,-1,-1,2,0.20854618574413777,0.3333333333322105,4.0,2.093982566131329,0.08443478089271432,1.6153846153842455,1.0412926391382,9.0,0.06951539524804592,0.6430174060448199,0.804878048780596,1.6653273613033563,0.292348507829523,0.26465903666589613,46.09264992143325,0.04243100142093681,0.09492409056759779,-0.05249308914666098,9.528167886007175,18.962190104080783,21.278592326640947,2.5641025640995743,0.18914269650987964,3.1027937842801383,-0.00011386027446658176,-0.00011069783917827536,-4.111920140192904e-05,-0.00017710477961541127,0.00026577484441081545,-0.22592503455654442,-0.9732155334742236,1.0079732310974563,0.6603962548572266,0.3448275862066262,0.0,-0.7086273166650503,-0.4978910315449669,-5.179964135644197,0.21073628512008344,-4.6820731040992305,-0.1162043019757898,0.18447991953249904,0.24514139222382958,-0.6882926899590599,0.9375884290181036,2.4504176824955946,5.908808596090227,-3.7829634422728944,-0.014690005795120142,-1.82428421937197,0.03899721448463274,1.0309768783094837,0.8233638428381226,0.4147058823528318,0.215811965811981,2.6415850194289066,3.6148005529015497,1.0,6.123233995736766e-17,0.0,1.0,4.111920140192904e-05,0.00017710477961541127,0.05249308914666098,2.316402222560164,6,0,,,,,0.0,ASIA,531.0,2.3809022872475487,43.690425913437174,0.9053301511535371,28.10159852904825,43.690425913437174,0.9053301511535371,1.737226277372481,0.3471435283712446,CORE,CORE_GATE,M1_OHLC,4,4,V15_Q2,VERY_HIGH,1,C,15
XAUUSD,A_OB_RETEST_SEQUENCE,V15_QUALITY_PRESERVING_EXPANDED,A_OB_RETEST_SEQUENCE|SELL|2020-02-03T18:42:00+00:00,2020-02-03 18:42:00+00:00,2020-02-03 18:43:00+00:00,SELL,UTC_18_23,0.49204941390525336,9.0,1.6557853293315916,0.6873071178358756,0.41509433962271436,0.8571428571429499,0.2264989365594934,,0.6404452688925689,0.6404452688925689,2.0,97.56097560970335,0.4686184894334224,0.15620616314435573,0.2264989365594934,,-1,-1,2,0.25774016918836457,0.571428571428704,7.0,0.14739057229932706,0.07369528614966353,2.019047619047165,0.9072907290728345,9.0,0.11715462235808922,0.2811710936601955,0.4117647058835069,0.3884740223497902,0.6842288411200601,0.21990295052922704,56.55525077060045,0.5067076820803322,0.5104827928875002,-0.0037751108071679695,31.311425298151445,19.00592580976985,10.913465084244452,62.124711316399534,0.6803789848091236,4.152415831979175,-0.0003231662690453829,-0.0002661521059286187,-5.387555380897968e-05,0.0008247030276116174,0.0016348687343257229,-0.13277523867287996,2.0306801208784004,1.0934431420112005,0.6873071178358756,0.22857142857128007,0.14285714285705006,0.570203093735678,1.9516074461169717,2.055395413566897,1.3814043523812936,0.10378796744992551,0.5636136435208576,1.0434867374664727,2.556324788427145,0.9607689228306685,1.0567929127381617,2.3274718308530318,5.326630163227503,-9.093180377425114,-0.06865453206130129,-1.0616033251160424,0.19246519246522167,0.8390296249335142,0.9534112926973972,0.4369501466275582,0.32375898472591913,1.2808905377847826,7.302638127005557,-1.0,-1.8369701987210297e-16,0.0,1.0,5.387555380897968e-05,-0.0008247030276116174,0.0037751108071679695,-8.092460725525397,18,0,0.5365853658536179,0.9007201640502848,,,,NEW_YORK,342.0,0.9528575951816356,35.55252273168804,0.6353251318101889,17.440418115083123,19.635114707263632,1.1503579952267182,13.606557377046638,1.4036732564008247,CORE,CORE_GATE,M1_OHLC,4,4,V15_Q2,VERY_HIGH,1,A,15
XAUUSD,C_DISPLACEMENT_MID_RETEST,V15_QUALITY_PRESERVING_EXPANDED,C_DISPLACEMENT_MID_RETEST|SELL|2020-02-03T18:42:00+00:00,2020-02-03 18:42:00+00:00,2020-02-03 18:43:00+00:00,SELL,UTC_18_23,0.49204941390525336,9.0,1.6557853293315916,0.6873071178358756,0.41509433962271436,0.8571428571429499,0.2264989365594934,,0.6404452688925689,0.5000000000002469,2.0,100.0,0.3592040362632191,0.15620616314435573,0.2264989365594934,,-1,-1,2,0.25774016918836457,0.571428571428704,7.0,0.14739057229932706,0.07369528614966353,2.019047619047165,0.9072907290728345,9.0,0.11715462235808922,0.2811710936601955,0.4117647058835069,0.3884740223497902,0.6842288411200601,0.21990295052922704,56.55525077060045,0.5067076820803322,0.5104827928875002,-0.0037751108071679695,31.311425298151445,19.00592580976985,10.913465084244452,62.124711316399534,0.6803789848091236,4.152415831979175,-0.0003231662690453829,-0.0002661521059286187,-5.387555380897968e-05,0.0008247030276116174,0.0016348687343257229,-0.13277523867287996,2.0306801208784004,1.0934431420112005,0.6873071178358756,0.22857142857128007,0.14285714285705006,0.570203093735678,1.9516074461169717,2.055395413566897,1.3814043523812936,0.10378796744992551,0.5636136435208576,1.0434867374664727,2.556324788427145,0.9607689228306685,1.0567929127381617,2.3274718308530318,5.326630163227503,-9.093180377425114,-0.06865453206130129,-1.0616033251160424,0.19246519246522167,0.8390296249335142,0.9534112926973972,0.4369501466275582,0.32375898472591913,1.2808905377847826,7.302638127005557,-1.0,-1.8369701987210297e-16,0.0,1.0,5.387555380897968e-05,-0.0008247030276116174,0.0037751108071679695,-8.092460725525397,18,0,,,,,0.4528301886792857,NEW_YORK,342.0,0.7029978731191102,35.55252273168804,0.6353251318101889,17.440418115083123,19.635114707263632,1.1503579952267182,18.442604219368526,1.4036732564008247,CORE,CORE_GATE,M1_OHLC,4,4,V15_Q2,VERY_HIGH,2,A+C,15
XAUUSD,A_OB_RETEST_SEQUENCE,V15_QUALITY_PRESERVING_EXPANDED,A_OB_RETEST_SEQUENCE|SELL|2020-02-03T19:46:00+00:00,2020-02-03 19:46:00+00:00,2020-02-03 19:47:00+00:00,SELL,UTC_18_23,0.6532777584282854,7.0,0.9739777489295812,1.045244413485905,1.0731707317078312,1.0,0.1068999968339453,,0.6413999810025915,0.6413999810025915,2.0,100.0,1.0571221909115986,1.8054221687481355,0.1068999968339453,,1,-1,1,0.08314444198201748,0.7272727272724141,5.0,2.431859817842981,0.5722023100808058,1.188405797100542,0.9328263624841115,7.0,0.3444555453532236,1.1521444103198502,0.5396825396826771,0.002750061656053175,0.5676060160448925,-0.0014124252354150294,44.938080506897634,-0.12629352610952083,-0.14034655378026006,0.014053027670739238,21.030738875194828,17.654341790620403,19.936828246689462,27.272727272717383,0.19159672908078204,1.9045066933436943,-0.00028852708508375624,-7.294015418912725e-05,-4.122835115139001e-05,-9.514536626120673e-06,-0.00030437539632210964,-0.15441110653780096,-0.03563333227762168,1.1877777425974718,1.045244413485905,0.11999999999989086,0.0,-0.6539451391673391,-1.2131266237712819,-0.7822868235672429,-0.5591814846039428,0.4308398002040391,-0.2289664520507451,-0.3065736594451375,-2.746406613755662,1.0940055694281212,0.8929910179841208,2.4824554820283486,3.4801887858103977,0.2179147715846952,-0.02170114946682944,-1.6154722871710625,0.04782146652495022,0.8228345886383888,0.7371800964310858,0.7133105802047125,0.35692060624301924,7.8036997688655845,1.6747666170622624,-0.9659258262890684,0.2588190451025203,0.0,1.0,4.122835115139001e-05,9.514536626120673e-06,-0.014053027670739238,2.2824864560690585,19,0,0.7407407407409591,0.35112414482224547,,,,NEW_YORK,406.0,1.8054221687481355,54.06764284303743,0.6838752196836514,29.148065803341915,29.86073244890083,1.238265712012717,9.467105263158224,1.077621514050409,CORE,CORE_GATE,M1_OHLC,3,4,V15_Q2,HIGH,1,A,15
XAUUSD,C_DISPLACEMENT_MID_RETEST,V15_QUALITY_PRESERVING_EXPANDED,C_DISPLACEMENT_MID_RETEST|SELL|2020-02-03T19:50:00+00:00,2020-02-03 19:50:00+00:00,2020-02-03 19:51:00+00:00,SELL,UTC_18_23,0.7016932231777441,11.0,1.046160805465148,0.5613545785425433,0.5365853658539156,0.7096774193550517,0.3572256408909204,,0.6889351645748077,0.5000000000002586,6.0,100.0,1.8933538453436525,2.181628021153751,0.3572256408909204,,-1,-1,2,0.08930641022287514,0.7272727272724141,5.0,2.431859817842981,0.5722023100808058,1.188405797100542,0.9328263624841115,11.0,0.12758058603226435,1.4799347979760071,0.8412698412700133,0.010250478539242986,0.5676060160448925,0.005264450697032006,44.02912049579407,-0.13946962274326324,-0.1375876596806255,-0.0018819630626377426,18.5833088510439,14.098152585556821,18.958445730664124,18.181818181804335,0.15714900982652608,2.2103733188856842,-0.00015222003405923612,-6.977326859214372e-05,-0.0003487690039474245,-0.00015222003405923612,-0.00044701451370532386,-1.4033864463560684,-0.6123868129554491,0.7909996334006192,0.5613545785425433,0.0,0.29032258064494837,-0.7186120872461249,-1.3557455321148577,-1.0505748209612096,-0.6371334448687328,0.3051707111536483,-0.30013899232581365,-0.4607443405657472,-2.6802447258244317,-1.256557930347828,0.8627630065519326,2.4240311346147636,3.7381111707485366,-1.147596997376482,-0.008048232290969876,-1.553645150845778,0.027522935779844264,0.8320881479297406,0.6877887679872456,0.6484641638224378,0.42091212458263133,8.624447615789194,1.5564831495947855,-0.9659258262890684,0.2588190451025203,0.0,1.0,0.0003487690039474245,0.00015222003405923612,0.0018819630626377426,4.860293145107303,19,0,,,,,0.9268292682921689,NEW_YORK,410.0,2.181628021153751,58.07468276194011,0.688049209138837,31.550678925807695,32.07375932854085,1.24582338902147,8.304093567251446,1.0363543996934075,CORE,CORE_GATE,M1_OHLC,3,4,V15_Q2,HIGH,2,A+C,15
XAUUSD,B_FVG_RETEST_SEQUENCE,V15_QUALITY_PRESERVING_EXPANDED,B_FVG_RETEST_SEQUENCE|SELL|2020-02-11T03:15:00+00:00,2020-02-11 03:15:00+00:00,2020-02-11 03:16:00+00:00,SELL,UTC_00_05,1.3123981177425637,13.0,1.9089427167169495,2.59828314219802,1.3611111111110847,0.8928571428570486,0.03976963993186686,0.6098011456179395,1.0605237315090146,0.6098011456179395,11.0,100.0,2.0680212764432113,3.1948277411718027,0.03976963993186686,,-1,-1,2,0.7556231587006476,0.4230769230768446,2.0,4.343678376489765,1.031623614416057,2.7169811320757145,1.6721804511279292,13.0,0.03976963993186686,1.524502864044246,0.9491525423725353,1.4286776787883897,0.5055449819029738,0.4158063157150313,43.86298573499023,0.0473714667166405,0.012242797531855434,0.035128669184785064,15.37795274754958,24.60601106268593,33.218717727995184,30.346820809253494,0.24530155584924002,3.9374318007827975,-0.0006266780338216593,-0.0005058571255862621,-0.00032775200310564134,-0.0004295341304637601,-0.0003023032324169783,-1.3654243043179843,-1.7896337969219518,2.9694664482265667,2.59828314219802,0.017857142857124732,0.1071428571429514,-1.0263026837183178,-1.1713649920114566,-3.7073702068235566,-0.14506230829313876,-2.5360052148121,0.3516560207147971,-0.03101050109821624,-0.8586481405547225,2.813911833682568,1.4758783464232887,3.5394979539126394,4.5867651387781,-15.59247620538607,-0.024148573575388722,0.08604692103720524,0.13842975206609912,1.5702351028122343,1.857821065008233,0.7716763005780477,0.6440476190479952,3.1948277411718027,1.3919373976062974,0.7071067811865475,0.7071067811865476,0.7818314824680298,0.6234898018587336,0.00032775200310564134,0.0004295341304637601,-0.035128669184785064,8.612706665309254,3,1,,,0.3194444444444576,1.0,,ASIA,315.0,3.1948277411718027,7.277844107482805,0.8087431693988664,3.711833060282455,7.277844107482805,0.8087431693988664,0.4356846473030063,0.651032315978456,CORE,CORE_GATE,M1_OHLC,4,4,V15_Q2,VERY_HIGH,1,B,15
XAUUSD,A_OB_RETEST_SEQUENCE,V15_QUALITY_PRESERVING_EXPANDED,A_OB_RETEST_SEQUENCE|SELL|2020-02-11T05:06:00+00:00,2020-02-11 05:06:00+00:00,2020-02-11 05:07:00+00:00,SELL,UTC_00_05,0.7856712968285812,5.0,1.1880883025214817,0.19162714556696894,0.1612903225797934,0.8999999999979537,1.1880883025214817,0.28744071835219626,1.3030645898630573,1.3030645898630573,3.0,58.82352941175291,0.11497628734157563,0.7665085822713614,1.1880883025214817,,-1,-1,2,0.019162714557219743,0.031249999999267253,2.0,2.652288710382468,0.6775920063028487,1.1923076923080456,0.8309859154928664,5.0,1.1880883025214817,0.34492886202211265,-0.5500000000002557,2.2131113992704163,1.1391915779435582,0.7948982556605788,50.593164315022314,-0.06595044553523621,-0.1297739051484171,0.0638234596131809,21.843649234137757,26.831399708299084,25.140847832121473,68.70748299320023,0.7181082010665812,4.094217888093753,-2.8700352376453964e-05,0.00030943061576693687,6.378079815405613e-06,0.000239233686655016,-0.0003315480744707777,0.03832542911443949,1.4372035917601098,0.3832542911365521,0.19162714556696894,0.40000000000136426,0.10000000000204637,0.33835340959737076,-1.2630562212370575,-8.446740690406044,-1.601409630834428,-7.183684469168987,-0.05135985948563858,-0.7698455060854313,-1.166918611083136,0.6207973073900839,1.0002445225461252,2.816919039850303,5.882953368938363,11.739622625610053,0.018097708205478957,-4.800272910815565,0.22871452420696708,0.9793434355327242,0.9559520235276667,0.4788273615635753,0.38005738880980555,8.335780832208462,3.6217530512361042,0.9659258262890683,0.25881904510252074,0.7818314824680298,0.6234898018587336,-6.378079815405613e-06,-0.000239233686655016,-0.0638234596131809,-1.6905518761776115,5,1,0.7352941176467441,1.4326230990383968,,,,ASIA,426.0,0.881484869612937,23.301860901070302,0.8445723684210238,16.537422662519003,23.301860901070302,0.8445723684210238,4.108695652174299,1.1520909273557016,CORE,CORE_GATE,M1_OHLC,2,4,V15_Q2,MEDIUM,1,A,15
XAUUSD,B_FVG_RETEST_SEQUENCE,V15_QUALITY_PRESERVING_EXPANDED,B_FVG_RETEST_SEQUENCE|SELL|2020-02-11T05:12:00+00:00,2020-02-11 05:12:00+00:00,2020-02-11 05:13:00+00:00,SELL,UTC_00_05,0.8997458779853373,11.0,1.3605913276853878,0.6144605996003998,0.4516129032262087,0.839999999999236,0.021945021413765378,0.32917532121446424,1.4922614561719718,0.32917532121446424,9.0,100.0,1.4044813705139165,2.2164471628421962,0.021945021413765378,,-1,-1,2,0.021945021414763323,0.031249999999267253,2.0,2.652288710382468,0.6775920063028487,1.1923076923080456,0.8309859154928664,11.0,0.021945021413765378,1.316701284856859,0.9672131147548562,2.31279584192354,1.1391915779435582,0.7983428037175223,43.04026401365255,-0.049365665503273704,-0.06327528771852017,0.01390962221524647,16.97635512009023,19.823143462548117,30.503855645038882,27.21088435374297,0.14232551362320575,2.518611652124599,-8.930194582568163e-05,-0.0001881533545510239,-0.00014032446844136626,-0.0001275693259555899,-0.0004495370724615366,-0.9655809422286294,-0.877800856571572,1.0972510707142156,0.6144605996003998,0.27999999999883585,0.16000000000076398,-0.9308672636730311,-2.393342751654687,-10.426999979560916,-1.462475487981656,-8.033657227906229,-0.021671667584425704,-0.7181122787257226,-1.9158319918746285,-0.2985368162391772,0.877093443940977,2.9845229123429458,6.078770931757712,-7.235064945298227,-0.0401321158707436,-0.8942537543698812,0.09278350515459471,0.9792071326399004,0.8543311358938466,0.4909747292418458,0.3326984126989524,6.978516809742051,2.808962741028831,0.9659258262890683,0.25881904510252074,0.7818314824680298,0.6234898018587336,0.00014032446844136626,0.0001275693259555899,-0.01390962221524647,10.680712182490765,5,1,,,0.24193548387115701,1.0,,ASIA,432.0,2.2164471628421962,26.685146039769403,0.8947368421052454,20.277199786798224,26.685146039769403,0.8947368421052454,1.267326732673762,1.086138442948386,CORE,CORE_GATE,M1_OHLC,3,4,V15_Q2,HIGH,2,A+B,15
XAUUSD,A_OB_RETEST_SEQUENCE,V15_QUALITY_PRESERVING_EXPANDED,A_OB_RETEST_SEQUENCE|SELL|2020-02-12T02:55:00+00:00,2020-02-12 02:55:00+00:00,2020-02-12 02:56:00+00:00,SELL,UTC_00_05,2.131506849402146,5.0,0.8441611284755272,0.8019530720517508,0.95,0.8076923076923077,0.612016818145237,,1.0129933541706326,1.0129933541706326,2.0,45.8333333332386,2.19481893403829,3.6298928524476457,0.612016818145237,,1,-1,1,0.27435236675502617,0.015624999999633626,3.0,3.112097882736853,0.12531937782823402,1.1111111111104093,1.428571428571294,5.0,0.16883222569606512,0.4431845924501316,0.4482758620671271,0.0013705443067183285,0.3603428578225999,-0.00047354468593567334,44.798501900671745,0.042591403093865665,0.10109909448247612,-0.05850769138861045,24.910773920877574,19.487698625637922,19.463768932760825,5.235602094236475,0.2125536156184921,3.891207390338877,-9.88599218687547e-05,-0.00016581844156171588,-0.00018494780007782818,-4.145976648572969e-05,5.1032124722683037e-05,-1.224033636290474,-0.2743523667540665,1.0974094670181853,0.8019530720517508,0.07692307692307693,0.19230769230769232,-0.9887962749952248,-0.2239447837567609,0.2899462448741237,0.764851491238464,0.5138910286308845,-0.27242049490892006,0.5785829965991978,0.2998055682801807,1.2319501926519487,0.9587714178665379,4.0308693884740014,4.178597585957698,-6.098980361331677,-0.04049406559682439,-4.662363284127384,0.050656660412759576,1.0215131988118773,0.9229518463559818,0.9646464646463824,0.31965811965813,3.8198291063551193,5.0649667708579615,0.49999999999999994,0.8660254037844387,0.9749279121818236,-0.22252093395631434,0.00018494780007782818,4.145976648572969e-05,0.05850769138861045,-0.023929692877096898,2,2,0.3750000000009474,0.31329844457106,,,,ASIA,295.0,3.6298928524476457,13.886450563434899,0.27507598784194,-0.6542248745690133,13.886450563434899,0.27507598784194,2.7732558139538006,0.6782287444199292,CORE,CORE_GATE,M1_OHLC,2,4,V15_Q2,MEDIUM,1,A,15
XAUUSD,A_OB_RETEST_SEQUENCE,V15_QUALITY_PRESERVING_EXPANDED,A_OB_RETEST_SEQUENCE|SELL|2020-02-20T04:30:00+00:00,2020-02-20 04:30:00+00:00,2020-02-20 04:31:00+00:00,SELL,UTC_00_05,0.5893289473238322,4.0,0.9944925986098044,0.8103273025711069,0.8148148148149708,1.0,0.47882976970061375,0.036833059208577004,0.6629950657393113,0.6629950657393113,3.0,88.88888888888889,0.0,1.5469884867258972,0.47882976970061375,12.63373930826638,-1,1,1,0.11049917762405603,0.36363636363636365,1.0,1.7176083425593685,0.6347683005112925,1.199999999999798,0.7649402390437099,4.0,0.14733223683179555,0.09208264801893006,-0.2307692307740742,0.24898662779805691,0.5110476779950213,-0.11484962704989386,52.21216170730358,0.19223213237341952,0.24195360855319908,-0.04972147617977957,22.877613891581504,23.28317922083137,19.028752933853003,40.84507042256002,0.4343111349079852,3.7988778734852744,-0.00015220274648297671,2.4853828421766977e-05,-0.00022983936092246804,-8.076641111343097e-05,0.00018021825051595108,-1.362823190688037,-0.47882976970061375,1.4733223683104182,0.8103273025711069,0.4499999999997442,0.0,-0.037677997713210815,1.461493359313108,1.3301691010864034,1.499171357026319,-0.13132425822670468,0.22555296102785016,1.0660610582429781,2.939918305474361,0.10004238269233597,0.734143452542259,1.6943207235576927,4.806714226613776,-0.321828090662315,-0.01981625785529456,-2.6583711635970317,0.12609970674486687,0.704181607189478,0.6468247141893837,0.3524904214560107,0.4251207729469948,1.5469884867258972,9.797593749267923,0.8660254037844386,0.5000000000000001,0.43388373911755823,-0.900968867902419,0.00022983936092246804,8.076641111343097e-05,0.04972147617977957,-4.254426286978369,4,3,0.7222222222234854,0.7467862358954883,,,,ASIA,390.0,1.5469884867258972,25.32272820534395,0.5010909090908998,6.040621710075143,25.32272820534395,0.5010909090908998,8.166666666669824,0.9139899870619339,CORE,CORE_GATE,M1_OHLC,3,4,V15_Q2,HIGH,1,A,15
XAUUSD,C_DISPLACEMENT_MID_RETEST,V15_QUALITY_PRESERVING_EXPANDED,C_DISPLACEMENT_MID_RETEST|SELL|2020-02-20T10:11:00+00:00,2020-02-20 10:11:00+00:00,2020-02-20 10:12:00+00:00,SELL,UTC_06_11,0.4678072983483885,5.0,1.9582631093642198,0.9138561177033685,0.46666666666670037,0.9545454545455015,0.3590149033833248,,0.6745128487808221,0.587478932809167,4.0,100.0,1.131440907633001,1.914746151378392,0.3590149033833248,,-1,-1,2,0.09791315546835941,0.27777777777869006,1.0,1.751923750578954,0.28686470769726125,2.249999999999716,0.9120370370371684,5.0,0.4895657773413023,0.4242903403620662,-0.07142857142903547,0.6985902655957186,0.16087635104094572,0.09625543278016419,53.64846974925577,0.35899161004522284,0.38492514237142833,-0.02593353232620549,32.328564865175004,24.359568533149332,18.236009174871853,56.10972568578248,0.5557021734570601,5.371048696763382,-0.0002580308206934223,-5.286053215014519e-05,-0.0003854426995908433,0.0006160815965849942,0.0003670683680390141,-1.3490256975616441,2.1540894203009384,0.957373075689196,0.9138561177033685,0.0,0.04545454545449848,0.15826100666527404,1.1928479300632573,0.08905188730623131,1.0345869233979832,-1.103796042757026,0.367475102700009,0.9805881047013979,2.9834249698135653,-1.2465378262539997,0.9329632378053503,2.4043119287196943,4.775986138949276,-3.152193932392912,-0.0560826714006592,-2.675906988981133,0.1609977324263008,0.9656274970512193,1.0715833035182512,0.5034168564921017,0.5224531024532174,1.914746151378392,8.70339159717343,0.49999999999999994,-0.8660254037844387,0.43388373911755823,-0.900968867902419,0.0003854426995908433,-0.0006160815965849942,0.02593353232620549,-6.123559358277479,10,3,,,,,0.5000000000002527,LONDON,131.0,1.914746151378392,19.528234896157684,0.5543175487465135,6.897437840760102,14.958954307641832,0.7236363636363504,2.159090909090745,1.1725010182426205,CORE,CORE_GATE,M1_OHLC,4,4,V15_Q2,VERY_HIGH,1,C,15
XAUUSD,A_OB_RETEST_SEQUENCE,V15_QUALITY_PRESERVING_EXPANDED,A_OB_RETEST_SEQUENCE|SELL|2020-02-25T18:17:00+00:00,2020-02-25 18:17:00+00:00,2020-02-25 18:18:00+00:00,SELL,UTC_18_23,0.9825465449891682,7.0,0.931248934206563,0.2525420838525634,0.27118644067789754,0.8800000000001091,0.6826528204141034,,1.0890877366144824,1.0890877366144824,3.0,73.18840579711147,1.392927431249651,2.205797263650229,0.6826528204141034,,1,-1,1,0.34329939523710357,0.2090395480226678,4.0,2.134679782028798,0.7188955966969766,0.8740740740740329,1.02214156079852,7.0,0.035513730541651765,0.4735164072237582,0.8604651162795454,0.6377787939850134,0.03637221646435099,-0.02048253910860335,44.129818037551665,-0.14030119585277134,0.06653335644870886,-0.2068345523014802,16.374292030443108,12.51711550167699,20.680304281982526,10.906298003073152,0.24938052804255906,2.8395866242889882,-0.00018131489562300818,6.95214806261113e-05,-0.0002447595765960875,-0.00012088390309950015,0.0005050062142979428,-0.31962357487594256,-0.1578388024079194,0.5918955090295631,0.2525420838525634,0.4533333333335274,0.11999999999989086,-0.6371971465528076,-0.3639626838786679,1.43918591848437,0.2732344626741397,1.803148602363038,-0.3059009014326495,0.10829374032704286,-0.5899062499843194,0.3329910391393052,0.9583159717714747,2.5688265091882108,4.439216317721724,1.0334625459405657,0.0007494631422355347,1.7655715505180254,0.0762148337596075,0.9946412437805626,0.9691182371192256,0.5786666666666457,0.29314203091978985,3.3619664912879115,1.8309301079313984,-1.0,-1.8369701987210297e-16,0.7818314824680298,0.6234898018587336,0.0002447595765960875,0.00012088390309950015,0.2068345523014802,8.163188780305536,18,1,0.1521739130434926,0.3851226410877256,,,,NEW_YORK,317.0,2.205797263650229,20.278340139352782,0.1778556139326697,2.6714217307534214,12.690239713593776,0.28420398009949976,4.118067978532984,1.7661664054483746,CORE,CORE_GATE,M1_OHLC,1,4,V15_Q2,LOW,1,A,15
XAUUSD,C_DISPLACEMENT_MID_RETEST,V15_QUALITY_PRESERVING_EXPANDED,C_DISPLACEMENT_MID_RETEST|SELL|2020-02-26T19:29:00+00:00,2020-02-26 19:29:00+00:00,2020-02-26 19:30:00+00:00,SELL,UTC_18_23,0.9858732453891887,10.0,1.7145621658940082,0.58938074452605,0.3437499999999911,0.7638888888887968,0.2786163519580261,,1.0394533130733308,0.5143686497682511,6.0,70.8333333333136,1.33950169210477,2.0789066261466616,0.2786163519580261,,1,-1,1,0.34291243317899656,0.1294964028778979,4.0,2.199643628558421,0.086448876231258,1.6243654822333877,1.0127826941986782,10.0,0.2786163519580261,0.28933236549461083,0.018867924527848568,0.22857716748849122,0.5360587840196785,-0.11009184573092111,50.72291022780613,0.25011282101513643,0.42845779480881563,-0.1783449737936792,21.277538200077107,24.7268678093531,19.49605908967922,20.779220779227256,0.370092824104686,3.2397858606226038,-0.0003287751299879682,0.00020102461637794278,0.00033203868707643025,6.090801671310153e-05,0.001301999957311395,0.5840227377577577,0.10716013536828414,0.7715529746523768,0.58938074452605,0.0,0.23611111111120323,-0.1015870354992191,0.9591720477190879,3.1199254838428194,1.060759083218307,2.1607534361237315,-0.031148089528139633,0.5011301211640693,1.4779870386363099,0.12675078217115546,1.0460061451265,2.1164126735256827,5.984893560324151,1.7138323384908105,0.10107183831638511,-1.2703507569229053,0.06146179401991561,1.0967618076692391,1.0269236101751413,0.3536257833482764,0.39834221604302855,2.9415457158619582,5.577685045924184,-0.9659258262890684,0.2588190451025203,0.9749279121818236,-0.22252093395631434,-0.00033203868707643025,-6.090801671310153e-05,0.1783449737936792,-5.2308087196738775,19,2,,,,,0.4374999999999112,NEW_YORK,389.0,2.0789066261466616,32.36771888801958,0.4335374937924129,-3.868480886798712,11.905491039427332,0.39558955895588943,3.4613402061855445,1.1371691262272927,CORE,CORE_GATE,M1_OHLC,1,4,V15_Q2,LOW,1,C,15
XAUUSD,C_DISPLACEMENT_MID_RETEST,V15_QUALITY_PRESERVING_EXPANDED,C_DISPLACEMENT_MID_RETEST|SELL|2020-02-27T22:48:00+00:00,2020-02-27 22:48:00+00:00,2020-02-27 22:49:00+00:00,SELL,UTC_18_23,1.1823541146825534,15.0,1.3137267940918642,0.821079246307384,0.6249999999999764,0.666666666666787,0.2901146670287186,,0.842974692875561,0.4999999999999031,12.0,100.0,2.016178719808608,2.6931399278882595,0.2901146670287186,,-1,-1,2,0.5145429943526572,0.03870967741932077,3.0,3.081962610921212,0.33200003735545425,1.6551724137933739,1.136423841059626,15.0,0.07116020134669969,0.6075986422675339,0.7903225806450254,1.0127845024744755,0.5653621345070405,0.3926164389870766,41.65860113888432,0.000871235711429108,0.05608452327295825,-0.05521328756152914,15.484392277409384,19.835566027572145,37.00267227005071,51.50571131879523,0.17113473208748348,3.9381345215622154,-0.0004421594457454381,-0.0011031439602867676,-0.0010940118848088431,-0.000554923728477652,-0.0001311639427271638,-1.965116329495752,-0.9962428188530489,1.3794131337963953,0.821079246307384,0.07142857142868743,0.333333333333213,-1.2138295845858227,-1.4991411010940738,-4.023204895806066,-0.2853115165082512,-2.5240637947119926,0.016183478453692293,0.013037843624193812,-1.3766713938172876,0.6790778934573621,1.1361838236738435,3.0160977647689946,5.479335503691396,-12.892918251903552,-0.22490615466199249,1.0884138857077268,0.0314519603619333,1.0335485265337077,1.0837944434131501,0.5504495504495148,0.19960156802253307,4.915527754560465,2.7150353744564364,-0.5000000000000004,0.8660254037844384,0.43388373911755823,-0.900968867902419,0.0010940118848088431,0.000554923728477652,0.05521328756152914,17.167106242478564,22,3,,,,,0.3500000000002369,ASIA,48.0,2.6931399278882595,26.20884954213176,0.8964076858813695,2.4906070471324977,13.082529324497703,1.1292887029288758,1.0081300813008054,0.9877799929635276,CORE,CORE_GATE,M1_OHLC,3,4,V15_Q2,HIGH,1,C,15
XAUUSD,C_DISPLACEMENT_MID_RETEST,V15_QUALITY_PRESERVING_EXPANDED,C_DISPLACEMENT_MID_RETEST|SELL|2020-02-28T04:13:00+00:00,2020-02-28 04:13:00+00:00,2020-02-28 04:14:00+00:00,SELL,UTC_00_05,0.6882882333069374,13.0,1.1609681043733249,0.6302398280885164,0.5428571428572635,0.7037037037039532,0.25707150882583707,0.3068272847271254,1.127797587105548,0.4999999999997925,12.0,100.0,1.8646204758229588,2.28047306216174,0.25707150882583707,,-1,-1,2,0.8375555610123109,0.2589285714285642,1.0,1.9788602872284484,0.39577205744604377,1.0144927536233412,0.8785046728971515,13.0,0.024877887950644165,0.10780418112046367,0.6250000000028422,0.17122844375160762,0.33420369046238624,0.05465263054978441,42.67431119174617,-0.19772472709382782,-0.22723408273838147,0.029509355644553648,14.664056740203893,16.88966386985951,25.95186816548383,19.82507288629355,0.13177356702835566,1.9637842688326235,-0.00023145398786095228,-0.0003014781565371383,-0.0003288762481310492,-0.00040193048429582046,-0.0010680574742724103,-0.895603966230732,-1.094627069837771,0.895603966230732,0.6302398280885164,0.0,0.29629629629604676,-0.8521349529777781,-1.7808202229155377,-3.2524330645223585,-0.9286852699377595,-1.4716128416068208,-0.15771033916684954,-0.49929968733228924,-2.3385709369934866,-0.5481011293915664,0.6428946898091973,1.7414521565597987,4.635579788175789,-4.950564416588726,-0.03301773389064816,-0.2085573233840421,0.10367892976586772,0.6185634615633719,0.6739501500568851,0.37567084078712437,0.43930597263921517,9.17994065386538,2.4629109071348902,0.8660254037844386,0.5000000000000001,-0.433883739117558,-0.9009688679024191,0.0003288762481310492,0.00040193048429582046,-0.029509355644553648,9.06220429562432,4,4,,,,,0.7142857142859926,ASIA,373.0,2.28047306216174,16.054530357619132,0.8465909090909005,1.1775533630072132,16.054530357619132,0.8465909090909005,1.0800000000000927,1.016969322218787,CORE,CORE_GATE,M1_OHLC,3,4,V15_Q2,HIGH,1,C,15
XAUUSD,C_DISPLACEMENT_MID_RETEST,V15_QUALITY_PRESERVING_EXPANDED,C_DISPLACEMENT_MID_RETEST|SELL|2020-03-02T19:00:00+00:00,2020-03-02 19:00:00+00:00,2020-03-02 19:01:00+00:00,SELL,UTC_18_23,0.9134980975572811,6.0,1.2604857470168787,0.4107200748706756,0.3258426966292192,0.8823529411759592,0.02124414180379999,,0.8072773885392471,0.49999999999992895,6.0,100.0,0.38024287350847485,0.6514870153119173,0.02124414180379999,,-1,-1,2,0.34698764945959765,0.11235955056171164,0.0,1.2199009334178907,0.609950466709257,1.4957983193277342,0.8977709454265951,6.0,0.028325522405173994,0.6727311571157173,0.9191919191910934,0.6402802150292454,0.4332736061399595,0.23058706747875862,55.22343416364835,0.27817142860635613,0.3235110506634117,-0.04533962205705555,14.345471655429403,24.488148889802222,19.144486980532864,63.26963906581731,0.6055350595120703,3.5663539746379733,-0.0001910596607281878,0.0006206643616404328,0.0006708527039438472,0.0004952155284545512,0.0015248254765078961,1.5154154486608684,1.118858134992941,0.4815338808831275,0.4107200748706756,0.029411764705843016,0.1176470588240408,0.6105715416819711,1.1782123982952635,-0.36822419550259594,0.5676408566132922,-1.5464365937978592,0.07579670586678317,0.4191641414634022,1.4492027372305232,-1.3763700018052076,0.7185261427994656,3.3353302631743786,5.077349891074385,7.672568525234652,0.12755242103304176,-1.1498740317353402,0.17573483427140363,0.6333700629957774,0.6026022113791445,0.656903765690375,0.6426480295090057,3.83102690525961,6.529032914324497,-0.9659258262890684,0.2588190451025203,0.0,1.0,-0.0006708527039438472,-0.0004952155284545512,0.04533962205705555,-5.343661909269358,19,0,,,,,0.966292134831742,NEW_YORK,360.0,0.6514870153119173,50.45483678368846,0.4197894736842085,-20.139446429868105,44.23738461581765,0.3382423563310345,44.934782608714464,1.110610344607666,CORE,CORE_GATE,M1_OHLC,2,4,V15_Q2,MEDIUM,1,C,15
XAUUSD,A_OB_RETEST_SEQUENCE,V15_QUALITY_PRESERVING_EXPANDED,A_OB_RETEST_SEQUENCE|SELL|2020-03-03T02:45:00+00:00,2020-03-03 02:45:00+00:00,2020-03-03 02:46:00+00:00,SELL,UTC_00_05,0.6764219211212442,8.0,0.8775203301035278,0.6764219211212442,0.7708333333330768,1.0,0.45704183859557007,,0.6215769004902413,0.6215769004902413,4.0,35.29411764714537,1.1974496171203437,2.4588850916442166,0.45704183859557007,,-1,-1,2,0.694703594665466,0.06999999999993634,4.0,2.103575115385067,0.15976519863670258,0.8971962616821397,0.8531855955680206,8.0,0.0457041838593076,0.2010984089822836,0.6296296296316257,0.20068420858163305,0.7787374757533917,0.1291137029629248,44.6788868104264,-0.026514222922742192,0.04152306973978871,-0.0680372926625309,8.708173687126347,17.625296445361997,21.110883298033166,14.53488372092808,0.17359189917009488,2.726220511939268,-0.00022917131026345405,-0.00010675039246477169,-0.0003829397215212582,-5.6517752854201575e-05,-0.00021347799606963314,-1.1151820861734236,-0.16453506189467126,0.8592386565601373,0.6764219211212442,0.21276595744746726,0.0,-0.7761551106152736,-0.5384083922207441,-0.10125524269821905,0.23774671839452952,0.43715314952252504,-0.2282401431520064,0.1317550948667159,-0.6168927901050208,0.019817636030899855,0.7946615107974315,2.943349440555704,3.1444478495379875,-1.8069577732775457,-0.009326261916499767,-0.177406159199073,0.023295944779983625,0.8231767918201649,0.8022440287595388,0.9360465116278425,0.49555555555558556,3.0256169715030397,1.9469982324172281,0.49999999999999994,0.8660254037844387,0.7818314824680298,0.6234898018587336,0.0003829397215212582,5.6517752854201575e-05,0.0680372926625309,3.485586852671169,2,1,0.11764705882337206,0.47929559591051135,,,,ASIA,285.0,2.4588850916442166,7.586894520686629,0.3987951807229311,-3.007335297958818,7.586894520686629,0.3987951807229311,1.855018587360476,0.5176481409091954,CORE,CORE_GATE,M1_OHLC,4,4,V15_Q2,VERY_HIGH,1,A,15
XAUUSD,C_DISPLACEMENT_MID_RETEST,V15_QUALITY_PRESERVING_EXPANDED,C_DISPLACEMENT_MID_RETEST|SELL|2020-03-05T01:54:00+00:00,2020-03-05 01:54:00+00:00,2020-03-05 01:55:00+00:00,SELL,UTC_00_05,1.125246864590236,19.0,2.5783802327701104,0.40240616349622077,0.15606936416196898,1.0,0.09687555787872608,,1.371161742282465,0.7735140698306943,14.0,100.0,0.9024330814693693,1.3860656742637814,0.09687555787872608,,-1,-1,2,0.08197162589740968,0.0,5.0,2.1699074533180607,1.0786458561552046,3.117117117116792,1.411583011583016,19.0,0.04471179594361035,0.21610701372925734,0.6571428571452329,0.5689103519504709,0.4115633091787629,0.20057455709084593,50.87042732016923,0.1240480686601586,0.01738827838606702,0.10665979027409159,16.508231017217778,23.440797940730114,22.99040379277076,67.48971193415568,0.5409313706012714,4.715354416991818,-0.00017096156722917755,-0.0005462613143230044,3.0535003801679395e-05,-0.0004700036928863005,3.969586857621721e-05,0.07451965990658203,-1.1476027625627188,0.6110612112346504,0.40240616349622077,0.3414634146337676,0.0,0.07879676358363334,0.21187870936404013,-0.8615361511159917,0.1330819457804068,-1.073414860480032,0.512342732039184,0.11061633305413861,0.39524577758626267,0.4267343984876525,1.0568857174842727,4.009157702977502,6.185131772251731,-9.404791541724826,-0.041777052432739575,-2.712345694931514,0.09977578475338127,1.3523192690025847,1.3785191744785166,0.6481927710843169,0.25802469135807204,2.518764504844845,5.365415513278651,0.25881904510252074,0.9659258262890683,0.43388373911755823,-0.900968867902419,-3.0535003801679395e-05,0.0004700036928863005,-0.10665979027409159,-0.4503941479593543,1,3,,,,,0.9248554913291546,ASIA,234.0,1.3860656742637814,6.185131772251731,0.40722891566267716,-1.0358232727023375,6.185131772251731,0.40722891566267716,2.645161290322194,0.5480658119187806,CORE,CORE_GATE,M1_OHLC,2,4,V15_Q2,MEDIUM,1,C,15
XAUUSD,C_DISPLACEMENT_MID_RETEST,V15_QUALITY_PRESERVING_EXPANDED,C_DISPLACEMENT_MID_RETEST|SELL|2020-03-05T03:19:00+00:00,2020-03-05 03:19:00+00:00,2020-03-05 03:20:00+00:00,SELL,UTC_00_05,0.6225135560436146,8.0,0.8733772278822123,0.538892332097697,0.61702127659593,0.9375000000000444,0.23228117762834682,0.2508636718390202,0.6689697915694529,0.4999999999999385,2.0,68.58249421025313,1.8498218457600664,2.564384201016729,0.23228117762834682,,1,-1,1,0.49243609657228116,1.0,6.0,2.4322241168977086,0.16275105614916524,0.8867924528298569,0.7397708674304373,8.0,0.0743299768414259,1.1242408997212325,0.8759689922475101,0.035029557303365835,0.3767954918339411,-0.0126027295946515,47.794319989541464,0.2248024207360686,0.3666811688839123,-0.14187874814784368,34.753544949099,22.81239068976269,15.373483921389656,1.4285714285702684,0.03704455120112471,2.2186743241440743,-0.00017992906525321484,-0.00023480978882362002,-0.0004542724476138682,-0.0005334991753627172,0.0006928737779323679,-1.3843958186651668,-1.6259682433984277,0.5946398147284495,0.538892332097697,0.031249999999977796,0.06249999999995559,-0.5743260941243437,0.5380840131212429,1.8181733684014147,1.1124101072455865,1.2800893552801718,-0.031330562468415965,0.7593814033683751,0.7730493937800711,-0.030635628310929017,0.9213034396870502,2.601549189437231,5.3053020970314755,-5.064485789252558,-0.08588786262036402,-3.7941546044033174,0.16577540106953395,0.9263435222709776,0.8703304065631385,0.490367775831823,0.1959372707262087,3.0103640620635947,5.519000780449571,0.7071067811865475,0.7071067811865476,0.43388373911755823,-0.900968867902419,0.0004542724476138682,0.0005334991753627172,0.14187874814784368,-7.438906768373034,3,3,,,,,0.0,ASIA,319.0,2.564384201016729,10.787137889060546,0.2790697674418777,-4.49696359888493,10.787137889060546,0.2790697674418777,3.032608695652394,0.7910912304299544,CORE,CORE_GATE,M1_OHLC,3,4,V15_Q2,HIGH,1,C,15
XAUUSD,B_FVG_RETEST_SEQUENCE,V15_QUALITY_PRESERVING_EXPANDED,B_FVG_RETEST_SEQUENCE|SELL|2020-03-09T15:41:00+00:00,2020-03-09 15:41:00+00:00,2020-03-09 15:42:00+00:00,SELL,UTC_12_17,0.942381618669017,11.0,1.9981324546214152,0.7510710645031506,0.37588652482272783,0.7058823529412663,0.15352081507129875,0.6660441515406149,0.6991101732481603,0.6660441515406149,9.0,2.482269503567486,1.072283846806278,2.5153795084774315,0.15352081507129875,,1,-1,1,0.011809293466965147,0.5947136563877301,2.0,4.523077947491804,1.2758872990383452,2.7920792079206196,1.2241813602014666,11.0,0.1322640868306111,0.023618586934145102,-0.6969696969685277,0.6232609711043438,0.020516786962256176,-0.011352282680785877,44.87201098512341,0.3469336378407206,0.6455379858160767,-0.29860434797535607,25.126903657260716,22.429999391628122,29.705921995002292,33.060967944686745,0.20705876912795348,3.5830053701390567,-0.0009689893678682671,-0.002069452856854559,-0.0019657391268199653,-0.00198055669380659,8.926525766406179e-05,-1.5635504550347992,-1.5753597485017645,1.1242447380612686,0.7510710645031506,0.037815126050479576,0.2941176470587336,-0.8092816708748368,-0.16199214329862371,1.3322513009889687,0.647289527576213,1.4942434442875925,0.06979941055599713,0.2726118291756624,0.11484662233159652,0.1767614105760171,1.3951173559946002,3.6325386704583273,3.7577171812088883,-12.250022688311951,-0.29223331178815437,-4.8488199500175995,0.09364161849711207,1.3921239835798551,1.5405163943237878,0.9666876178503966,0.1467159724057762,2.5153795084774315,2.9263429211297947,-0.7071067811865471,-0.7071067811865479,0.0,1.0,0.0019657391268199653,0.00198055669380659,0.29860434797535607,7.27592260337417,15,0,,,0.333333333333405,0.02482269503567486,,LONDON_NY_OVERLAP,221.0,2.5153795084774315,21.73382369672136,0.49880460769398316,7.317038232171646,21.73382369672136,0.49880460769398316,4.33051643192465,1.1862449099664019,CORE,CORE_GATE,M1_OHLC,1,4,V15_Q2,LOW,1,B,15
XAUUSD,A_OB_RETEST_SEQUENCE,V15_QUALITY_PRESERVING_EXPANDED,A_OB_RETEST_SEQUENCE|SELL|2020-03-13T02:21:00+00:00,2020-03-13 02:21:00+00:00,2020-03-13 02:22:00+00:00,SELL,UTC_00_05,0.5109858338592712,11.0,1.3301853452847827,0.9814172364600837,0.7378048780487577,0.9238578680203748,0.40554431258679924,,0.7218688764043993,0.7218688764043993,4.0,100.0,1.3342407884105547,2.4332658755207954,0.40554431258679924,,-1,-1,2,0.22710481504858546,0.12371134020606957,7.0,2.7688294056194884,0.7025388044108589,1.726315789473707,0.8830926874708808,11.0,0.24332658755204267,0.661037229516527,0.46188340807183476,0.3295575662570098,1.80491704240435,0.3013621711047694,46.22263728392216,0.04273701536635599,0.1547973609273869,-0.11206034556103092,16.61062147402338,20.138984838655045,21.125476297384793,13.043478260870712,0.13120210289372644,2.2817495848547233,-0.0007317814919474142,-0.0006779639538605498,-0.0007381125859283744,-0.00031058361196067974,-0.0008109144010161051,-0.9449182483272127,-0.3974334263350706,1.5978445915920112,0.9814172364600837,0.30964467005082175,0.07614213197962513,-0.6383819933475997,-0.2859511892759126,0.20010123505907967,0.3524308040716871,0.4860524243349923,-0.1128197444168085,0.1607263879872357,-0.7515867439449967,0.6529121142407174,0.9058635509594661,2.157495742961838,4.570484402853036,-5.307556431342896,-0.012257619261746483,-2.137298394316293,0.021953065859193252,0.8177786356817226,0.8374782679610323,0.4720496894410281,0.2760881243554609,5.904725191263775,2.141273970458197,0.49999999999999994,0.8660254037844387,-0.433883739117558,-0.9009688679024191,0.0007381125859283744,0.00031058361196067974,0.11206034556103092,0.9864914587297484,2,4,0.31460674157279256,0.3388716585982829,,,,ASIA,321.0,2.4332658755207954,8.73136904999387,0.6762656758011988,-0.5758729238732845,8.73136904999387,0.6762656758011988,1.161666666666709,0.5188116645085988,CORE,CORE_GATE,M1_OHLC,4,4,V15_Q2,VERY_HIGH,1,A,15
XAUUSD,C_DISPLACEMENT_MID_RETEST,V15_QUALITY_PRESERVING_EXPANDED,C_DISPLACEMENT_MID_RETEST|SELL|2020-03-17T04:17:00+00:00,2020-03-17 04:17:00+00:00,2020-03-17 04:18:00+00:00,SELL,UTC_00_05,0.5425453352117557,13.0,1.9200717891537746,0.5617845314959325,0.2925851703407015,0.8719211822660126,0.3616968901412288,0.598339004435746,0.6964589054846452,0.5760215367460974,7.0,100.0,3.5405892921641344,3.90170900641681,0.3616968901412288,,-1,-1,2,0.4963712641299414,0.7672131147541401,6.0,4.707313717149579,1.1734674341813467,2.0120967741934455,0.7779989144201395,13.0,0.13082653473198222,1.3448198202590234,0.8226857887874096,0.38955622595213146,0.0670790602992732,0.02484757132243995,36.70017216243347,-2.922620657277321,-3.02572050389276,0.10309984661543936,27.209975708983315,19.467194280690766,31.085605394784935,30.093071354705582,0.25484813008629564,5.108569975643269,-0.0009554620580989326,0.00018795478344912908,7.047476500021688e-05,-0.004386712237691048,-0.010285721877003051,0.040402312196631276,-2.5261064721032436,0.7811113691347256,0.5617845314959325,0.1527093596058865,0.12807881773398738,-1.318691374878444,-3.2024219684442095,-5.551306380536673,-1.8837305935657656,-2.3488844120924632,-0.697180899335645,-1.4813084171160515,-3.865524103710912,-0.7534470122342638,1.2180725284208545,3.922872122329352,8.434463650952448,2.6525159799987037,0.409657875155768,-2.0544601682343213,0.1332029165925634,1.2869250668343857,1.3175598307680418,0.4651003649634992,0.328095418727888,7.2474052402230456,1.6795818356025272,0.8660254037844386,0.5000000000000001,0.7818314824680298,0.6234898018587336,-7.047476500021688e-05,0.004386712237691048,-0.10309984661543936,11.618411114094169,4,1,,,,,0.9238476953907564,ASIA,437.0,3.90170900641681,12.957598697345912,0.8703786191536744,8.486409480919447,12.957598697345912,0.8703786191536744,0.4304733727810714,0.8972155557275941,CORE,CORE_GATE,M1_OHLC,3,4,V15_Q2,HIGH,1,C,15
XAUUSD,C_DISPLACEMENT_MID_RETEST,V15_QUALITY_PRESERVING_EXPANDED,C_DISPLACEMENT_MID_RETEST|SELL|2020-03-26T02:03:00+00:00,2020-03-26 02:03:00+00:00,2020-03-26 02:04:00+00:00,SELL,UTC_00_05,0.8870644822254503,2.0,1.6854225162282346,0.3282138584233198,0.1947368421052197,0.8064516129033678,0.36369643771250726,,1.1531838268932468,0.5056267548686519,1.0,52.631578947345325,1.5967160680057702,2.2797557193195526,0.36369643771250726,,-1,-1,2,0.26611934466779646,0.4307692307693034,1.0,2.13917424925894,0.2872237969947049,2.1229050279331214,0.8865075499270466,2.0,0.031047256877761678,0.5987685255023403,0.9014084507046404,0.194373447302092,0.03858010571800537,0.007402242314854359,43.67109996293461,-0.17978819597624351,-0.17350944932356865,-0.00627874665267486,32.55431251072598,19.408532223888006,32.975141907794196,29.4924554183765,0.2521807311127996,2.8886415506374217,-4.6591375004734203e-05,-0.0012688386868605628,-0.0008565868737373528,-0.0013184099665589644,0.0006962814220303759,-1.2241489854712182,-1.885012024729082,0.5499799789796824,0.3282138584233198,0.20967741935505166,0.19354838709663225,-0.8156803552012417,-1.2992257329509298,-2.1436367109343872,-0.48354537774968803,-0.8444109779834573,-0.05415351774067665,-0.22762252002148134,-1.4456857674053996,0.9891671900079089,1.0516704396360665,2.6922407035543143,6.005426544666283,-11.654875660556954,-0.19591292305790345,-3.0367585356935223,0.022777369581188363,1.0138329906564882,1.0997818531319956,0.44830132939440026,0.15925297113749542,6.573147813290458,3.72567082534673,0.49999999999999994,0.8660254037844387,0.43388373911755823,-0.900968867902419,0.0008565868737373528,0.0013184099665589644,0.00627874665267486,13.56660968390619,2,3,,,,,0.48947368421035564,ASIA,303.0,2.2797557193195526,7.273928754248531,0.48780487804879136,2.825300375888011,7.273928754248531,0.48780487804879136,1.634241245136012,0.3651368521047319,CORE,CORE_GATE,M1_OHLC,1,4,V15_Q2,LOW,1,C,15
XAUUSD,C_DISPLACEMENT_MID_RETEST,V15_QUALITY_PRESERVING_EXPANDED,C_DISPLACEMENT_MID_RETEST|SELL|2020-03-26T06:05:00+00:00,2020-03-26 06:05:00+00:00,2020-03-26 06:06:00+00:00,SELL,UTC_06_11,1.1156009667818356,10.0,1.4658477819346771,0.44105154500712895,0.3008849557523727,0.6881720430107369,0.07783262558938925,,0.41510733647703757,0.5000000000001794,2.0,100.0,2.435225582835904,3.0160142415913405,0.07783262558938925,,-1,-1,2,0.3891631279475361,0.6538461538462211,8.0,3.509361566907175,0.4927756279906597,2.4301075268813,0.6348228043144633,10.0,0.1556652511787785,0.7912983601593806,0.6712328767125336,0.23834289661621896,0.4805571328145615,0.10449409048135865,38.5380199931582,-0.3539271401962196,-0.23281095474164293,-0.1211161854545767,34.89642118121327,16.149649911501452,37.32496197899435,23.26732673267282,0.04987628218143344,2.5641683192434157,-9.652870327692131e-05,-0.00040156142021996466,-0.0007685988474128713,-0.0006379893066768005,-0.0009333669345429341,-1.602054876716256,-1.3296406871533935,1.206405696636418,0.44105154500712895,0.3225806451610537,0.3118279569892631,-1.1312175401628262,-1.2517880936419419,-0.887464583147392,-0.1205705534791158,0.36432351049455,-0.5771177797117657,-0.191991154305252,-1.9993673096566318,0.17303726520907228,1.0794988875550109,3.2235679098300065,4.105670999843969,-3.4303616727120385,-0.0778942320784484,2.9440669737788028,0.28172942817295527,0.5434783391741975,0.9079980945771314,0.785150078988919,0.4372759856631088,4.5532085969834,1.0637125497228328,1.0,6.123233995736766e-17,0.43388373911755823,-0.900968867902419,0.0007685988474128713,0.0006379893066768005,0.1211161854545767,21.1753120674929,6,3,,,,,0.548672566371441,ASIA,545.0,3.0160142415913405,23.375731885367806,0.4483906770255236,9.424233748456954,23.375731885367806,0.4483906770255236,4.275268817204659,0.36490101658640983,CORE,CORE_GATE,M1_OHLC,1,4,V15_Q2,LOW,1,C,15
XAUUSD,B_FVG_RETEST_SEQUENCE,V15_QUALITY_PRESERVING_EXPANDED,B_FVG_RETEST_SEQUENCE|SELL|2020-03-27T09:10:00+00:00,2020-03-27 09:10:00+00:00,2020-03-27 09:11:00+00:00,SELL,UTC_06_11,0.5937479940533298,7.0,1.0370798296131063,0.7916639920711064,0.763358778625986,0.8956521739127512,0.17812439821628695,0.522498234767175,0.8945803110404367,0.522498234767175,4.0,50.7575757575575,2.0622846993450668,3.13498940860143,0.17812439821628695,0.6095812738947375,-1,1,1,0.6491644734982569,0.0,3.0,3.6939328581120217,0.11957239309484562,1.378947368420599,1.4527687296417495,7.0,0.17812439821628695,0.5620814343703343,0.5187165775394177,0.21463481516437136,0.046206739398769625,-0.00976108948742925,44.98705623981618,0.05796576166972045,0.2192355762363444,-0.16126981456662395,17.43721846373045,26.557506831674477,27.19260022549048,20.4819277108475,0.19764111254419667,3.1661701445829915,-0.0005232636879624053,-0.00043096283253385437,-0.0004063463918286825,-0.0005294164722392525,0.0003234660776503251,-0.522498234766815,-0.6808310331808923,0.9104135908818444,0.7916639920711064,0.026086956521515624,0.1043478260872488,-0.8027342686707003,-0.8370177520891321,-1.377896534097704,-0.03428348341843181,-0.540878782008572,-0.19360626128614125,0.08688106677160969,-0.7937351674966151,-0.9122689915172725,1.0784278455507452,3.9424866805141243,4.013736439800459,-3.3081397023079404,-0.03422374809786924,-2.364958801396945,0.012399708242164693,1.0731559310930523,1.3757118810700868,0.9822485207100752,0.23079400470716416,3.2458223674914644,2.6481160534780526,0.7071067811865476,-0.7071067811865475,-0.433883739117558,-0.9009688679024191,0.0004063463918286825,0.0005294164722392525,0.16126981456662395,0.6350933938160033,9,4,,,0.5038167938933868,0.5075757575755749,,LONDON,70.0,3.13498940860143,9.028927829570947,0.701446733888627,5.763313862277453,9.028927829570947,0.701446733888627,0.8598484848485769,1.1975739359132629,CORE,CORE_GATE,M1_OHLC,3,4,V15_Q2,HIGH,1,B,15
XAUUSD,C_DISPLACEMENT_MID_RETEST,V15_QUALITY_PRESERVING_EXPANDED,C_DISPLACEMENT_MID_RETEST|SELL|2020-03-27T09:10:00+00:00,2020-03-27 09:10:00+00:00,2020-03-27 09:11:00+00:00,SELL,UTC_06_11,0.5937479940533298,7.0,1.0370798296131063,0.7916639920711064,0.763358778625986,0.8956521739127512,0.17812439821628695,0.522498234767175,0.8945803110404367,0.5000000000001651,4.0,100.0,2.853322848918712,3.13498940860143,0.17812439821628695,0.6095812738947375,-1,1,1,0.6491644734982569,0.0,3.0,3.6939328581120217,0.11957239309484562,1.378947368420599,1.4527687296417495,7.0,0.17812439821628695,0.5620814343703343,0.5187165775394177,0.21463481516437136,0.046206739398769625,-0.00976108948742925,44.98705623981618,0.05796576166972045,0.2192355762363444,-0.16126981456662395,17.43721846373045,26.557506831674477,27.19260022549048,20.4819277108475,0.19764111254419667,3.1661701445829915,-0.0005232636879624053,-0.00043096283253385437,-0.0004063463918286825,-0.0005294164722392525,0.0003234660776503251,-0.522498234766815,-0.6808310331808923,0.9104135908818444,0.7916639920711064,0.026086956521515624,0.1043478260872488,-0.8027342686707003,-0.8370177520891321,-1.377896534097704,-0.03428348341843181,-0.540878782008572,-0.19360626128614125,0.08688106677160969,-0.7937351674966151,-0.9122689915172725,1.0784278455507452,3.9424866805141243,4.013736439800459,-3.3081397023079404,-0.03422374809786924,-2.364958801396945,0.012399708242164693,1.0731559310930523,1.3757118810700868,0.9822485207100752,0.23079400470716416,3.2458223674914644,2.6481160534780526,0.7071067811865476,-0.7071067811865475,-0.433883739117558,-0.9009688679024191,0.0004063463918286825,0.0005294164722392525,0.16126981456662395,0.6350933938160033,9,4,,,,,0.9389312977103238,LONDON,70.0,3.13498940860143,9.028927829570947,0.701446733888627,5.763313862277453,9.028927829570947,0.701446733888627,0.8598484848485769,1.1975739359132629,CORE,CORE_GATE,M1_OHLC,3,4,V15_Q2,HIGH,2,B+C,15
XAUUSD,A_OB_RETEST_SEQUENCE,V15_QUALITY_PRESERVING_EXPANDED,A_OB_RETEST_SEQUENCE|SELL|2020-04-01T01:55:00+00:00,2020-04-01 01:55:00+00:00,2020-04-01 01:56:00+00:00,SELL,UTC_00_05,0.9174775103656698,7.0,1.1432442275759376,0.17292769828863208,0.15126050420153617,0.6206896551719271,0.34585539657770104,,1.0087449066845608,1.0087449066845608,3.0,4.761904761900637,0.17292769828863208,0.9607094349377185,0.34585539657770104,,-1,-1,2,0.014410641524161893,0.0,4.0,1.508718590527585,0.32949026689687877,1.1724137931033864,1.168975069252035,7.0,0.17292769828885052,0.043231924572048795,-0.6000000000012127,1.9231922418304372,2.1856933495801862,0.9342708582374235,55.506875453232766,0.6188636500942266,0.7544623053239446,-0.13559865522971803,27.95555198183756,26.605354793171326,16.62509764567417,44.677137870858445,0.5687983223851723,2.7160253130782497,-8.24093972068285e-05,0.00046935850109752764,-0.0006209055083188364,0.00098044503955097,0.0020742077193562913,-0.9414952462389817,1.4842960769788451,0.2786057361319034,0.17292769828863208,0.0,0.37931034482807285,0.4303157224355098,1.207417375992857,-2.687741307366543,0.7771016535573472,-3.8951586833593996,0.15619194479722498,0.6757011018154606,2.2589174298719317,-1.7855330096358877,0.872638111601403,2.4930409836636245,5.620150194385785,4.2024904760141055,-0.03484613311073759,-1.7176822496998483,0.20192771084338035,0.7816846089492667,0.9290974037550361,0.4435897435897768,0.793103448276047,1.522724454376319,7.25335623377995,0.25881904510252074,0.9659258262890683,0.9749279121818236,-0.22252093395631434,0.0006209055083188364,-0.00098044503955097,0.13559865522971803,-9.980257147497156,1,2,0.7428571428573656,0.8800858444741946,,,,ASIA,295.0,1.1336371332263506,8.776080688156268,0.1735084838533113,-4.9524571371041315,8.776080688156268,0.1735084838533113,6.398305084746805,0.6304748141068973,CORE,CORE_GATE,M1_OHLC,1,4,V15_Q2,LOW,1,A,15
XAUUSD,A_OB_RETEST_SEQUENCE,V15_QUALITY_PRESERVING_EXPANDED,A_OB_RETEST_SEQUENCE|SELL|2020-04-01T03:03:00+00:00,2020-04-01 03:03:00+00:00,2020-04-01 03:04:00+00:00,SELL,UTC_00_05,1.1410463207929624,6.0,1.6570608989860804,0.27617681649779025,0.16666666666673316,0.7948717948720341,0.21076651785348977,,2.9507312499491873,2.9507312499491873,2.0,8.128078817743507,0.7631201508490703,2.398377616953607,0.21076651785348977,,-1,-1,2,0.25437338361624656,0.0,4.0,2.646141822923394,0.5107834081781601,2.5333333333327945,1.6973795435333288,6.0,0.1308205972882704,0.3488549261023849,0.4545454545458304,1.4332920094882886,2.410484706160061,0.8780715665650146,51.22957299988794,0.2923412709801596,0.36853049070694244,-0.07618921972678283,27.31377957146313,27.482559888005365,16.50036585906662,32.242990654207794,0.4746877140242148,3.5460039226694136,-8.237336678951213e-05,-0.00032624567249373015,-0.00039273565723052517,0.0004437822930865032,0.0006150607451747003,-0.9012085590979654,1.0174935344653169,0.5668892549164993,0.27617681649779025,0.3076923076925319,0.20512820512796595,-0.07039882695470828,0.7046407227165723,-1.0326481862473567,0.7750395496712806,-1.737288908963929,0.11831923215606772,0.6695500156070794,1.081984810579335,0.03913302400978971,0.8943375216436903,4.120848814584318,5.879659067017162,-7.065095922270821,-0.12680471523727765,-0.9076676245509603,0.21529509559431817,0.4912357900777871,0.6935129581478859,0.700865265760194,0.5040485829958792,3.161497767802677,4.077241948821562,0.7071067811865475,0.7071067811865476,0.9749279121818236,-0.22252093395631434,0.00039273565723052517,-0.0004437822930865032,0.07618921972678283,-10.982194028938746,3,2,0.610837438423658,1.4401254425028547,,,,ASIA,363.0,3.161497767802677,15.138850230650784,0.2088334133461317,-8.496071012784883,15.138850230650784,0.2088334133461317,3.78850574712652,0.4451365099138379,CORE,CORE_GATE,M1_OHLC,1,4,V15_Q2,LOW,1,A,15
XAUUSD,C_DISPLACEMENT_MID_RETEST,V15_QUALITY_PRESERVING_EXPANDED,C_DISPLACEMENT_MID_RETEST|SELL|2020-04-01T03:03:00+00:00,2020-04-01 03:03:00+00:00,2020-04-01 03:04:00+00:00,SELL,UTC_00_05,1.1410463207929624,6.0,1.6570608989860804,0.27617681649779025,0.16666666666673316,0.7948717948720341,0.21076651785348977,,2.9507312499491873,0.4999999999998158,2.0,100.0,2.141109805993074,2.398377616953607,0.21076651785348977,,-1,-1,2,0.25437338361624656,0.0,4.0,2.646141822923394,0.5107834081781601,2.5333333333327945,1.6973795435333288,6.0,0.1308205972882704,0.3488549261023849,0.4545454545458304,1.4332920094882886,2.410484706160061,0.8780715665650146,51.22957299988794,0.2923412709801596,0.36853049070694244,-0.07618921972678283,27.31377957146313,27.482559888005365,16.50036585906662,32.242990654207794,0.4746877140242148,3.5460039226694136,-8.237336678951213e-05,-0.00032624567249373015,-0.00039273565723052517,0.0004437822930865032,0.0006150607451747003,-0.9012085590979654,1.0174935344653169,0.5668892549164993,0.27617681649779025,0.3076923076925319,0.20512820512796595,-0.07039882695470828,0.7046407227165723,-1.0326481862473567,0.7750395496712806,-1.737288908963929,0.11831923215606772,0.6695500156070794,1.081984810579335,0.03913302400978971,0.8943375216436903,4.120848814584318,5.879659067017162,-7.065095922270821,-0.12680471523727765,-0.9076676245509603,0.21529509559431817,0.4912357900777871,0.6935129581478859,0.700865265760194,0.5040485829958792,3.161497767802677,4.077241948821562,0.7071067811865475,0.7071067811865476,0.9749279121818236,-0.22252093395631434,0.00039273565723052517,-0.0004437822930865032,0.07618921972678283,-10.982194028938746,3,2,,,,,0.9912280701752462,ASIA,363.0,2.398377616953607,15.138850230650784,0.2088334133461317,-8.496071012784883,15.138850230650784,0.2088334133461317,4.9939393939398125,0.4451365099138379,CORE,CORE_GATE,M1_OHLC,1,4,V15_Q2,LOW,2,A+C,15
XAUUSD,A_OB_RETEST_SEQUENCE,V15_QUALITY_PRESERVING_EXPANDED,A_OB_RETEST_SEQUENCE|SELL|2020-04-01T03:28:00+00:00,2020-04-01 03:28:00+00:00,2020-04-01 03:29:00+00:00,SELL,UTC_00_05,1.3097386928165287,5.0,1.1441395477482443,0.18065361280213818,0.15789473684191632,1.0,0.15054467733511515,,0.5419608384064145,0.5419608384064145,2.0,19.444444444381283,0.7075599834760681,1.4753378378854975,0.15054467733511515,,-1,-1,2,0.015054467733853813,0.8148148148149708,3.0,1.6305284259723964,0.1381803750828751,1.9000000000001136,0.9281314168376193,5.0,0.1053812741349229,0.16559914506896894,0.22222222222166077,1.265812387220235,2.4615102265475164,0.8403384817496545,57.07778256097942,0.25011808822659987,0.2525791346975545,-0.002461046470954631,26.466016584237845,26.376365546108204,16.368392326253986,41.31736526946255,0.6542512467459288,5.411756815160328,-5.3833925506396874e-05,-0.00011082823523445029,-3.1667716979266736e-05,0.0006559725188710619,0.0001108528064763803,-0.15054467733511515,3.116274820839964,0.3311982901372533,0.18065361280213818,0.45454545454545453,0.0,0.6346484844464001,2.031215998114994,0.4786178280037573,1.396567513668594,-1.5525981701112368,0.4917062716592476,1.0779183143858593,2.6318597218487554,-0.8994895926857307,0.6006955629966684,2.077516547226643,6.774510480087027,-5.4650247567957635,-0.046008352000228375,-0.9159104051368736,0.4211287988422835,0.4884636210411855,0.4569416086537314,0.3066666666666599,0.42105263157886513,4.155033094452601,8.02403130196951,0.7071067811865475,0.7071067811865476,0.9749279121818236,-0.22252093395631434,3.1667716979266736e-05,-0.0006559725188710619,0.002461046470954631,-10.007973219854218,3,2,0.5555555555555556,0.594175612853975,,,,ASIA,388.0,1.4753378378854975,31.358456288932896,0.13250120019201983,-19.992333150121777,31.358456288932896,0.13250120019201983,18.438775510203907,0.2851906918847896,CORE,CORE_GATE,M1_OHLC,2,4,V15_Q2,MEDIUM,1,A,15
XAUUSD,C_DISPLACEMENT_MID_RETEST,V15_QUALITY_PRESERVING_EXPANDED,C_DISPLACEMENT_MID_RETEST|SELL|2020-04-01T03:29:00+00:00,2020-04-01 03:29:00+00:00,2020-04-01 03:30:00+00:00,SELL,UTC_00_05,1.366189130336664,6.0,1.1934525736279231,0.21984652672138422,0.18421052631616738,1.0,0.015703323337547776,,0.565319640138866,0.49999999999984934,3.0,100.0,1.3203323337205757,1.711662243755574,0.015703323337547776,,-1,-1,2,0.015703323337547776,0.8148148148149708,3.0,1.6305284259723964,0.1381803750828751,1.9000000000001136,0.9281314168376193,6.0,0.455396376778888,0.34547311341891,-0.13725490196015488,1.2419023333452741,2.536795822706654,0.8354714584595427,55.76138315260691,0.23224563372014018,0.24851243450207164,-0.016266800781931462,25.99286662559321,25.547972352847257,17.088148559760345,34.73053892214982,0.6040513140266215,5.229344374210461,-3.4835591840920443e-05,2.8503653218159286e-05,-7.600179870914658e-05,0.00017738246827692095,9.501849693416275e-05,-0.37687976009257734,0.8793861068833946,0.43969305344134024,0.21984652672138422,0.4999999999983759,0.0,0.4426688911566977,1.869711193705363,0.3232611001525944,1.4270423025486652,-1.5464500935527685,0.4281582333009625,1.0716625149598473,2.5011258867693247,-1.1239788528218255,0.5843147638046643,2.167058620534462,6.391252598242694,-0.19667455052761795,-0.03422337938413858,-1.0359032495087952,0.3171521035598615,0.4961752835583714,0.4457592815532151,0.3390663390663522,0.3333333333333561,4.506853797777665,8.197134782021413,0.7071067811865475,0.7071067811865476,0.9749279121818236,-0.22252093395631434,7.600179870914658e-05,-0.00017738246827692095,0.016266800781931462,-8.459823793086912,3,2,,,,,0.7631578947365272,ASIA,389.0,1.711662243755574,32.71002251139791,0.1377820451272156,-20.681276835099105,32.71002251139791,0.1377820451272156,16.47706422018132,0.2766092318331125,CORE,CORE_GATE,M1_OHLC,2,4,V15_Q2,MEDIUM,2,A+C,15
XAUUSD,A_OB_RETEST_SEQUENCE,V15_QUALITY_PRESERVING_EXPANDED,A_OB_RETEST_SEQUENCE|SELL|2020-04-01T22:19:00+00:00,2020-04-01 22:19:00+00:00,2020-04-01 22:20:00+00:00,SELL,UTC_18_23,0.6873987032367878,7.0,1.349494386722361,1.2651509875522853,0.9375000000000533,0.9285714285714962,0.6410098336929585,,0.3458079365976937,0.3458079365976937,4.0,100.0,1.6193932640669866,1.93146384099665,0.6410098336929585,,1,-1,1,0.6958330431537953,0.35057471264361884,3.0,2.823855270812131,0.1532324565558498,1.4678899082570607,1.1930123561993906,7.0,0.6072724740249282,0.05482320946064506,-0.8343949044584288,0.3305753404618353,0.14025800199804808,-0.04445644484244813,49.91709319649663,0.24305563894836268,0.392851139552821,-0.14979550060445834,20.26999428809924,28.626246434332437,25.229323794195974,30.04484304932374,0.3600379803870966,3.546397126086075,-0.0008392188663944866,0.00033985990219576045,-0.00023273367719212068,-0.0007638410833341602,0.00039337741258349546,-0.31207057692966345,-1.024772299917474,1.4169691060586134,1.2651509875522853,0.03571428571438722,0.07142857142850376,-0.18226938247752697,0.7821282972446557,2.661814719105831,0.9643976797221827,1.879686421861175,-0.08999833586722576,0.5704786432943563,0.6440730592036046,1.0632339635329968,1.2745800724521263,3.7617156029890175,3.934619571287577,2.3052690259802375,0.131851087270332,-3.556447180835196,0.07960935187926509,1.1972287589851651,1.2768918260224469,0.9560557341908463,0.5571428571428574,2.8002008524491964,5.414846226723651,-0.5000000000000004,0.8660254037844384,0.9749279121818236,-0.22252093395631434,0.00023273367719212068,0.0007638410833341602,0.14979550060445834,-3.396922640136463,22,2,1.0,0.8099429846512682,,,,ASIA,79.0,1.93146384099665,25.51809541892969,0.3515121467526088,-14.528150507058667,12.710550254942099,-0.30192435301922216,8.567685589518888,0.8260117606364579,CORE,CORE_GATE,M1_OHLC,3,4,V15_Q2,HIGH,1,A,15
XAUUSD,B_FVG_RETEST_SEQUENCE,V15_QUALITY_PRESERVING_EXPANDED,B_FVG_RETEST_SEQUENCE|SELL|2020-04-02T13:34:00+00:00,2020-04-02 13:34:00+00:00,2020-04-02 13:35:00+00:00,SELL,UTC_12_17,0.4903089480467239,12.0,1.4146618828894777,0.8198608639474064,0.5795454545455221,0.8888888888889824,0.16075703214677245,0.08841636768034106,0.4340439867960298,0.08841636768034106,10.0,100.0,1.1735263346698672,2.2505984500515246,0.16075703214677245,4.5815754161766185,-1,1,1,0.6510659801934964,0.506849315068331,2.0,2.695816222153939,0.5909747273792001,1.5855855855855154,0.7754056362085306,12.0,0.06430281285856278,1.3021319603873582,0.9058823529412772,0.03761094161421194,0.22032220651834508,-0.00815115460564545,42.33619558409703,-0.1360865889860179,-0.08108463391623164,-0.05500195506978625,17.878984896534803,11.493300856771405,23.125901201567945,15.915915915910789,0.04435065803689085,2.284436050460191,-0.0002831969792322919,-0.00018566946429632303,-0.0007862624229463266,-0.0005756653968473913,-0.0003807054692588352,-2.0094629018319146,-1.470926844140903,1.3021319603869927,0.8198608639474064,0.25925925925932164,0.11111111111101754,-0.9978752581208239,-1.2200523739285112,-1.7357931589150046,-0.22217711580768737,-0.5157407849864933,-0.2930307750920173,-0.13010164156784682,-1.4760367525883,-0.7054671190180379,0.8648584173350684,2.499771849878638,2.708755991669333,-2.636529761880773,-0.05455429731969402,2.566194761458341,0.1072768192048078,0.7800759326792773,0.7784359008744307,0.9228486646883599,0.39028651292806016,3.850130919910284,0.6510659801934964,-0.2588190451025208,-0.9659258262890683,0.43388373911755823,-0.900968867902419,0.0007862624229463266,0.0005756653968473913,0.05500195506978625,11.63260034479654,13,3,,,0.062499999999822364,1.0,,LONDON_NY_OVERLAP,94.0,2.2505984500515246,26.621364523469115,0.6560990338164279,3.9385472875906253,21.364609572276855,0.5714823175319825,4.067857142857494,0.8484618306114697,CORE,CORE_GATE,M1_OHLC,3,4,V15_Q2,HIGH,1,B,15
XAUUSD,C_DISPLACEMENT_MID_RETEST,V15_QUALITY_PRESERVING_EXPANDED,C_DISPLACEMENT_MID_RETEST|SELL|2020-04-02T13:34:00+00:00,2020-04-02 13:34:00+00:00,2020-04-02 13:35:00+00:00,SELL,UTC_12_17,0.4903089480467239,12.0,1.4146618828894777,0.8198608639474064,0.5795454545455221,0.8888888888889824,0.16075703214677245,0.08841636768034106,0.4340439867960298,0.4999999999998142,10.0,100.0,1.7192736437952227,2.2505984500515246,0.16075703214677245,4.5815754161766185,-1,1,1,0.6510659801934964,0.506849315068331,2.0,2.695816222153939,0.5909747273792001,1.5855855855855154,0.7754056362085306,12.0,0.06430281285856278,1.3021319603873582,0.9058823529412772,0.03761094161421194,0.22032220651834508,-0.00815115460564545,42.33619558409703,-0.1360865889860179,-0.08108463391623164,-0.05500195506978625,17.878984896534803,11.493300856771405,23.125901201567945,15.915915915910789,0.04435065803689085,2.284436050460191,-0.0002831969792322919,-0.00018566946429632303,-0.0007862624229463266,-0.0005756653968473913,-0.0003807054692588352,-2.0094629018319146,-1.470926844140903,1.3021319603869927,0.8198608639474064,0.25925925925932164,0.11111111111101754,-0.9978752581208239,-1.2200523739285112,-1.7357931589150046,-0.22217711580768737,-0.5157407849864933,-0.2930307750920173,-0.13010164156784682,-1.4760367525883,-0.7054671190180379,0.8648584173350684,2.499771849878638,2.708755991669333,-2.636529761880773,-0.05455429731969402,2.566194761458341,0.1072768192048078,0.7800759326792773,0.7784359008744307,0.9228486646883599,0.39028651292806016,3.850130919910284,0.6510659801934964,-0.2588190451025208,-0.9659258262890683,0.43388373911755823,-0.900968867902419,0.0007862624229463266,0.0005756653968473913,0.05500195506978625,11.63260034479654,13,3,,,,,0.6022727272727773,LONDON_NY_OVERLAP,94.0,2.2505984500515246,26.621364523469115,0.6560990338164279,3.9385472875906253,21.364609572276855,0.5714823175319825,4.067857142857494,0.8484618306114697,CORE,CORE_GATE,M1_OHLC,3,4,V15_Q2,HIGH,2,B+C,15
XAUUSD,C_DISPLACEMENT_MID_RETEST,V15_QUALITY_PRESERVING_EXPANDED,C_DISPLACEMENT_MID_RETEST|SELL|2020-04-08T21:30:00+00:00,2020-04-08 21:30:00+00:00,2020-04-08 21:31:00+00:00,SELL,UTC_18_23,0.8545828430007777,13.0,1.7200520916441204,0.8926852627519837,0.5189873417721355,0.6935483870968155,0.19595530157978827,,1.4152327336315016,0.5160156274934342,6.0,100.0,1.2225433537446315,1.562199209816281,0.19595530157978827,,-1,-1,2,0.2122849100443787,0.2800000000002001,7.0,2.0366951388609964,0.4083472926923577,1.8588235294116293,1.0767567567568097,13.0,0.010886405643307819,0.021772811286615637,0.3333333333333333,0.014495142017957773,0.03426442754352951,0.0004964386952762084,49.04855747636276,0.15908025346971044,0.1723151011362127,-0.013234847666502264,8.15708419512581,17.810316510906713,21.405922674113206,33.255813953483155,0.28430530717235014,1.7980423901905465,-0.0005241106024848063,-0.0002545500827286773,-0.00032422572170531794,-0.0005210826400712243,-0.00011516966309843557,-0.5824227019175872,-0.936230885325215,1.3499142997711597,0.8926852627519837,0.03225806451610537,0.3064516129031844,-0.21177892345144475,-0.013370280890313365,-0.0395476678998355,0.1984086425611314,-0.026177387009522133,0.14204551386788233,0.13160274664332816,0.018172824174410268,0.45885235932771345,1.001538764232361,1.8452457565422842,5.900431858678283,-3.7692341182365965,-0.01514440850967047,-0.7076995665919661,0.024721878862798054,1.038962900956193,1.0472102940885064,0.3127306273062571,0.6413662239089456,2.596407745931266,3.304024112747017,-0.7071067811865477,0.7071067811865474,0.9749279121818236,-0.22252093395631434,0.00032422572170531794,0.0005210826400712243,0.013234847666502264,3.5956061632064937,21,2,,,,,0.9050632911391786,ASIA,30.0,1.562199209816281,16.6072118088813,0.48574237954769117,-1.6057448323892647,9.873969918489351,0.13506063947079539,5.466898954703193,0.9944174396637728,CORE,CORE_GATE,M1_OHLC,3,4,V15_Q2,HIGH,1,C,15
XAUUSD,A_OB_RETEST_SEQUENCE,V15_QUALITY_PRESERVING_EXPANDED,A_OB_RETEST_SEQUENCE|SELL|2020-04-09T04:22:00+00:00,2020-04-09 04:22:00+00:00,2020-04-09 04:23:00+00:00,SELL,UTC_00_05,0.5680128577130671,7.0,0.9167926826244087,0.07972110283682629,0.08695652173904447,1.0,0.6975596498226833,,0.857001855496789,0.857001855496789,2.0,46.511627906980436,0.09965137854603287,0.6377688226950635,0.6975596498226833,,-1,-1,2,0.5879431334218205,0.31343283582102216,5.0,1.732968776492786,0.39838362678044015,0.7796610169494727,0.76896551724128,7.0,0.21923303280172549,0.06975596498199643,-0.5172413793122914,0.05713937175501701,0.33456618032420243,0.018414137247481442,50.66427332399831,-0.08323548888893129,-0.09952151170661164,0.01628602281768035,12.464873904101303,20.687922787821307,22.66677477084323,77.9310344827637,0.5742534851442602,2.9390744231340733,3.034523777145637e-06,0.0001426425287183175,-0.00016383693976862457,0.00023371223043411327,-0.0004549700932992007,-0.5381174441490306,0.7673156148051329,0.07972110283682629,0.07972110283682629,0.0,0.0,0.14658071337719034,-0.006080227687962024,0.10154314716317127,-0.15266094106515238,0.1076233748511333,-0.12265152527110786,-0.14576684891998842,-0.21999793602909626,-0.7804819594603245,1.043839038649727,2.5809707043442907,5.630302887856068,5.087576803270153,0.014885886971340065,-1.9923129317171764,0.22058823529411928,0.7843222200579291,1.1923391727887174,0.4584070796459556,0.4352949787731614,3.37818173271346,2.252121155142609,0.8660254037844386,0.5000000000000001,0.43388373911755823,-0.900968867902419,0.00016383693976862457,-0.00023371223043411327,-0.01628602281768035,1.9788519830219222,4,3,1.0,0.8067268442287835,,,,ASIA,442.0,0.6377688226950635,10.722488331562653,0.31505576208177943,-4.255113863919456,10.722488331562653,0.31505576208177943,11.515625000002121,0.4155004181767494,CORE,CORE_GATE,M1_OHLC,2,4,V15_Q2,MEDIUM,1,A,15
XAUUSD,C_DISPLACEMENT_MID_RETEST,V15_QUALITY_PRESERVING_EXPANDED,C_DISPLACEMENT_MID_RETEST|SELL|2020-04-09T06:50:00+00:00,2020-04-09 06:50:00+00:00,2020-04-09 06:51:00+00:00,SELL,UTC_06_11,0.4679313093167926,16.0,2.0388435620254475,0.568202304171151,0.27868852459022503,1.0,0.01671183247597972,,1.1029809433903426,0.6116530686074824,12.0,66.39344262293656,0.9141372364161795,1.6878950800374732,0.01671183247597972,,1,-1,1,0.23396565465915628,0.0,4.0,1.6814553073897958,0.40154156594342305,2.3921568627445735,1.0571870170013487,16.0,0.01671183247597972,0.4679313093167926,0.9310344827571065,0.4430515057113538,0.14352277947385886,-0.05932319567879715,49.708323010194675,0.02840710120381118,0.045374178283222946,-0.016967077079411766,12.588567360890359,20.909570873425874,25.293859168809576,48.554913294792826,0.3703013235679659,2.9764631437035054,-8.489710773740278e-05,-1.2129040865782592e-05,0.00015770431048323097,-0.00021221574458918369,9.704292026402328e-05,0.8690152887311863,-1.1698282732927414,0.568202304171151,0.568202304171151,0.0,0.0,-0.12461168465567943,0.32455611325664324,2.0659330259191924,0.44916779791232264,1.741376912662549,0.03301950686410372,0.24433076133387435,0.38846095943609643,-0.8445938940623317,0.8690829923229211,2.322944714109503,5.397921889624414,-0.6575708247908878,0.014279232857479618,-0.5220430616286045,0.0649350649350818,1.1223269909798306,0.9246950995593738,0.4303405572752986,0.6666666666666913,3.0248416780869722,3.225383667793409,1.0,6.123233995736766e-17,0.43388373911755823,-0.900968867902419,-0.00015770431048323097,0.00021221574458918369,0.016967077079411766,4.384288295383701,6,3,,,,,0.5409836065571448,ASIA,590.0,1.6878950800374732,19.369013839237954,0.1561691113028798,-11.163504093710504,19.369013839237954,0.1561691113028798,9.683168316829338,0.24701335207308506,CORE,CORE_GATE,M1_OHLC,2,4,V15_Q2,MEDIUM,1,C,15
XAUUSD,A_OB_RETEST_SEQUENCE,V15_QUALITY_PRESERVING_EXPANDED,A_OB_RETEST_SEQUENCE|SELL|2020-04-15T04:42:00+00:00,2020-04-15 04:42:00+00:00,2020-04-15 04:43:00+00:00,SELL,UTC_00_05,0.8907509411267741,6.0,1.6898069324314684,0.26198557091967445,0.1550387596899621,0.952380952381004,1.460569557876865,0.5632689774772555,1.257530740414199,1.257530740414199,4.0,59.89583333331212,2.567458595011976,3.3337663899521948,1.460569557876865,,-1,-1,2,0.8121552698506632,0.12686567164168341,2.0,3.2371023790250257,1.640876033505768,1.6226415094342321,1.0783699059561183,6.0,0.026198557091639818,1.5129666720607402,0.9659574468089206,0.4072916055360394,0.03968737005141357,0.015318053760746114,38.14163722659789,-0.6916932567651202,-0.6764976380702222,-0.015195618694897939,35.180319024077114,16.723214609791764,29.274521456946974,16.830065359473263,0.1894473110316565,3.7361408818102477,-0.0001623800272566589,6.380658483950974e-05,-0.00033340194648756594,-6.379844331805273e-05,-0.002040408776362579,-0.7532085163939524,-0.14409206400595498,0.2750848494656433,0.26198557091967445,0.0,0.04761904761899606,-1.3873874936707529,-2.8605903677151754,-4.259626814042357,-1.4732028740444223,-1.3990364463271816,-0.8362412790321317,-0.9657249816603656,-4.8839066065040155,-0.9656414678573911,0.8683000734977013,4.008379235070037,5.645789053317332,2.48926821214733,0.013916583057731913,-2.6403996228759254,0.058695652173933514,0.9216226473050343,0.9028425035931057,0.7099767981438854,0.35814185814173105,9.73931359893691,0.6746128451178416,0.8660254037844386,0.5000000000000001,0.9749279121818236,-0.22252093395631434,0.00033340194648756594,6.379844331805273e-05,0.015195618694897939,12.55130684715521,4,2,0.031250000000207244,1.1274046216601408,,,,ASIA,462.0,3.3337663899521948,12.247825440492175,0.7951871657754079,3.936333203067059,12.247825440492175,0.7951871657754079,0.7524557956777638,0.5403693931398417,CORE,CORE_GATE,M1_OHLC,2,4,V15_Q2,MEDIUM,1,A,15
XAUUSD,C_DISPLACEMENT_MID_RETEST,V15_QUALITY_PRESERVING_EXPANDED,C_DISPLACEMENT_MID_RETEST|SELL|2020-04-15T11:33:00+00:00,2020-04-15 11:33:00+00:00,2020-04-15 11:34:00+00:00,SELL,UTC_06_11,0.8835907176761456,22.0,1.6462690213548012,1.636968066431901,0.9943502824858808,1.0,0.24647530545717034,,0.948697402136658,0.5000000000001953,14.0,100.0,0.30340681791298807,0.7673287811397884,0.24647530545717034,,-1,-1,2,0.14881527876661338,0.6716417910447153,8.0,1.1923327485007755,0.31419579183474056,1.6465116279070644,1.1731843575418548,22.0,0.0651066844605123,0.19532005338111397,0.49999999999918787,1.2100803632342314,0.93399780257584,0.6128455250547385,45.821961672503896,0.44188351674733894,0.5917665237075488,-0.14988300696020984,18.299061286243166,24.74670756019159,21.59660576446316,21.133231240431286,0.15573068634947548,2.6570736350806055,-0.0007696187180600278,-0.0008715625746948952,-0.001209284977475189,-0.0006443449257108602,0.0008789296330689034,-1.9299481465033606,-1.0277555189814147,1.6462690213548012,1.636968066431901,0.005649717514119214,0.0,-0.7578072334089706,-0.16372523516609896,-2.948405805772317,0.5940819982428717,-2.784680570606218,0.15192656171870048,0.5157663880323986,0.9040453804475949,1.1070296278036234,0.8527715518793284,2.3949958926487893,5.394553855286721,-11.574191594966429,-0.1866179858859357,-0.04809649884987266,0.11734928670042,0.8049265826955487,0.7987512545560556,0.44396551724136885,0.02933333333333182,2.3949958926487893,5.515466269284845,0.258819045102521,-0.9659258262890682,0.9749279121818236,-0.22252093395631434,0.001209284977475189,0.0006443449257108602,0.14988300696020984,-3.150101795728432,11,2,,,,,0.7401129943505163,LONDON,273.0,0.7673287811397884,21.96885552791017,0.748941574936493,12.333066227776554,10.45427333334946,1.5738434163700785,7.18787878788045,0.6971506406702884,CORE,CORE_GATE,M1_OHLC,4,4,V15_Q2,VERY_HIGH,1,C,15
XAUUSD,C_DISPLACEMENT_MID_RETEST,V15_QUALITY_PRESERVING_EXPANDED,C_DISPLACEMENT_MID_RETEST|SELL|2020-04-16T03:45:00+00:00,2020-04-16 03:45:00+00:00,2020-04-16 03:46:00+00:00,SELL,UTC_00_05,0.5035658499004296,9.0,2.3667594945313324,0.8560619448309021,0.361702127659752,0.8607594936710464,0.012589146247782674,,0.5791007273854082,0.7100278483592566,7.0,67.7304964539699,1.130505333026668,2.2156897395616615,0.012589146247782674,,-1,-1,2,0.012589146247496429,0.2628205128205745,2.0,2.4774619418422654,0.2540986607020819,2.5753424657535997,0.7274984481688133,9.0,0.27696121744492147,0.03776743874277553,-0.7599999999983993,0.017964853321868722,0.17275593663833055,0.0030726940884332607,47.47963367480483,-0.10839051790458143,-0.0503762583725466,-0.05801425953203483,18.07466136174135,27.546861298844306,27.491834516953276,50.83798882680855,0.31907144487723765,3.305086067542273,-0.0005383243273129334,0.00028831452493616183,0.0004485611091693542,-0.0006982549445180286,0.00015432952556770907,0.9693642610580838,-1.5106975497012889,0.9945425535533629,0.8560619448309021,0.0,0.13924050632895363,-0.3890146244712616,-0.3462655610963956,-0.21705188919959656,0.042749063374866024,0.12921367189679905,-0.17611863146211587,-0.061275823018388735,-0.17096763882379684,-0.7005533580774707,1.1677762093649013,4.506914356607729,5.457394898294711,4.877813989866773,0.129956474088111,-3.2485848936426187,0.13638757240653246,1.1898969552146363,1.3514891893444083,0.8258362168396534,0.7130801687763434,3.1661702812486436,2.64372071197654,0.7071067811865475,0.7071067811865476,0.43388373911755823,-0.900968867902419,-0.0004485611091693542,0.0006982549445180286,0.05801425953203483,-0.05502678189102994,3,3,,,,,0.38297872340429395,ASIA,405.0,2.2156897395616615,8.90052639698799,0.38613861386139214,-0.6483410317464955,8.90052639698799,0.38613861386139214,2.4659090909087387,0.41639467375292455,CORE,CORE_GATE,M1_OHLC,3,4,V15_Q2,HIGH,1,C,15
XAUUSD,C_DISPLACEMENT_MID_RETEST,V15_QUALITY_PRESERVING_EXPANDED,C_DISPLACEMENT_MID_RETEST|SELL|2020-04-16T08:33:00+00:00,2020-04-16 08:33:00+00:00,2020-04-16 08:34:00+00:00,SELL,UTC_06_11,0.6871499756914751,9.0,2.218512778660946,0.31412570317304167,0.14159292035389684,1.0,0.2552271338285428,,0.5497199805537157,0.6655538335983732,3.0,97.19764011802636,2.140962995690749,2.6504356205247714,0.2552271338285428,,-1,-1,2,0.8442128272784424,0.8210526315790758,6.0,3.1894431421085736,0.4843566949331913,2.722891566264466,1.1740139211137968,9.0,0.04908214112101097,0.02944928467224946,-0.25000000000568434,0.24687784789708628,0.49434500747792054,0.11074484276425077,49.33258643393978,0.07850341935704819,0.13765957394187012,-0.05915615458482193,16.43132971234482,21.143154002142357,24.693735712689435,26.027397260271584,0.3196866110951685,2.3736244611302784,-7.287291255542172e-05,0.00023034823404555205,-0.000145735204961972,-0.0002448108835925167,0.00032660107428417184,-0.49082141120832407,-0.8245799708301272,0.49082141120832407,0.31412570317304167,0.3600000000005821,0.0,-0.18391887626974654,0.10115675868056069,-0.1354369997653066,0.28507563495030724,-0.23659375844586727,-0.0442403547010725,0.21551773755149706,-0.046346244524801634,0.6594365867436385,1.0307237013183395,3.5829963018204083,5.340136953946173,5.295257804380569,-0.01484861169966084,-1.6098651256823189,0.09646609360077421,1.023330361257823,1.1062045036079946,0.6709558823529236,0.4186991869919063,2.6504356205247714,2.886029897904999,0.8660254037844387,-0.4999999999999998,0.43388373911755823,-0.900968867902419,0.000145735204961972,0.0002448108835925167,0.05915615458482193,3.5505817105470783,8,3,,,,,0.840707964601866,LONDON,93.0,2.6504356205247714,15.902613723149521,0.6061728395061616,3.2688705986473665,15.902613723149521,0.6061728395061616,2.3629629629631625,0.29848029127750514,CORE,CORE_GATE,M1_OHLC,2,4,V15_Q2,MEDIUM,1,C,15
XAUUSD,A_OB_RETEST_SEQUENCE,V15_QUALITY_PRESERVING_EXPANDED,A_OB_RETEST_SEQUENCE|SELL|2020-04-21T19:51:00+00:00,2020-04-21 19:51:00+00:00,2020-04-21 19:52:00+00:00,SELL,UTC_18_23,1.1625083936634903,10.0,1.236459309290942,0.5975233982698034,0.483253588516761,0.7777777777778304,1.0974315879113923,,0.7809216690259855,0.7809216690259855,4.0,74.62121212121251,2.8515473065943606,3.7123359644979885,1.0974315879113923,,1,-1,1,0.4170831641387839,0.03468208092482358,6.0,4.6894911697445405,1.9905913038238914,1.5481481481481918,0.9140328697850817,10.0,0.10057324525337719,0.15677594113025653,0.21839080459767715,0.025249425552040752,0.41041461907140736,-0.00981551379045762,42.37888669684358,-0.9592642594332119,-0.7315538059077648,-0.22771045352544717,15.062749409490218,19.354866958383795,24.290083149317717,33.28025477706971,0.23890780801054523,4.460979519369426,-0.000587666754170324,0.0007079064488186848,-0.00043261370281533207,-0.0020612476505649235,-0.0013443504492096636,-0.4289153106392999,-2.0469613445678814,0.8519145480282745,0.5975233982698034,0.07638888888897442,0.22222222222216959,-0.8348563442192142,-1.528533891249487,-1.9524805744320195,-0.6936775470302727,-0.42394668318253265,-0.677469100229335,-0.6574411518531204,-1.5291746831717898,1.508383927397095,1.1033858453808791,4.076174469385055,5.572941001684794,7.483166931964888,0.24104049558113022,-0.12613143864594356,0.14719190843758787,1.0093441100083578,1.0080060237165425,0.7314225053078364,0.526742516414005,3.824741356251747,1.8546889639364803,-0.9659258262890684,0.2588190451025203,0.7818314824680298,0.6234898018587336,0.00043261370281533207,0.0020612476505649235,0.22771045352544717,4.935216190933922,19,1,0.43181818181808,0.6472474791574301,,,,NEW_YORK,471.0,3.7123359644979885,22.380505105491903,0.6030927835051512,12.045125137399253,5.357004328052495,2.0,2.392828685259032,1.4748739880861466,CORE,CORE_GATE,M1_OHLC,2,4,V15_Q2,MEDIUM,1,A,15
XAUUSD,C_DISPLACEMENT_MID_RETEST,V15_QUALITY_PRESERVING_EXPANDED,C_DISPLACEMENT_MID_RETEST|SELL|2020-04-22T08:20:00+00:00,2020-04-22 08:20:00+00:00,2020-04-22 08:21:00+00:00,SELL,UTC_06_11,0.6279931322722846,15.0,1.4172277444519268,0.9250169110495444,0.6526946107785018,0.9064748201438284,0.012729590518920671,,0.8401529742559037,0.5000000000000902,12.0,100.0,1.0696342171395132,1.917924971533847,0.012729590518920671,3.53033977061051,-1,1,1,0.8571257616144003,0.14847161572057518,3.0,2.4297947832292723,0.11691481174556595,2.168831168831635,1.7224199288256152,15.0,0.012729590518920671,0.016972787358689533,0.14285714286085505,0.2161581430760805,0.22039308473766228,-0.046166319866599186,50.29321350464704,0.05832084103553825,0.12040981579718915,-0.0620889747616509,27.039656183173896,25.054616646052647,12.698132805186159,46.341463414633374,0.425068065631154,2.358529108597447,-0.0005399151561896742,0.0005107858975577084,-0.00024333066263082515,-0.00030266164208792024,0.00046324891908589017,-0.3479421408533284,-0.432806077647162,1.1796087214302733,0.9250169110495444,0.12230215827340483,0.09352517985617159,-0.020088634493893323,0.25114614373707267,-0.04669191302869772,0.271234778230966,-0.29783805676577035,-0.07788007430954727,0.11006820803368399,0.6410684120191276,-0.004385683701198412,1.3811735987170226,2.384676623898002,3.2757479602301673,7.152316132029334,0.08211375710491592,-0.8961654197386615,0.06295050456510771,1.1002296479484346,1.6091654699252915,0.7279792746113608,0.36450839328541806,2.1470576008763484,3.53033977061051,0.8660254037844387,-0.4999999999999998,0.9749279121818236,-0.22252093395631434,0.00024333066263082515,0.00030266164208792024,0.0620889747616509,-12.356483840866488,8,2,,,,,0.15568862275461492,LONDON,80.0,1.917924971533847,9.814514290171003,0.6402939904885503,-0.3479421408533284,8.656121552939574,0.7259803921568568,1.236725663716727,0.27970095358523284,CORE,CORE_GATE,M1_OHLC,3,4,V15_Q2,HIGH,1,C,15
XAUUSD,C_DISPLACEMENT_MID_RETEST,V15_QUALITY_PRESERVING_EXPANDED,C_DISPLACEMENT_MID_RETEST|SELL|2020-04-28T07:27:00+00:00,2020-04-28 07:27:00+00:00,2020-04-28 07:28:00+00:00,SELL,UTC_06_11,1.3836930400565821,7.0,2.1608357063901087,0.36013928439849513,0.16666666666673316,0.9074074074075243,0.3411845852196496,,1.535330633487777,0.6482507119172912,6.0,85.0877192982701,2.2821457811345476,3.3075950067113378,0.3411845852196496,,-1,-1,2,0.41700338193503156,0.6210526315787408,1.0,3.0765800633256215,0.5222841486812343,2.59090909090848,1.0905797101449053,7.0,0.44543543070265335,1.1562366499108674,0.44378698224916396,2.2040584994946135,1.8168033727612083,0.9256944003651711,42.42371530728945,-0.21479787423913876,-0.2206016334333229,0.005803759194184133,17.65918213116372,20.1772371827331,25.013495226772687,11.868686868672949,0.3250275579536334,3.125309705430603,-0.00016503109067877997,-0.00014735179356606398,-3.2421120886749755e-05,-1.1789741745871218e-05,-0.0008922865800687907,-0.10425084548429661,-0.037909398358121946,1.023553755658949,0.36013928439849513,0.5555555555556959,0.09259259259247563,-0.7887658131080028,-2.030420764011309,-9.240628737556579,-1.2416549509033064,-7.21020797354527,-0.2762845482104737,-0.6903320464448709,-1.5873828886811965,-0.17227047383517147,0.88114892771457,3.753030437413991,4.757629493894526,-2.9052679219614816,-0.012970561364097272,-3.1928755354010647,0.04891740176427984,1.0171277199254536,0.9222402929244108,0.7888446215137731,0.05650522317188009,7.610311720313572,0.8813935118169614,0.9659258262890683,-0.25881904510252063,0.7818314824680298,0.6234898018587336,3.2421120886749755e-05,1.1789741745871218e-05,-0.005803759194184133,4.836258044039585,7,1,,,,,0.35087719298217623,LONDON,27.0,3.3075950067113378,38.56333547939626,0.9771442614893134,35.663266505030315,38.25058294294466,0.9851337958374762,0.17191977077349335,0.48991656734207395,CORE,CORE_GATE,M1_OHLC,2,4,V15_Q2,MEDIUM,1,C,15
XAUUSD,A_OB_RETEST_SEQUENCE,V15_QUALITY_PRESERVING_EXPANDED,A_OB_RETEST_SEQUENCE|SELL|2020-04-29T20:08:00+00:00,2020-04-29 20:08:00+00:00,2020-04-29 20:09:00+00:00,SELL,UTC_18_23,0.7596968563777698,4.0,1.9234877852965158,0.49299476850054197,0.2563025210084941,0.6347826086956178,0.4364215983446216,,0.8728431966892432,0.8728431966892432,3.0,40.740740740748535,0.1858832733690327,1.2931010321322256,0.4364215983446216,,-1,-1,2,0.315193376582145,0.23863636363643703,1.0,2.478644184515632,0.6683033808079757,2.183486238531957,1.1483340940209543,4.0,0.03232752580327808,0.5334041757544558,0.8857142857143597,0.5188236339862404,0.5515080944993876,0.23918232606025627,47.39788892245308,-0.34453423010450024,-0.3727394751735794,0.028205245069079177,17.18231390379006,14.322026896561448,16.693866914750622,51.80722891566116,0.4256875545991064,2.1914217780848735,-0.00020580729381047824,0.0007828410656056661,-0.0008051056627723652,-0.0009049188804860497,-0.001086879890959458,-1.107217758763193,-1.2446097434273085,0.9294163668451635,0.49299476850054197,0.10434782608685336,0.3652173913043822,-0.1616294243798662,-0.7248151077146827,-1.7701343954818078,-0.5631856833348166,-1.0453192877671251,-0.2707730605159864,-0.3662396937517981,-1.12617795526846,-1.1135169532436797,1.3067828325157997,2.6831846416742855,2.9256410851992385,10.71798315713687,0.03243073996874307,-0.29765284693837657,0.04315886134066526,1.0484305781705896,1.401371419833364,0.9171270718231517,0.500646898772832,3.5560278383638964,1.39008360954206,-0.8660254037844386,0.5000000000000001,0.9749279121818236,-0.22252093395631434,0.0008051056627723652,0.0009049188804860497,-0.028205245069079177,2.3718400181891734,20,2,0.5833333333332632,1.1589564958315137,,,,NEW_YORK,488.0,1.2931010321322256,12.397606145568536,0.8422425032594492,6.336195057448384,7.116096617452927,1.3645655877342528,1.5125000000001314,1.7519106974949972,CORE,CORE_GATE,M1_OHLC,1,4,V15_Q2,LOW,1,A,15
XAUUSD,C_DISPLACEMENT_MID_RETEST,V15_QUALITY_PRESERVING_EXPANDED,C_DISPLACEMENT_MID_RETEST|SELL|2020-04-29T20:11:00+00:00,2020-04-29 20:11:00+00:00,2020-04-29 20:12:00+00:00,SELL,UTC_18_23,0.8548480916510361,7.0,2.1644026150309066,0.4456123030946714,0.20588235294121018,0.9600000000000364,0.3046533092586293,,0.9821658925351098,0.6493207845093134,6.0,100.0,1.6123890069118327,2.2507968370596956,0.3046533092586293,,-1,-1,2,0.3546710167486977,0.23863636363643703,1.0,2.478644184515632,0.6683033808079757,2.183486238531957,1.1483340940209543,7.0,0.11367660793231203,1.3959487454086594,0.8493975903614327,0.5378941006799963,0.5515080944993876,0.24650673449810698,41.897376014917086,-0.3826039475197831,-0.3656685854120395,-0.0169353621077436,16.398959489653702,12.90324822626359,18.807860652085452,25.451807228911868,0.16914787317940802,2.6469970011273336,-0.00025002647339145145,-0.0005146241479294655,7.356099972333219e-05,-0.0006615623456354136,-0.0012312737659345707,0.11367660793231203,-1.0230894713908083,0.6820596475938722,0.4456123030946714,0.3066666666666909,0.03999999999996362,-0.8048559518295556,-1.4657214624975743,-2.7149422789905104,-0.6608655106680188,-1.2492208164929361,-0.1795533010563774,-0.4139186215244069,-1.9831012587454215,-0.7470751081489947,1.1333135851776461,3.0192507066819427,3.2920745657196573,-5.500512907535992,-0.04514060717682278,-0.7833544141363582,0.11600183402108712,1.0527585443081051,1.245387891325672,0.9171270718231516,0.2742028985508138,4.797152854743651,0.7684538696222474,-0.8660254037844386,0.5000000000000001,0.9749279121818236,-0.22252093395631434,-7.356099972333219e-05,0.0006615623456354136,0.0169353621077436,5.9046124258218615,20,2,,,,,0.7100840336133803,NEW_YORK,491.0,2.2507968370596956,13.950393325453465,0.8992829204693573,7.925533105040927,8.00738026275191,1.4639409426462364,0.6242424242424766,1.7384679944478518,CORE,CORE_GATE,M1_OHLC,2,4,V15_Q2,MEDIUM,2,A+C,15
XAUUSD,B_FVG_RETEST_SEQUENCE,V15_QUALITY_PRESERVING_EXPANDED,B_FVG_RETEST_SEQUENCE|SELL|2020-04-30T22:37:00+00:00,2020-04-30 22:37:00+00:00,2020-04-30 22:38:00+00:00,SELL,UTC_18_23,1.0683103937202827,13.0,1.3217235568819894,0.5366396396362897,0.40601503759397983,0.6015624999999986,0.05465774107413349,0.2981331331312469,0.7453328328282303,0.2981331331312469,10.0,100.0,1.5353856356262265,2.0819630463668837,0.05465774107413349,,-1,-1,2,0.2434753920573394,0.12878787878794012,3.0,2.8353900124729527,0.8333904962769066,1.371134020618443,1.0296470588235247,13.0,0.05465774107413349,0.03975108441769542,-0.1578947368403417,1.512714429637313,1.88424015809113,0.8664656691378663,51.825113336757006,0.04206731034059885,0.09034147037391446,-0.04827416003331561,13.000163140573239,22.063972648403972,19.664497585922852,40.057224606578174,0.4648263628029995,3.531683064477002,-0.00025189290106530926,0.0004507603615573341,0.0006584840629060285,-0.000912138550292152,-0.0002785564847357369,1.1030925925856814,-1.530416750074156,1.2720347013601525,0.5366396396362897,0.17968750000001804,0.3984375000000014,0.1788879766394443,0.5066816126002274,-1.4998256192678536,0.3277936359607831,-2.0065072318680808,-0.009313594409775762,0.04392232289916296,0.7394862006286392,0.9628059026943435,0.9518845510445951,2.4397228061243346,4.0049217550636635,5.003722352150582,0.20001970321410661,-0.7488124281773505,0.041545893719814195,0.9505823849572457,1.138716768647759,0.609181141439192,0.5366503958669195,2.4645672338853664,5.252112028663011,-0.5000000000000004,0.8660254037844384,0.43388373911755823,-0.900968867902419,-0.0006584840629060285,0.000912138550292152,0.04827416003331561,-2.3994750624811196,22,3,,,0.22556390977441423,1.0,,ASIA,97.0,2.0819630463668837,40.18834634609823,0.8657270029673576,26.07671137788369,7.085630797420484,2.0,2.591885441527443,1.3414048020070615,CORE,CORE_GATE,M1_OHLC,3,4,V15_Q2,HIGH,1,B,15
XAUUSD,C_DISPLACEMENT_MID_RETEST,V15_QUALITY_PRESERVING_EXPANDED,C_DISPLACEMENT_MID_RETEST|SELL|2020-05-01T12:31:00+00:00,2020-05-01 12:31:00+00:00,2020-05-01 12:32:00+00:00,SELL,UTC_12_17,0.4511129447619002,18.0,0.8664941711266554,0.7235672975388875,0.8350515463919073,0.8469387755103461,0.3305183951723226,,0.7414331567371554,0.4999999999999371,10.0,100.0,0.7460216503159061,1.2774089326920974,0.3305183951723226,,-1,-1,2,0.12952747918901622,0.33009708737871796,8.0,1.260172959474307,0.3128088906499072,0.8326180257511224,0.8394160583941653,18.0,0.05359757759541296,0.1607927327866451,0.5000000000009474,0.9155763403083146,1.6610921003727943,0.6733956754119649,46.444337056931,0.03904916584497187,0.039310853544463904,-0.00026168769949203724,14.667540585234287,13.666645950535417,17.556706752504176,36.956521739126856,0.24117562924995217,2.1372472145118935,-0.0005345437713706325,-0.0004151422384829351,4.780828876205234e-05,-0.000770278016623771,-0.00017326673517681357,0.07146343679388395,-1.1523479183025973,0.8754271007258908,0.7235672975388875,0.02040816326528718,0.15306122448965387,-0.3833211170233133,-0.3625319737897166,-1.743963834949559,0.02078914323359668,-1.3814318611598424,0.09748451701037926,-0.04735564832143201,-0.4887573541553022,-1.6989361203628934,0.8897121944528299,2.4074245269963015,2.9657326269488244,-7.1616762489360255,0.04712511013122883,-1.5169484647836722,0.014510278113706466,0.8661194678732274,0.9430411250660093,0.8117469879518722,0.4586258745922526,3.6267694172930636,2.081372596623698,1.2246467991473532e-16,-1.0,-0.433883739117558,-0.9009688679024191,-4.780828876205234e-05,0.000770278016623771,0.00026168769949203724,3.89006080196876,12,4,,,,,0.3505154639174315,LONDON_NY_OVERLAP,31.0,1.2774089326920974,17.879258592886192,0.8531101673744785,11.438616351831714,7.499194398565002,2.0,2.0559440559435167,2.058385093167702,CORE,CORE_GATE,M1_OHLC,3,4,V15_Q2,HIGH,1,C,15
XAUUSD,C_DISPLACEMENT_MID_RETEST,V15_QUALITY_PRESERVING_EXPANDED,C_DISPLACEMENT_MID_RETEST|SELL|2020-05-05T10:39:00+00:00,2020-05-05 10:39:00+00:00,2020-05-05 10:40:00+00:00,SELL,UTC_06_11,0.7167148013569816,10.0,1.340950273505695,0.21963840686740274,0.16379310344834344,0.7380952380955217,0.09247932920747964,,0.6126755559980742,0.5000000000000412,6.0,84.67974845275602,0.9637911958460141,1.3987498542607313,0.09247932920747964,,-1,-1,2,0.38147723298003217,0.0,4.0,1.3991815386875202,0.29353458853596165,1.3567251461986314,0.81619256017507,10.0,0.8149740886392552,0.34679748452732584,-0.40298507462688593,0.6135406166001774,0.44018337806231034,0.22618718261801793,45.73562193714188,-0.29831422415918496,-0.3867796775540523,0.08846545339486733,21.427330210249185,19.966892448372498,24.21163691634755,27.272727272726474,0.3314230571869001,2.3194996734408266,-0.00023880350598926015,-0.00015921501102722502,0.0002625206108175515,-0.0006424462466992908,0.0017221669172620135,0.5144162687155377,-1.2600308604493804,0.4855164783384139,0.21963840686740274,0.28571428571451774,0.2619047619044783,-0.3593409559765897,-1.7789033581722917,-4.505459436687489,-1.4195624021957018,-2.726556078515197,-0.15418921760640186,-0.7851977877408228,-1.7878014554209072,-0.8664162809928009,0.8749474545646884,1.9305059972022278,6.381073715303479,-1.9168551902081887,0.011965248533811201,-3.724243201474497,0.06338939197929686,0.7720509670317307,1.2945318475098595,0.3025362318840434,0.35461760461730923,8.802876148919966,6.58337224794466,0.49999999999999994,-0.8660254037844387,0.7818314824680298,0.6234898018587336,-0.0002625206108175515,0.0006424462466992908,-0.08846545339486733,4.244744467975053,10,1,,,,,0.724137931034307,LONDON,219.0,1.3987498542607313,16.946837077237724,0.611527967257845,7.04576889398127,8.548557993599857,1.1446923597024934,4.706611570246856,1.1324952056253994,CORE,CORE_GATE,M1_OHLC,1,4,V15_Q2,LOW,1,C,15
XAUUSD,A_OB_RETEST_SEQUENCE,V15_QUALITY_PRESERVING_EXPANDED,A_OB_RETEST_SEQUENCE|SELL|2020-05-05T14:55:00+00:00,2020-05-05 14:55:00+00:00,2020-05-05 14:56:00+00:00,SELL,UTC_12_17,0.572244334608714,7.0,1.2855900119975272,1.1288107422418616,0.8780487804879064,1.0,1.011226289924934,,0.846608056681307,0.846608056681307,4.0,45.370370370353214,0.7838963487790408,3.5040166790421554,1.011226289924934,,-1,-1,2,0.823091166217779,0.4251968503936782,3.0,2.767338550573689,0.0512470101957659,2.075949367088542,1.2465483234714367,7.0,0.0627117079026227,0.22732994114553684,0.5675675675653752,0.16741761137460115,0.3865394186387371,0.06110233008382817,38.3254165108248,-0.1074300264563135,0.017094566686820366,-0.12452459314313387,17.425808249271896,19.08507964062436,31.94589942697177,1.7582417582500833,-0.08913082144712847,2.9499359768247637,-0.0004534599880451351,-0.00043580041518820334,-0.0007624015354000813,-0.001032936246350813,-0.0004034229108875742,-2.0302915433374733,-2.7514761842142477,2.2576214844833666,1.1288107422418616,0.49999999999992106,0.0,-1.4405497205302569,-1.5429758229183301,-1.9587637567121943,-0.10242610238807316,-0.41578793379386425,-0.4024665362195232,-0.042768328757094916,-1.3346961625818983,1.3569017613735683,0.9951486725300481,3.5667283869447783,3.8646089994808994,-7.459903351370997,-0.06468241794294692,0.6469405606383134,0.1487946799667515,0.6561997440774296,0.7845950025070327,0.9229208924949114,0.4953560371518712,3.7470245471636154,1.536436843607305,-0.4999999999999997,-0.8660254037844388,0.7818314824680298,0.6234898018587336,0.0007624015354000813,0.001032936246350813,0.12452459314313387,12.86081978634741,14,1,0.18518518518502924,1.4007516120187666,,,,LONDON_NY_OVERLAP,175.0,3.5040166790421554,28.93361423343428,0.5973990788404175,6.835576161353079,11.593826998441985,0.9100743745773912,0.2975391498882419,0.4933770810548062,CORE,CORE_GATE,M1_OHLC,4,4,V15_Q2,VERY_HIGH,1,A,15
XAUUSD,C_DISPLACEMENT_MID_RETEST,V15_QUALITY_PRESERVING_EXPANDED,C_DISPLACEMENT_MID_RETEST|SELL|2020-05-06T04:57:00+00:00,2020-05-06 04:57:00+00:00,2020-05-06 04:58:00+00:00,SELL,UTC_00_05,0.9460557459774592,5.0,0.998036830921473,0.27030164170811566,0.2708333333335504,0.9473684210538913,0.23911299074114,0.09356595289903584,1.9129039259324294,0.4999999999996676,2.0,100.0,2.276280728269879,2.5574693792362155,0.23911299074114,8.32736980800048,-1,1,1,0.7589238401793875,0.8913043478259204,3.0,2.7171030441161594,0.07847229008271919,1.8461538461539806,1.4939024390243436,5.0,0.0623773019320602,0.13515082085405783,0.36842105263561,0.015440150315082944,0.4019983670340768,-0.005892381596349138,45.2556703111856,-0.06985101348118405,-0.05441968324402134,-0.015431330237162713,12.66845306700962,19.80182366414019,21.23019791643651,21.90476190475173,0.27965628886401317,1.7528045576709768,-7.918167208242899e-05,-0.00021405490361681156,-0.00024043888893798826,-7.918167208242899e-05,-0.00015248685533997275,-0.8524897930793689,-0.2806978586971075,0.3950562455731816,0.27030164170811566,0.2631578947377239,0.05263157894610873,-0.48456030042760606,-0.28099212316394556,0.3086064072395342,0.20356817726366053,0.5895985304034798,-0.1447603694168034,0.08805102744569077,-0.8801293091378963,-0.545788383550707,0.5883397520102633,3.0252991437304493,4.397599786248065,-5.7947355091829,-0.04485331900404049,-2.260579946128109,0.11348464619496466,0.5062559434482062,0.8895946456376567,0.6879432624112363,0.2791179337229957,6.35208858013599,7.4644837979325915,0.8660254037844386,0.5000000000000001,0.9749279121818236,-0.22252093395631434,0.00024043888893798826,7.918167208242899e-05,0.015431330237162713,1.4283742522963188,4,2,,,,,0.9374999999995856,ASIA,477.0,2.5574693792362155,14.679458388136469,0.4327195467422402,0.5509995004052232,14.679458388136469,0.4327195467422402,3.2560975609754657,0.8579964636302664,CORE,CORE_GATE,M1_OHLC,1,4,V15_Q2,LOW,1,C,15
XAUUSD,C_DISPLACEMENT_MID_RETEST,V15_QUALITY_PRESERVING_EXPANDED,C_DISPLACEMENT_MID_RETEST|SELL|2020-05-08T07:48:00+00:00,2020-05-08 07:48:00+00:00,2020-05-08 07:49:00+00:00,SELL,UTC_06_11,1.3052837378024618,11.0,1.1965100929861672,0.6526418689012309,0.5454545454542824,1.0,0.36983039237757853,,0.5438682240844416,0.5000000000000517,3.0,91.33398503042515,1.8384539804843087,2.5344259242334184,0.36983039237757853,1.5663404853627563,-1,1,1,0.15228310274399978,0.4583333333332149,8.0,2.951680122952715,0.43071727116067987,1.7741935483879958,0.7671232876709615,11.0,0.1414057382620735,1.033349625760241,0.759259259259041,0.4727807191561503,1.1785457034369164,-0.36424333526263003,41.85783064274081,-0.1496831584042866,-0.140346443251837,-0.009336715152449576,16.617319081899733,18.37847062756629,20.62019236847025,10.038610038617902,0.18054027831183264,2.1025412943912483,-6.999390469741851e-05,0.0,-0.00030323617141003734,-0.0003061510111729282,-0.0006062884942183988,-1.1312459060955988,-1.1421232705770306,0.6526418689012309,0.6526418689012309,0.0,0.0,-0.7221196856766785,-1.4387464294943366,-3.4996298502921492,-0.716626743817658,-2.0608834207978126,-0.27857570043424396,-0.4589883954101538,-1.6111919557904761,-0.32659232709476704,1.2931203765734283,2.371265457008482,3.937605942371238,0.8116091526143592,-0.022375700555835543,-3.4319767423545677,0.09366391184574384,1.0831667798531273,1.1376159726958521,0.6022099447514798,0.10185185185186746,3.948483306853164,1.337915831247746,0.9659258262890683,-0.25881904510252063,-0.433883739117558,-0.9009688679024191,0.00030323617141003734,0.0003061510111729282,0.009336715152449576,2.2417217409039587,7,4,,,,,0.25454545454596567,LONDON,48.0,2.5344259242334184,21.72209686993238,0.6579869804707063,2.8281147652389973,21.72209686993238,0.6579869804707063,2.9313304721030646,0.22842780770696638,CORE,CORE_GATE,M1_OHLC,3,4,V15_Q2,HIGH,1,C,15
XAUUSD,A_OB_RETEST_SEQUENCE,V15_QUALITY_PRESERVING_EXPANDED,A_OB_RETEST_SEQUENCE|SELL|2020-05-11T21:06:00+00:00,2020-05-11 21:06:00+00:00,2020-05-11 21:07:00+00:00,SELL,UTC_18_23,0.532151634456207,6.0,1.6386891600712565,0.48991737775318706,0.29896907216490254,0.7872340425532944,0.1858307294928266,,0.9967284581878894,0.9967284581878894,4.0,0.0,0.1267027701086756,1.748498227498801,0.1858307294928266,,-1,-1,2,0.21117128351433126,0.4166666666665719,2.0,2.0738963585381334,0.5513930794526628,1.763636363636559,0.8634812286689475,6.0,0.09291536474602918,0.19427758083320013,0.35294117647192574,0.6748465850491194,0.9272826335597515,0.42895868444696794,41.73207755689747,-0.2217808795826386,-0.22625176541760283,0.004470885834964244,19.743492766058182,11.300644708206978,18.729544858949886,26.85512367491575,0.24277974532630367,2.187076208271276,-0.0001769013951624654,-0.00010025180895545382,-0.00028006497507415684,0.00010322139219121063,-0.000845612391315198,-0.8024508773543051,0.29563979691998693,0.7940040260135475,0.48991737775318706,0.17021276595736445,0.21276595744670557,-0.7191411682649742,-1.3508380840004457,-2.8254999789591504,-0.6316969157354716,-1.4746618949587047,-0.35270620022231347,-0.38690041767731226,-2.3608383780613718,-0.9611109823950357,0.8751516497440816,2.3904589293825524,4.130510305540596,-1.8391597704995775,-0.007910235677600908,1.557824807566,0.13414634146342308,0.8567892802984081,0.8229236483070407,0.5787321063395077,0.6001736864958119,6.419607018835977,1.022069012209394,-0.7071067811865477,0.7071067811865474,0.0,1.0,0.00028006497507415684,-0.00010322139219121063,-0.004470885834964244,7.428900150742908,21,0,0.2203389830505927,0.9135019674510577,,,,ASIA,6.0,1.748498227498801,34.7334527124375,0.8100680933852169,12.155019079085184,17.73838781520421,1.586190476190461,3.772946859903057,0.9303638797614702,CORE,CORE_GATE,M1_OHLC,1,4,V15_Q2,LOW,1,A,15
XAUUSD,C_DISPLACEMENT_MID_RETEST,V15_QUALITY_PRESERVING_EXPANDED,C_DISPLACEMENT_MID_RETEST|SELL|2020-05-11T21:06:00+00:00,2020-05-11 21:06:00+00:00,2020-05-11 21:07:00+00:00,SELL,UTC_18_23,0.532151634456207,6.0,1.6386891600712565,0.48991737775318706,0.29896907216490254,0.7872340425532944,0.1858307294928266,,0.9967284581878894,0.4999999999996202,4.0,100.0,1.2957737953254174,1.748498227498801,0.1858307294928266,,-1,-1,2,0.21117128351433126,0.4166666666665719,2.0,2.0738963585381334,0.5513930794526628,1.763636363636559,0.8634812286689475,6.0,0.09291536474602918,0.19427758083320013,0.35294117647192574,0.6748465850491194,0.9272826335597515,0.42895868444696794,41.73207755689747,-0.2217808795826386,-0.22625176541760283,0.004470885834964244,19.743492766058182,11.300644708206978,18.729544858949886,26.85512367491575,0.24277974532630367,2.187076208271276,-0.0001769013951624654,-0.00010025180895545382,-0.00028006497507415684,0.00010322139219121063,-0.000845612391315198,-0.8024508773543051,0.29563979691998693,0.7940040260135475,0.48991737775318706,0.17021276595736445,0.21276595744670557,-0.7191411682649742,-1.3508380840004457,-2.8254999789591504,-0.6316969157354716,-1.4746618949587047,-0.35270620022231347,-0.38690041767731226,-2.3608383780613718,-0.9611109823950357,0.8751516497440816,2.3904589293825524,4.130510305540596,-1.8391597704995775,-0.007910235677600908,1.557824807566,0.13414634146342308,0.8567892802984081,0.8229236483070407,0.5787321063395077,0.6001736864958119,6.419607018835977,1.022069012209394,-0.7071067811865477,0.7071067811865474,0.0,1.0,0.00028006497507415684,-0.00010322139219121063,-0.004470885834964244,7.428900150742908,21,0,,,,,0.7525773195878609,ASIA,6.0,1.748498227498801,34.7334527124375,0.8100680933852169,12.155019079085184,17.73838781520421,1.586190476190461,3.772946859903057,0.9303638797614702,CORE,CORE_GATE,M1_OHLC,1,4,V15_Q2,LOW,2,A+C,15
XAUUSD,C_DISPLACEMENT_MID_RETEST,V15_QUALITY_PRESERVING_EXPANDED,C_DISPLACEMENT_MID_RETEST|SELL|2020-05-15T08:16:00+00:00,2020-05-15 08:16:00+00:00,2020-05-15 08:17:00+00:00,SELL,UTC_06_11,0.7622829054075331,10.0,2.983793086881948,0.9147394864894358,0.3065693430657201,0.63380281690144,0.27224389478897065,,1.5027862992325032,0.8951379260646339,8.0,100.0,1.5125870794439138,2.2323999372652015,0.27224389478897065,1.6007941013560176,-1,1,1,0.0871180463322329,0.5,2.0,2.8003661544747587,0.9403443544554005,3.382716049385135,0.951707891637129,10.0,0.23957462741364047,0.8602907075315427,0.5643564356438585,0.3591164056033403,0.8938520855114666,-0.24568279278621616,45.33541158689547,-0.05682091315316029,-0.047723254268023256,-0.009097658885137035,20.33078529876824,19.510582677872733,24.036392471091357,33.73493975903119,0.2254833823244433,2.340461561639622,-0.000259909031838923,-6.643405120621004e-05,-5.7769240767835406e-05,-0.0002801185161226405,-3.755076574685212e-05,-0.21779511583107747,-1.0563063117790668,1.5463453223986197,0.9147394864894358,0.04225352112671997,0.36619718309856,-0.5317226866006468,-0.9177693798992018,-2.2839203887453596,-0.386046693298555,-1.366151008846158,-0.0797096875310529,-0.280091609195981,-0.8691168644585826,-0.5594475431053497,1.1846870610419078,2.983793086881948,3.615398922791132,-1.4346741974643251,0.007594081364695422,-2.8103778619566313,0.06564551422317919,1.2814376730542456,1.2566897977530742,0.8253012048193077,0.7816401957846667,2.8966750405497153,1.219652648652251,0.8660254037844387,-0.4999999999999998,-0.433883739117558,-0.9009688679024191,5.7769240767835406e-05,0.0002801185161226405,0.009097658885137035,4.525809793218624,8,4,,,,,0.8175182481748663,LONDON,76.0,2.2323999372652015,12.664785985559995,0.6225279449699199,-1.6443531245221341,12.664785985559995,0.6225279449699199,2.1414634146343694,0.31621131643395567,CORE,CORE_GATE,M1_OHLC,1,4,V15_Q2,LOW,1,C,15
XAUUSD,B_FVG_RETEST_SEQUENCE,V15_QUALITY_PRESERVING_EXPANDED,B_FVG_RETEST_SEQUENCE|SELL|2020-05-19T13:01:00+00:00,2020-05-19 13:01:00+00:00,2020-05-19 13:02:00+00:00,SELL,UTC_12_17,0.5561652943475237,10.0,1.0496640766559502,0.7049982604409144,0.6716417910451105,0.8870967741939979,0.12533302407855101,0.0313332560195487,1.3786632648612114,0.0313332560195487,5.0,100.0,0.9791642506117875,1.3786632648615678,0.12533302407855101,,1,-1,1,0.6188318063866212,0.5657894736840019,5.0,1.701384896223628,0.4806603070049608,0.9571428571430544,0.9291101055806565,10.0,0.1644995941028088,0.0939997680586461,-0.27272727272777386,0.39024290305075987,0.4113623282742066,-0.14477422475569354,48.06427187006197,-0.06285747183528656,-0.04994708465756746,-0.012910387177719099,12.183730945863342,19.060553686731737,14.162398410187762,35.99999999999758,0.3714002331486725,2.1562971890430793,-0.00025920315191052534,0.00023916206831975373,0.0001354150760195516,3.457057583045042e-05,-0.0001324984013779673,0.36816575822987535,0.0939997680586461,0.9713309366067222,0.7049982604409144,0.16129032258052686,0.11290322580600207,-0.21511047928036972,-0.28847327540368767,1.2894093068491517,-0.07336279612331793,1.5778825822528393,-0.17174318936034869,-0.01999050111169479,-0.6778514189864708,0.0033803278254597485,0.7986103582786549,2.3499942014682897,3.2116587420062355,5.538392790182442,0.03798803055359956,-0.11588994513916973,0.0193861066235672,0.8228145567928242,0.7393020804044504,0.7317073170732681,0.5211312863897769,5.138653987210974,1.7076624530664728,-0.2588190451025208,-0.9659258262890683,0.7818314824680298,0.6234898018587336,-0.0001354150760195516,-3.457057583045042e-05,0.012910387177719099,-4.898155276543974,13,1,,,0.029850746268626327,1.0,,LONDON_NY_OVERLAP,61.0,1.3786632648615678,23.05344311640415,0.32381923207613184,-4.981987707112518,13.943298928711995,0.5353932584269976,4.698863636362785,1.411671914865648,CORE,CORE_GATE,M1_OHLC,3,4,V15_Q2,HIGH,1,B,15
XAUUSD,A_OB_RETEST_SEQUENCE,V15_QUALITY_PRESERVING_EXPANDED,A_OB_RETEST_SEQUENCE|SELL|2020-05-21T02:48:00+00:00,2020-05-21 02:48:00+00:00,2020-05-21 02:49:00+00:00,SELL,UTC_00_05,0.47218053618070394,6.0,1.2141785216070862,1.854994963566339,1.5277777777777426,0.647058823529695,1.2816328839185058,,0.4384533550242273,0.4384533550242273,3.0,23.076923076923077,0.5396348984921235,2.7319016736155604,1.2816328839185058,,-1,-1,2,0.8094523477378018,0.395348837209413,3.0,2.73822391731309,0.8236933735004305,2.3999999999993937,1.2277227722774386,6.0,0.20236308693425872,1.1973149310288478,0.7108433734942136,0.4165751583013989,0.11054401934848458,0.04338233920505772,40.286137730345466,-0.040451339379842466,0.016184875475621224,-0.05663621485546369,18.502488879551834,16.057734781920836,32.26618460849569,27.02702702700488,-0.2425216833922066,2.393765039678739,-0.0003975165226742794,-0.00011156531863354413,-0.00032604405598812836,-0.00030888914311866245,-0.0005461465216758388,-1.9224493258777586,-1.8212677824098624,2.8668103982376327,1.854994963566339,0.0,0.352941176470305,-1.6060240439358497,-1.2268668729723005,-1.526305259291908,0.3791571709635493,-0.29943838631960745,-0.34226133524032043,0.12412058357684337,-1.1367741389621187,1.524377382909686,0.9544188430949728,3.743717108286854,4.468851503134998,-0.6318004865984577,0.0023943927525626116,1.4233828076498476,0.26182965299683186,0.7641650295090876,0.9220032642537184,0.8377358490566433,0.42199488491045495,4.4688515031365315,2.3103119091680377,0.49999999999999994,0.8660254037844387,0.43388373911755823,-0.900968867902419,0.00032604405598812836,0.00030888914311866245,0.05663621485546369,16.208449826574856,2,3,0.38461538461538464,0.9127413057706926,,,,ASIA,348.0,2.7319016736155604,9.898927669209643,0.4514480408859617,-0.4553169456016987,9.898927669209643,0.4514480408859617,1.987654320986826,0.17691484985602632,CORE,CORE_GATE,M1_OHLC,3,4,V15_Q2,HIGH,1,A,15
XAUUSD,C_DISPLACEMENT_MID_RETEST,V15_QUALITY_PRESERVING_EXPANDED,C_DISPLACEMENT_MID_RETEST|SELL|2020-05-25T04:19:00+00:00,2020-05-25 04:19:00+00:00,2020-05-25 04:20:00+00:00,SELL,UTC_00_05,0.463346401109362,8.0,1.1083972732409337,0.4724316246603072,0.42622950819693517,0.5138888888888801,0.32706804784187826,0.5178577424166859,0.581454307274129,0.500000000000032,4.0,100.0,3.3568337498107637,3.6068337498107796,0.32706804784187826,,-1,-1,2,0.40883505980203794,0.0,4.0,3.790434573783047,0.5783526931829106,1.0796460176988658,0.9991356957648511,8.0,0.5541986366204669,0.8176701196040759,0.19205298013251418,1.6469645447060548,0.6587821840597864,0.5362226892945808,34.082774774039876,-0.5312665935296081,-0.4568594875776881,-0.07440710595192007,37.53697334916889,12.006899808114191,36.357554465469455,14.957264957261593,0.10120377397888865,4.147393680203421,-0.00021131979342770002,-0.00010132885556290994,-0.00019684868415348333,-0.0007406743029415574,-0.0013907522205773848,-0.6177952014791492,-2.325817229096929,1.3082721913666868,0.4724316246603072,0.15277777777768128,0.4861111111111199,-1.7345158394830273,-3.195485387405375,-7.100994874233689,-1.460969547922348,-3.9055094868283136,-0.9574653959145182,-1.0273289062868567,-2.9080884095415462,-0.010946166127491042,1.219880254605279,4.251884621942764,6.0598441086238335,-0.3648837126965532,0.02896642847075437,2.3133294568285336,0.3593073593073573,1.246025455725331,1.5794232736037768,0.7016491754122617,0.6428732739709754,7.758780912690668,0.6359656485810398,0.8660254037844386,0.5000000000000001,0.0,1.0,0.00019684868415348333,0.0007406743029415574,0.07440710595192007,24.350654657355264,4,0,,,,,1.0,ASIA,439.0,3.6068337498107796,12.964614007504993,0.9509460406447203,10.157279930196811,12.964614007504993,0.9509460406447203,0.17632241813596303,0.6758651624038301,CORE,CORE_GATE,M1_OHLC,2,4,V15_Q2,MEDIUM,1,C,15
XAUUSD,C_DISPLACEMENT_MID_RETEST,V15_QUALITY_PRESERVING_EXPANDED,C_DISPLACEMENT_MID_RETEST|SELL|2020-05-25T13:22:00+00:00,2020-05-25 13:22:00+00:00,2020-05-25 13:23:00+00:00,SELL,UTC_12_17,1.20624927133346,14.0,1.2535531643274247,0.21286751847042076,0.16981132075449842,0.6363636363629787,0.3784311439474147,,0.4257350369408415,0.5000000000002323,6.0,52.36519464961646,1.6066777999932318,2.175979077699248,0.3784311439474147,,1,-1,1,0.04730389299342684,0.5638297872341171,8.0,2.0485929095821804,0.4916622982993879,1.3947368421058064,0.52567449956465,14.0,0.4020830904446659,0.08278181273822807,-0.6585365853671521,0.7009558637501837,0.33694758265108504,-0.19646511656675086,48.05054264355806,-0.10581406661071924,-0.08374476942757794,-0.022069297183141295,13.62676411455919,27.262963639448532,27.568735065431323,40.15748031497839,0.5028919999739554,4.498122645338021,-1.7347157089897536e-05,0.00021110529527290645,6.650301142996362e-05,-2.8911594127323248e-05,-0.0004768276224795809,0.271997384713011,-0.11825973248302932,0.520342822928233,0.21286751847042076,0.22727272727249237,0.36363636363702134,-0.16300291427510394,-0.3075996882122017,1.3714433478705819,-0.14459677393709774,1.6790430360827835,-0.33184214357903696,-0.15712874611791838,-0.010564111946185199,-0.4039201366995603,1.1082347402064439,3.0037972050852932,8.337311140099278,6.7438310005799735,0.024241988161366912,-2.1399101290380997,0.02543234994908805,1.445121429980961,1.0382346867731531,0.360283687943248,0.5824190177638858,3.3940543222813337,4.943256817817945,-0.2588190451025208,-0.9659258262890683,0.0,1.0,-6.650301142996362e-05,2.8911594127323248e-05,0.022069297183141295,0.3057714259827904,13,0,,,,,0.49056603773607566,LONDON_NY_OVERLAP,82.0,2.175979077699248,23.23803743304164,0.4376590330788608,7.343929387235701,17.91634947127628,0.5676567656765452,3.559782608696349,0.7136600875877378,CORE,CORE_GATE,M1_OHLC,0,4,V15_Q2,LOW,1,C,15
XAUUSD,C_DISPLACEMENT_MID_RETEST,V15_QUALITY_PRESERVING_EXPANDED,C_DISPLACEMENT_MID_RETEST|SELL|2020-05-26T14:11:00+00:00,2020-05-26 14:11:00+00:00,2020-05-26 14:12:00+00:00,SELL,UTC_12_17,0.459312563511562,11.0,1.8224337197397713,0.6074779065796991,0.3333333333332101,0.7321428571426686,0.07408267153440545,,0.5037621664320031,0.5467301159221335,4.0,100.0,1.6527844019264004,2.000232131421536,0.07408267153440545,,-1,-1,2,0.40004642628430714,0.3846153846152501,7.0,2.4550593210734215,0.49660744101484616,2.1964285714283722,0.5963060686016375,11.0,0.07408267153440545,0.4963538992787647,0.7402597402589425,0.8398006841661246,0.848308235282834,0.4732619932859103,48.33630615012176,0.07618204346408675,0.17003441803158403,-0.09385237456749729,22.27818848900268,17.671689125007454,25.095929908320592,29.87012987014122,0.3865196826443031,3.1204985867572663,-0.0002462140961912995,-2.897341399465958e-06,-0.0003591423449098574,-1.4486539107738672e-05,-0.0003533517732754454,-0.918625127023124,-0.037041335766865836,0.8297259211822418,0.6074779065796991,0.0,0.26785714285733137,-0.36369562644034714,0.3343604894981833,-0.3337624770710136,0.6980561159385305,-0.6681229665691969,-0.19565674481455925,0.38605092828549403,0.507994370611669,-0.08320902996410269,1.0748153569277727,2.444728160626621,4.54867603219619,-0.13600052496437343,0.014320454751874323,-0.8563015775096261,0.10204081632652164,1.2755710564150922,1.0045709790227921,0.537459283387623,0.37493321311674904,2.000232131421536,5.563608632213771,-0.4999999999999997,-0.8660254037844388,0.7818314824680298,0.6234898018587336,0.0003591423449098574,1.4486539107738672e-05,0.09385237456749729,7.424240783313138,14,1,,,,,0.9186991869919451,LONDON_NY_OVERLAP,131.0,2.000232131421536,22.765604962440328,0.6397657012691036,1.0964235387048886,14.39426307908283,1.011837364899617,4.100000000000505,1.0190798331746085,CORE,CORE_GATE,M1_OHLC,2,4,V15_Q2,MEDIUM,1,C,15
XAUUSD,C_DISPLACEMENT_MID_RETEST,V15_QUALITY_PRESERVING_EXPANDED,C_DISPLACEMENT_MID_RETEST|SELL|2020-05-26T20:07:00+00:00,2020-05-26 20:07:00+00:00,2020-05-26 20:08:00+00:00,SELL,UTC_18_23,0.4780894291075484,5.0,1.3280261919655019,0.867643778750408,0.6533333333330423,0.8333333333331037,0.22133769866051436,0.035414031785714506,0.4780894291075484,0.5000000000002637,4.0,100.0,1.2639498588405724,2.080574367412136,0.22133769866051436,,-1,-1,2,0.2656052383928588,0.5106382978720934,1.0,2.0982252601332387,0.30705735514155363,1.4563106796116891,0.8389380530972462,5.0,0.10624209535754613,1.407707763483158,0.8596491228066164,1.7702874069460899,1.5181326353466282,0.8571766864524696,41.7168088212738,-0.15173606648227178,-0.18067865595583826,0.028942589473566482,17.681536553178784,14.804988013533496,27.088046501395848,8.56031128405757,0.10572263175281416,1.9558326301165267,-0.000315357931251925,-0.0003708169945134676,-0.0004408617533451231,-1.4604296583953236e-05,-0.0004408617533451231,-1.3368796999117292,-0.04426753973194183,1.1686630489293839,0.867643778750408,0.09090909090902827,0.16666666666689633,-0.940084307072924,-1.7196865981262859,-6.541322782869575,-0.7796022910533619,-4.821636184743289,-0.18895832469955332,-0.3835299995091426,-2.2538419587528296,-0.9630907196202511,0.9276975793639296,2.275351542233969,2.762294479288147,-7.644939293581793,-0.04261090995935249,0.6523087037847084,0.06208213944600543,0.7665896894004837,0.8074435305250739,0.8237179487178843,0.496527777778258,5.887582784380069,0.5312104767865228,-0.8660254037844386,0.5000000000000001,0.7818314824680298,0.6234898018587336,0.0004408617533451231,1.4604296583953236e-05,-0.028942589473566482,12.283058487862352,20,1,,,,,0.14666666666744277,NEW_YORK,487.0,2.080574367412136,46.84391054459634,0.8975618975618959,25.949631791005455,17.202365939926725,2.0,2.306382978723971,1.0435047567457765,CORE,CORE_GATE,M1_OHLC,3,4,V15_Q2,HIGH,1,C,15
XAUUSD,A_OB_RETEST_SEQUENCE,V15_QUALITY_PRESERVING_EXPANDED,A_OB_RETEST_SEQUENCE|SELL|2020-06-01T18:50:00+00:00,2020-06-01 18:50:00+00:00,2020-06-01 18:51:00+00:00,SELL,UTC_18_23,0.733747634755493,4.0,1.4573746124801137,0.6983253351467499,0.4791666666666864,0.9693877551020692,0.5971187648357268,,1.9026835218488456,1.9026835218488456,2.0,6.914893617015422,0.09614624179558702,2.636431156604569,0.5971187648357268,,1,-1,1,0.26819741132432634,0.12977099236647316,2.0,2.659890439586645,0.5662657381152133,1.822784810126473,1.3002754820935936,4.0,2.1556999476268635,1.9026835218490756,-0.0623441396508694,0.6871323530676511,0.054428400281794305,-0.0324147595500759,46.00471067891,0.3152001490134353,0.5723588764595569,-0.25715872744612156,26.422472244654053,16.722563437376206,21.303864672446,10.80246913580039,-0.004790970670748967,2.472568054661484,-0.0003966987762705765,-0.0005748233136839698,-0.0013211063978886273,-0.0004886419490489624,0.0013620918044114916,-2.327751117155833,-0.8602558476443869,0.9918243890489471,0.6983253351467499,0.2653061224489654,0.030612244897930775,-0.7935054343567006,0.2639944660064307,2.8688361701218406,1.0574999003631314,2.60484170411541,-0.12040492292157275,0.6806080287246266,0.6462959479380898,-0.4819536669593362,1.051951527442879,3.2790928780799105,5.424672168675442,-6.8478476305847025,-0.184221669549949,-4.0860865566192786,0.02020655590479363,0.8230693496609846,1.027917421902341,0.6044776119402947,0.2708557107053682,2.9248698819910994,4.3923651515025455,-1.0,-1.8369701987210297e-16,0.0,1.0,0.0013211063978886273,0.0004886419490489624,0.25715872744612156,4.581301235069795,18,0,0.856382978723284,1.2156530524674354,,,,NEW_YORK,410.0,2.7325773984001556,17.883200973973896,0.3322014714204834,-3.2790928780799105,9.811976991662322,0.20371325425476727,2.859259259259137,1.9122047244094487,CORE,CORE_GATE,M1_OHLC,3,4,V15_Q2,HIGH,1,A,15
XAUUSD,C_DISPLACEMENT_MID_RETEST,V15_QUALITY_PRESERVING_EXPANDED,C_DISPLACEMENT_MID_RETEST|SELL|2020-06-02T11:54:00+00:00,2020-06-02 11:54:00+00:00,2020-06-02 11:55:00+00:00,SELL,UTC_06_11,1.0341863567986764,14.0,1.1852472853193743,0.3486021427406816,0.29411764705856125,0.7428571428568274,0.3486021427406816,,0.9528458568250581,0.5000000000002971,6.0,87.18422855908963,2.329655856283537,2.997978427572504,0.3486021427406816,,-1,-1,2,0.19754121421945536,0.20370370370395322,8.0,2.8418764262242395,0.4684411691576492,1.2289156626506883,0.9265770423992131,14.0,0.31374192846687765,0.13944085709627263,-0.3846153846157434,0.11395679082756571,0.2933096258803517,0.03235803790339954,45.931703075447764,0.03522929339669645,0.16187108875415027,-0.12664179535745382,22.10252663401314,15.002700441780402,28.301373494579803,15.350877192997064,0.15567694636988993,3.5451837752209614,-0.00010644296383233165,-9.781329743019374e-05,6.042365614922218e-05,-0.0006613053016558679,-0.00022724265488460738,0.24402149991874134,-2.672616427681201,0.8134049997293139,0.3486021427406816,0.3142857142859556,0.2571428571431727,-0.6665144169446493,0.24634257432124218,0.9520564927917683,0.9128569912658915,0.7057139184705261,-0.2288954250539334,0.37724565861034587,1.3372195919915566,-0.3482854400245444,0.8300980152327415,2.4402149991874134,4.764229284126876,-2.9143412492964416,0.02921632588731729,1.5250646578464853,0.1531291611185114,0.8235125698588289,0.8110387377233965,0.5121951219513196,0.5436090225567816,3.06769885612064,6.797741783449896,0.258819045102521,-0.9659258262890682,0.7818314824680298,0.6234898018587336,-6.042365614922218e-05,0.0006613053016558679,0.12664179535745382,13.298673052799401,11,1,,,,,0.294117647059453,LONDON,294.0,2.997978427572504,20.253784493251832,0.6448651749856504,0.24402149991874134,16.54698170877248,0.789325842696626,1.1627906976744513,0.8093563265951879,CORE,CORE_GATE,M1_OHLC,1,4,V15_Q2,LOW,1,C,15
XAUUSD,B_FVG_RETEST_SEQUENCE,V15_QUALITY_PRESERVING_EXPANDED,B_FVG_RETEST_SEQUENCE|SELL|2020-06-03T13:23:00+00:00,2020-06-03 13:23:00+00:00,2020-06-03 13:24:00+00:00,SELL,UTC_12_17,0.7790693881758407,16.0,1.4179062864801577,0.4362788573784283,0.30769230769225003,0.7073170731705017,0.015581387763856924,0.5843020411318806,0.9037204902842162,0.5843020411318806,14.0,30.66666666666909,1.3711621231892954,2.2281384501826493,0.015581387763856924,,-1,-1,2,0.5609299594864494,0.897727272727352,2.0,3.2506709098379316,1.0269340404000415,1.6851851851854502,0.9982905982905416,16.0,0.015581387763856924,0.03895346940893375,0.42857142856400415,0.9879247233611944,1.431199472971592,0.6747101583860842,55.49972067471854,-0.018216271051869626,-0.10071817589136647,0.08250190483949685,14.857288930774951,29.10294422945358,19.16323074354263,84.96420047732619,0.6757638452124005,4.104474686357347,-0.00011343045695022536,0.0005791871007174709,0.00048600622204375554,-0.00011343045695022536,0.0002764126870513639,1.3010458782537107,-0.3038370613884787,0.638836898304317,0.4362788573784283,0.02439024390241197,0.29268292682949826,0.8316518495786223,0.7941499812331024,-0.8995167474160677,-0.037501868345519836,-1.6936667286491702,0.14716401348897665,-0.19152951512997135,0.708404075175485,-0.5206090676528429,0.9917845758408856,3.2643007364571694,5.001625472088954,9.590967989916713,0.17305079968294815,0.42293779492032435,0.030395136778083993,0.7818198818621018,0.9695492852180466,0.6526479750779536,0.6779612516623078,2.2281384501826493,2.7968591035513817,-0.2588190451025208,-0.9659258262890683,0.9749279121818236,-0.22252093395631434,-0.00048600622204375554,0.00011343045695022536,-0.08250190483949685,-9.93971348591095,13,2,,,0.41208791208787504,0.3066666666666909,,LONDON_NY_OVERLAP,83.0,2.2281384501826493,29.26184621988489,0.684504792332262,12.893598374309951,17.50568915231134,1.1441922563417777,4.143356643357245,0.7874176842912858,CORE,CORE_GATE,M1_OHLC,1,4,V15_Q2,LOW,1,B,15
XAUUSD,A_OB_RETEST_SEQUENCE,V15_QUALITY_PRESERVING_EXPANDED,A_OB_RETEST_SEQUENCE|SELL|2020-06-03T13:43:00+00:00,2020-06-03 13:43:00+00:00,2020-06-03 13:44:00+00:00,SELL,UTC_12_17,2.0970274344837683,8.0,0.772589054809866,0.34687671848574037,0.448979591836318,0.3548387096771591,0.4887808305939017,0.039417808919013385,0.6779863134043056,0.6779863134043056,2.0,75.58139534882369,2.6567603211317508,3.1691918370767738,0.4887808305939017,,-1,-1,2,0.520315077728969,0.10059171597625016,6.0,4.140788841966181,0.25146490943131744,0.9607843137255252,0.5892714171335883,8.0,0.4887808305939017,0.13402055032421528,-0.5696202531643529,0.7143511705683938,1.4038163092511837,0.5435772985111367,48.02646065818601,0.0047906815625538,0.12989212302270503,-0.12510144146015123,13.495590789086243,21.159955324614778,23.284639278032188,27.956989247319363,0.3261679795642799,3.9614630267006445,-0.00012216369353201806,6.691181604501217e-05,7.564010438332325e-05,-0.00017160241755820316,0.00023277535141819072,0.20497260637829598,-0.4651301452427805,0.9775616611878034,0.34687671848574037,0.0,0.6451612903228409,-0.34628883479020006,-0.07423827031629102,-1.029253110269789,0.272050564473909,-0.955014839953498,-0.29301429602256995,0.11692663588837238,0.07718184176632412,1.9540801317245122,1.0039459159232886,4.399027475345832,5.778650787506282,2.0301482794932753,0.009065999293674465,-1.1194375136550203,0.01685772083614407,1.0303330400990902,0.9749455848653195,0.7612551159617984,0.6133709850665172,3.1691918370767738,2.609458950429508,-0.2588190451025208,-0.9659258262890683,0.9749279121818236,-0.22252093395631434,-7.564010438332325e-05,0.00017160241755820316,0.12510144146015123,2.12468395341741,13,2,0.13953488372085646,0.7041017464070027,,,,LONDON_NY_OVERLAP,103.0,3.1691918370767738,29.610658059855446,0.6911608093716656,13.244383796740099,17.71436332814037,1.1553182020471626,2.8855721393039127,0.7181271816988162,CORE,CORE_GATE,M1_OHLC,2,4,V15_Q2,MEDIUM,1,A,15
XAUUSD,B_FVG_RETEST_SEQUENCE,V15_QUALITY_PRESERVING_EXPANDED,B_FVG_RETEST_SEQUENCE|SELL|2020-06-03T13:53:00+00:00,2020-06-03 13:53:00+00:00,2020-06-03 13:54:00+00:00,SELL,UTC_12_17,1.970539814891558,18.0,0.7259883528548378,2.266861591567401,3.1224489795921873,0.9935064935066469,0.022224133251142992,0.03704022208456456,0.6370918198519502,0.03704022208456456,12.0,100.0,3.133602788342438,3.459556742685798,0.022224133251142992,,-1,-1,2,0.4889309315143657,0.10059171597625016,6.0,4.140788841966181,0.25146490943131744,0.9607843137255252,0.5892714171335883,18.0,0.3185459099256382,0.11112066625369368,-0.48275862068770853,0.6011413847019073,1.3503861143743883,0.47016839806678207,42.61522645478605,0.12401263436913723,0.1458148811250709,-0.021802246755933674,15.827058170120505,24.92983568944331,30.353101526180687,18.49593495934636,0.14300344841817356,3.3378023938228187,-0.000941811184298702,-0.0006484122622610888,-0.0005292605474067624,-0.0001134601565750959,-0.00026179228818112854,-1.3482640838737032,-0.2889137322587951,2.281677680400822,2.266861591567401,0.0,0.006493506493353096,-1.2567962033445987,-0.8757251264527249,-1.4575621314989562,0.38107107689187386,-0.5818370050462311,0.1950134263407061,0.3244418418313951,-0.7814050569899008,0.14086194374410443,1.0561827669754813,2.985441900004854,4.133688784622312,-12.071881139173861,-0.04523504081430152,1.3356971366321275,0.24337646333954613,1.1337399248728295,1.044406524511708,0.7222222222221861,0.3624633975514113,3.459556742685798,1.970539814891558,-0.2588190451025208,-0.9659258262890683,0.9749279121818236,-0.22252093395631434,0.0005292605474067624,0.0001134601565750959,0.021802246755933674,5.423265836737379,13,2,,,0.05102040816344997,1.0,,LONDON_NY_OVERLAP,113.0,3.459556742685798,27.824614829823968,0.7084664536741294,12.927037507466205,16.645875804742943,1.1842456608811873,2.344753747323265,0.7102595903006457,CORE,CORE_GATE,M1_OHLC,4,4,V15_Q2,VERY_HIGH,2,A+B,15
XAUUSD,A_OB_RETEST_SEQUENCE,V15_QUALITY_PRESERVING_EXPANDED,A_OB_RETEST_SEQUENCE|SELL|2020-06-04T06:47:00+00:00,2020-06-04 06:47:00+00:00,2020-06-04 06:48:00+00:00,SELL,UTC_06_11,0.5693327246756852,6.0,1.7978928147645328,0.5992976049210568,0.3333333333330807,0.5526315789473054,0.5243854043062653,,0.8390166468894794,0.8390166468894794,3.0,14.285714285714285,1.003823488243792,2.352243099316851,0.5243854043062653,,1,-1,1,0.44947320369011123,0.6071428571423642,3.0,2.4263774157453666,0.6323286598608123,1.6216216216218542,0.7155425219941196,6.0,0.5393678444296324,1.2435425302122147,0.39495798319309106,1.4648749049957506,0.4729010390825668,-0.3958674452707234,42.45800154543715,-0.11635240061013974,-0.13047252273989315,0.014120122129753415,21.97656656924158,14.813859859175826,28.14043496302045,17.801047120427825,0.1930510307230635,1.9695178009207053,-0.00011740155146144904,2.3483618708297627e-05,-0.00022890749495951823,-6.457426480721562e-05,-0.000750893886374504,-1.168630329596742,-0.3296136827065812,1.1386654493513704,0.5992976049210568,0.02631578947425107,0.4473684210526946,-0.7977421986116914,-1.3981419476917996,1.9015470699668444,-0.6003997490801082,3.299689017658644,-0.23360750270328645,-0.3554440693669853,-1.6673666233859716,0.06596506846871128,1.0194908285668542,2.8616460635004306,5.992976049216018,1.7750999007927106,-0.024633503241817983,0.16242402078429308,0.03656597774244879,1.2133342978256207,0.8757420085026338,0.4774999999999637,0.5750487329428086,4.989152560972226,1.6780332937803215,1.0,6.123233995736766e-17,0.43388373911755823,-0.900968867902419,0.00022890749495951823,6.457426480721562e-05,-0.014120122129753415,13.326575103844624,6,3,0.42857142857142855,0.39704357712202987,,,,ASIA,587.0,2.352243099316851,25.110569646215442,0.26610978520286266,-11.326724733018192,25.110569646215442,0.26610978520286266,7.834394904460167,0.3767706820743508,CORE,CORE_GATE,M1_OHLC,1,4,V15_Q2,LOW,1,A,15
XAUUSD,C_DISPLACEMENT_MID_RETEST,V15_QUALITY_PRESERVING_EXPANDED,C_DISPLACEMENT_MID_RETEST|SELL|2020-06-04T06:51:00+00:00,2020-06-04 06:51:00+00:00,2020-06-04 06:52:00+00:00,SELL,UTC_06_11,0.6325516750067093,10.0,1.9975316052834686,0.46609070789912277,0.23333333333315648,0.7727272727272727,0.3329219342136591,,0.9321814157982455,0.5992594815845864,7.0,52.77777777771462,1.5147948006732843,2.3637457329184937,0.3329219342136591,,1,-1,1,0.4993829013197317,0.6071428571423642,3.0,2.4263774157453666,0.6323286598608123,1.6216216216218542,0.7155425219941196,10.0,0.8156587388246003,1.131934576327198,0.16239316239281026,1.4580101439418858,0.4729010390825668,-0.3952816010656538,44.61025209547081,-0.09925729479550682,-0.11338039294102671,0.014123098145519888,22.892579912440084,14.539351411242988,23.601294479241528,25.65445026179444,0.28199626935736655,2.0654550942646357,-5.576671900908714e-05,-3.815684812680242e-05,-7.337596966328075e-05,-0.00019075512617716672,-0.000495812002171081,-0.41615241776669537,-1.0819962861955275,0.7324282552700501,0.46609070789912277,0.13636363636363635,0.22727272727272727,-0.5093521533216231,-1.149040284556159,2.2595176016135934,-0.6396881312345359,3.4085578861697523,-0.2205774768651744,-0.4050895754662572,-1.446691516553446,-0.5883833294884117,0.9262901539044534,2.3637457329192504,5.0937055934727695,-1.2967396978196675,0.00012000638907545824,0.2696958156323106,0.023765996343626604,1.2380159224658591,0.7983095013931287,0.4640522875818003,0.6060606060607853,5.293458754001722,2.114054282258628,1.0,6.123233995736766e-17,0.43388373911755823,-0.900968867902419,7.337596966328075e-05,0.00019075512617716672,-0.014123098145519888,9.06194306799854,6,3,,,,,0.4500000000000379,ASIA,591.0,2.3637457329184937,27.89885808713037,0.2571599045345996,-12.834140563948292,27.89885808713037,0.2571599045345996,8.767605633805367,0.37237090776077547,CORE,CORE_GATE,M1_OHLC,0,4,V15_Q2,LOW,2,A+C,15
XAUUSD,C_DISPLACEMENT_MID_RETEST,V15_QUALITY_PRESERVING_EXPANDED,C_DISPLACEMENT_MID_RETEST|SELL|2020-06-05T04:05:00+00:00,2020-06-05 04:05:00+00:00,2020-06-05 04:06:00+00:00,SELL,UTC_00_05,1.1735403046137594,8.0,1.696209515913146,0.5522542609952906,0.32558139534902164,0.9655172413793645,0.24654208080129286,0.6903178262434406,0.6114243603870987,0.5088628547743923,7.0,98.44961240313903,1.8559687842717452,2.4161123918524905,0.24654208080129286,4.763193001080906,-1,1,1,0.3254355466576348,0.0348837209299405,1.0,2.6248951220631556,0.07553655027513695,2.1500000000004404,1.1629392971245274,8.0,0.11834019878451295,0.6508710933152696,0.6923076923078716,0.2785464836367412,0.683104290549784,-0.16117961556103064,46.48175399446194,-0.08733787264327475,-0.019190932820805567,-0.06814693982246918,13.551297714573579,19.190920927100112,18.647349792565404,30.640668523685772,0.3339655983747287,3.5102693978417254,-0.0001399612773799186,4.957901582747226e-05,0.00017208942816737682,-0.00020992722522861218,-0.0008653820938751,0.5818393106911947,-0.7100411927079746,0.5719776274593762,0.5522542609952906,0.0,0.03448275862063558,-0.39261672529995223,-0.1730763640049217,-0.37986409301614854,0.2195403612950305,-0.2067877290112268,-0.28769497516626935,-0.04263265802787773,-0.07878670879850862,-0.5406927840420326,1.0326017650064843,3.540344280306709,4.0038433922133905,1.9209344918016242,0.06499032870841188,-3.1225969266362235,0.12814645308922223,1.044550329561222,1.1566081533187724,0.8842364532019192,0.3966794380587435,3.047260118704123,4.516650920279614,0.8660254037844386,0.5000000000000001,-0.433883739117558,-0.9009688679024191,-0.00017208942816737682,0.00020992722522861218,0.06814693982246918,-0.5435711345347087,4,4,,,,,0.639534883721047,ASIA,425.0,2.4161123918524905,7.81045311978503,0.3901515151515299,1.0453384225974278,7.81045311978503,0.3901515151515299,1.971428571428688,0.5788259866846526,CORE,CORE_GATE,M1_OHLC,2,4,V15_Q2,MEDIUM,1,C,15
XAUUSD,C_DISPLACEMENT_MID_RETEST,V15_QUALITY_PRESERVING_EXPANDED,C_DISPLACEMENT_MID_RETEST|SELL|2020-06-05T11:27:00+00:00,2020-06-05 11:27:00+00:00,2020-06-05 11:28:00+00:00,SELL,UTC_06_11,0.8174790451596368,9.0,1.1483634205821005,0.11678272073702774,0.10169491525411971,0.4,0.058391360368956424,0.2724930150530647,0.5060584565280053,0.4999999999996479,1.0,65.57102943161468,2.212169028874945,2.5010966024537784,0.058391360368956424,,-1,-1,2,0.15571029431647954,0.2199999999997999,8.0,2.528807632937848,0.21227217356819375,1.3258426966293915,0.8041237113402401,9.0,0.09731893394752313,0.04865946697398284,-0.33333333333131226,0.3633972661349064,0.5206377557852019,0.16650788085295307,46.09684299667654,0.032079001701276866,0.08300956800614952,-0.05093056630487265,20.59117980950346,15.93710963558189,27.96968954481714,16.320474777451796,0.3949173553209085,4.801922087700317,4.974469268015369e-05,-0.0002895913836326036,-7.021937703699521e-05,0.0002868315069775029,-0.00029251569346699924,-0.23356544147405547,0.9537255526861691,0.29195680184256934,0.11678272073702774,0.0,0.6,-0.6062935318430565,-0.5954130036891405,-1.419568337570175,0.010880528153915906,-0.8241553338810346,-0.11510788960138241,0.18437751342951259,-0.6667182115148813,-1.527969247945266,0.8417670416074704,3.2796480740348484,5.848867930251229,-5.582829630535741,-0.10371032165550016,0.7339908495020318,0.09603524229076633,0.9436753660765101,0.8327370313706595,0.5607321131448383,0.4285567539806206,4.058199545615476,3.1044739929284217,0.258819045102521,-0.9659258262890682,-0.433883739117558,-0.9009688679024191,7.021937703699521e-05,-0.0002868315069775029,0.05093056630487265,12.032579909235249,11,4,,,,,0.9322033898305868,LONDON,267.0,2.5010966024537784,17.439552963412076,0.8097098214285803,12.145402956661949,17.439552963412076,0.8097098214285803,1.3268482490270963,0.8203388392951805,CORE,CORE_GATE,M1_OHLC,1,4,V15_Q2,LOW,1,C,15
XAUUSD,B_FVG_RETEST_SEQUENCE,V15_QUALITY_PRESERVING_EXPANDED,B_FVG_RETEST_SEQUENCE|SELL|2020-06-05T11:35:00+00:00,2020-06-05 11:35:00+00:00,2020-06-05 11:36:00+00:00,SELL,UTC_06_11,0.7756296935108132,17.0,1.0895750456468123,0.44321696772106456,0.4067796610172496,0.9210526315796402,0.20314111020468312,0.2585432311701311,0.48015171503108334,0.2585432311701311,9.0,100.0,1.532792013367457,2.1145142835008817,0.20314111020468312,,-1,-1,2,0.14773898924049483,0.2199999999997999,8.0,2.528807632937848,0.21227217356819375,1.3258426966293915,0.8041237113402401,17.0,0.20314111020468312,0.24930954434325628,0.1020408163288034,0.3682188297314776,0.537685675685804,0.17312699341829219,49.12987665091754,-0.028584528954752386,-0.020019117222641835,-0.008565411732110551,21.288163831414984,20.414413387746908,29.85519320586973,55.487804878044216,0.35917432561579427,3.455444455975962,-0.00013164245908126038,0.00029851794619628613,2.3406732946762432e-05,-0.0006169572603590412,0.0005357033081874185,0.07386949462003746,-1.9483079206057976,0.7017601988911957,0.44321696772106456,0.28947368421077824,0.0789473684203598,-0.10499921699569027,-0.19464215703848484,-0.9955346524604938,-0.08964294004279455,-0.8008924954220089,-0.03440570924732157,-0.16521163097625122,-0.19893894147358115,-0.768388150980621,0.9044848798965539,2.5946659985311253,4.506039171826484,6.6814470596750155,0.0699737773909535,-0.9959906444208677,0.05573770491805332,0.8147445745465145,0.8880129057151454,0.5758196721311235,0.42025518341284496,3.296426197422741,3.2040893291464343,0.258819045102521,-0.9659258262890682,-0.433883739117558,-0.9009688679024191,-2.3406732946762432e-05,0.0006169572603590412,0.008565411732110551,9.44077981812282,11,4,,,0.237288135592946,1.0,,LONDON,275.0,2.1145142835008817,16.546766794903508,0.7940848214285946,11.265097929566211,16.546766794903508,0.7940848214285946,1.611353711789924,0.7917515274949084,CORE,CORE_GATE,M1_OHLC,3,4,V15_Q2,HIGH,2,B+C,15
XAUUSD,C_DISPLACEMENT_MID_RETEST,V15_QUALITY_PRESERVING_EXPANDED,C_DISPLACEMENT_MID_RETEST|SELL|2020-06-05T16:09:00+00:00,2020-06-05 16:09:00+00:00,2020-06-05 16:10:00+00:00,SELL,UTC_12_17,1.05191512231371,5.0,0.9458008775188856,0.5028892470710464,0.5317073170732016,0.8014184397161817,0.3990818336847505,0.8673686096272414,2.0438526280044225,0.49999999999992994,3.0,88.29340138247906,2.4236176025476084,3.003494493974898,0.3990818336847505,,-1,-1,2,0.2629787805785324,0.006920415224907506,2.0,2.940414205127699,0.4813566958023942,1.037974683544094,1.1932049830124618,5.0,0.14302354733211803,1.9515793716611882,0.8634361233480405,1.4869301165430397,0.9278690695085038,0.6586514088842037,39.098574323249096,-1.5587005767906703,-1.4991664563506653,-0.059534120440005056,23.60644830682004,19.924647512424265,27.903144813922633,4.015544041450174,0.09230575100624593,3.725101498460647,-0.0006172015251999508,0.00014253939878083877,-0.0021687025411148975,-0.002641483732073069,-0.0036446577068830477,-1.6886005910826558,-2.0576936164560125,0.650526457220431,0.5028892470710464,0.028368794326213687,0.19858156028381832,-1.3554009476103515,-3.094338991642039,-7.273852436111691,-1.738938044031688,-4.179513444469652,-0.6697456000839612,-1.03236258357348,-3.6636655804969824,-0.4058563913195264,1.0088186379760247,3.56174769485199,5.377224013406855,1.9564363197915213,-0.14266495230789134,-1.9462111065452596,0.296783329961567,1.3280713786775733,1.8877555404618958,0.6623766623766468,0.519620863576363,9.52952054885607,0.8858232608958883,-0.8660254037844384,-0.5000000000000004,-0.433883739117558,-0.9009688679024191,0.0021687025411148975,0.002641483732073069,0.059534120440005056,7.978497301498368,16,4,,,,,0.30243902439023096,NEW_YORK,249.0,3.003494493974898,15.686453578364093,0.9435294117647037,14.33234354152582,4.133841884180672,2.0,0.29493087557605874,2.970621828599247,CORE,CORE_GATE,M1_OHLC,3,4,V15_Q2,HIGH,1,C,15
XAUUSD,A_OB_RETEST_SEQUENCE,V15_QUALITY_PRESERVING_EXPANDED,A_OB_RETEST_SEQUENCE|SELL|2020-06-05T21:42:00+00:00,2020-06-05 21:42:00+00:00,2020-06-05 21:43:00+00:00,SELL,UTC_18_23,0.4612642661285128,7.0,1.197668620824213,0.2913247996601327,0.24324324324340102,1.0,0.008092355545920577,,0.4855413327670105,0.4855413327670105,2.0,8.333333333358597,0.9872673766258622,2.0473659531664814,0.008092355545920577,,-1,-1,2,0.590741954866186,0.5118110236221262,5.0,2.247136869597685,0.2924356200162138,1.2032520325199525,0.9969788519637833,7.0,0.008092355545920577,0.12138533319175263,0.8750000000028421,0.9101011074787293,2.406978453205054,0.7095692649953496,46.440531139251036,-0.006213317892161285,0.024168140150337546,-0.03038145804249883,14.49193014098836,13.673147344945297,12.977292138423374,13.356164383556951,0.2747799366920484,2.1522598390760357,-0.0001160614113662195,-0.0002231711127310687,-0.0003659483566538224,-0.00021722117579148215,-0.00040163629602074646,-0.9953597321717828,-0.590741954866186,0.6150190215043156,0.2913247996601327,0.5263157894733693,0.0,-0.4230613309246381,-0.5897510001839232,-1.5183639576552133,-0.1666896692592851,-0.9286129574712899,-0.0933777555911386,-0.026464911542781966,-0.9879922177702014,-1.7580602453568148,0.9932407233656709,2.362967819464744,3.6253752846585297,-4.085082310570478,-0.08501798464664767,-2.975429507028627,0.06939501779362188,1.13949420114044,1.0001014264713366,0.6517857142856617,0.2826086956520989,3.63346764020445,1.578009331492048,-0.7071067811865477,0.7071067811865474,-0.433883739117558,-0.9009688679024191,0.0003659483566538224,0.00021722117579148215,0.03038145804249883,-0.695855206521923,21,4,0.033333333332524896,0.7849587695166161,,,,ASIA,42.0,2.0473659531664814,73.62425075852677,0.7939107496152962,56.808335933705635,14.501501138632646,2.0,7.411067193675483,1.1173278987904613,CORE,CORE_GATE,M1_OHLC,2,4,V15_Q2,MEDIUM,1,A,15
XAUUSD,C_DISPLACEMENT_MID_RETEST,V15_QUALITY_PRESERVING_EXPANDED,C_DISPLACEMENT_MID_RETEST|SELL|2020-06-05T21:42:00+00:00,2020-06-05 21:42:00+00:00,2020-06-05 21:43:00+00:00,SELL,UTC_18_23,0.4612642661285128,7.0,1.197668620824213,0.2913247996601327,0.24324324324340102,1.0,0.008092355545920577,,0.4855413327670105,0.5000000000003323,2.0,100.0,1.5141335090524712,2.0473659531664814,0.008092355545920577,,-1,-1,2,0.590741954866186,0.5118110236221262,5.0,2.247136869597685,0.2924356200162138,1.2032520325199525,0.9969788519637833,7.0,0.008092355545920577,0.12138533319175263,0.8750000000028421,0.9101011074787293,2.406978453205054,0.7095692649953496,46.440531139251036,-0.006213317892161285,0.024168140150337546,-0.03038145804249883,14.49193014098836,13.673147344945297,12.977292138423374,13.356164383556951,0.2747799366920484,2.1522598390760357,-0.0001160614113662195,-0.0002231711127310687,-0.0003659483566538224,-0.00021722117579148215,-0.00040163629602074646,-0.9953597321717828,-0.590741954866186,0.6150190215043156,0.2913247996601327,0.5263157894733693,0.0,-0.4230613309246381,-0.5897510001839232,-1.5183639576552133,-0.1666896692592851,-0.9286129574712899,-0.0933777555911386,-0.026464911542781966,-0.9879922177702014,-1.7580602453568148,0.9932407233656709,2.362967819464744,3.6253752846585297,-4.085082310570478,-0.08501798464664767,-2.975429507028627,0.06939501779362188,1.13949420114044,1.0001014264713366,0.6517857142856617,0.2826086956520989,3.63346764020445,1.578009331492048,-0.7071067811865477,0.7071067811865474,-0.433883739117558,-0.9009688679024191,0.0003659483566538224,0.00021722117579148215,0.03038145804249883,-0.695855206521923,21,4,,,,,0.5270270270270104,ASIA,42.0,2.0473659531664814,73.62425075852677,0.7939107496152962,56.808335933705635,14.501501138632646,2.0,7.411067193675483,1.1173278987904613,CORE,CORE_GATE,M1_OHLC,2,4,V15_Q2,MEDIUM,2,A+C,15
XAUUSD,A_OB_RETEST_SEQUENCE,V15_QUALITY_PRESERVING_EXPANDED,A_OB_RETEST_SEQUENCE|SELL|2020-06-12T02:48:00+00:00,2020-06-12 02:48:00+00:00,2020-06-12 02:49:00+00:00,SELL,UTC_00_05,1.2059710080328259,2.0,1.3567173840373574,0.5383799143006397,0.3968253968254713,0.9736842105269456,0.4737743245851114,,1.8950972983384868,1.8950972983384868,1.0,17.045454545462764,0.13997877771730455,2.508850400640903,0.4737743245851114,,-1,-1,2,4.89653679597395e-13,0.303571428570776,1.0,2.0601257857249426,0.053096025405486136,1.555555555554495,1.136563876651931,2.0,0.10767598285954036,0.18304917086278552,0.2592592592632516,0.36298238791760534,0.4719397797404304,0.1529672070323466,47.268091270946115,0.18939548808452855,0.23623880320205798,-0.04684331511752943,19.531009446472712,17.408786084345234,16.357548751769176,0.816326530593002,0.1839711737424201,2.3781955882450494,-0.00011275749909656074,-0.0005750863351975388,-0.0002197090589515227,-0.00023705039922761184,0.000651020945513725,-0.8183374697372074,-0.8829430594532255,0.8183374697372074,0.5383799143006397,0.3157894736850293,0.026315789473054366,-0.5580284136761033,-0.022500397379359428,-0.13785318378511177,0.5355280162967438,-0.11535278640575235,0.3385471158567331,0.4611767258027033,0.21775566647619019,0.813726114526207,1.1600852805969488,2.638061580072939,6.762051723615761,-17.997857372429237,-0.10267838175587615,-0.5760129677157018,0.015555555555487736,0.9408850630110209,1.1166541212646774,0.3901273885350187,0.03522695627939967,3.499469442954158,4.145525340114339,0.49999999999999994,0.8660254037844387,-0.433883739117558,-0.9009688679024191,0.0002197090589515227,0.00023705039922761184,0.04684331511752943,-1.0512373325760578,2,4,0.7727272727275076,0.9344900471332723,,,,ASIA,348.0,2.508850400640903,7.644994783068497,0.4577464788732746,0.41993633315485157,7.644994783068497,0.4577464788732746,1.6523605150212766,0.2739849519780867,CORE,CORE_GATE,M1_OHLC,3,4,V15_Q2,HIGH,1,A,15
XAUUSD,A_OB_RETEST_SEQUENCE,V15_QUALITY_PRESERVING_EXPANDED,A_OB_RETEST_SEQUENCE|SELL|2020-06-16T15:16:00+00:00,2020-06-16 15:16:00+00:00,2020-06-16 15:17:00+00:00,SELL,UTC_12_17,0.4894560923846894,4.0,0.8463511597488201,1.0604882001672522,1.253012048192837,0.9720279720279943,1.7538843310456973,,0.8361541578241439,0.8361541578241439,1.0,32.31707317071869,1.3409057530961954,3.324222627447455,1.7538843310456973,0.5353426010460801,-1,1,1,0.8361541578243757,0.15441176470575327,3.0,2.24073681128585,0.6130317691252629,0.8924731182794305,1.0616403464085353,4.0,0.0203940038493524,0.8616466626359504,0.9537572254335686,0.0584299831006311,0.39048991565884467,-0.021698557582813426,33.36233761594687,-0.5685526967781698,-0.46435071713099974,-0.10420197964717004,32.46441469935083,10.981994325971323,32.074007920268826,1.2121212121201264,-0.2757393302497678,2.7426796200992873,-0.000660289658647506,-0.0011636085759688664,-0.0017646122915372375,-0.001868558751131677,-0.0030854300101403886,-3.1100855870292548,-3.2936316216734265,1.4581712752298557,1.0604882001672522,0.24475524475520918,0.027972027972005733,-2.1411455724640924,-2.998899933944203,-3.826722303287257,-0.8577543614801105,-0.8278223693430538,-0.5213919510026682,-0.5394425446173745,-3.4454862233611454,0.4221493432242748,1.0793343600105743,3.36501063514616,5.761306087447385,-11.428362829230018,-0.18287965862230005,2.1336296308954488,0.1506080449017885,1.0200958370537236,1.1666181947022953,0.5840707964601596,0.3466734069143112,6.944158310710752,0.0407880076987048,-0.7071067811865471,-0.7071067811865479,0.7818314824680298,0.6234898018587336,0.0017646122915372375,0.001868558751131677,0.10420197964717004,21.092013594297505,15,1,0.012195121951209368,0.1955359953244042,,,,LONDON_NY_OVERLAP,196.0,3.324222627447455,11.502218171045186,0.6640070921985839,-0.04588650866115882,8.815308163890805,0.8663967611335833,0.3542944785276697,1.2471428951404835,CORE,CORE_GATE,M1_OHLC,3,4,V15_Q2,HIGH,1,A,15
XAUUSD,C_DISPLACEMENT_MID_RETEST,V15_QUALITY_PRESERVING_EXPANDED,C_DISPLACEMENT_MID_RETEST|SELL|2020-06-17T07:31:00+00:00,2020-06-17 07:31:00+00:00,2020-06-17 07:32:00+00:00,SELL,UTC_06_11,1.193408186230265,9.0,1.3018998395238133,0.21698330658709666,0.16666666666650876,1.0,0.3661593298666507,,1.7901122793447808,0.5000000000001379,1.0,1.1787560177933785,1.702849759285651,2.6851684190184044,0.3661593298666507,,1,-1,1,0.054245826646774166,0.17391304347858325,8.0,2.2964106491308076,0.06523893889599083,1.6842105263160414,1.217391304347638,9.0,0.02712291332277038,0.06780728330877606,0.42857142858256525,0.15027023695395686,0.1862520973761274,-0.027462539214358535,47.5215370337096,0.1271698072862364,0.17189891816461955,-0.04472911087838316,30.070224181520373,27.622771696891995,16.878223867666126,0.0,0.3362426815127461,3.962666873501362,-6.371031498964008e-05,-0.00042554669723660066,-0.000179526455539758,-4.633557964361934e-05,-1.1584297484712458e-05,-0.840810313026233,-0.21698330658709666,0.4882124398215842,0.21698330658709666,0.555555555556117,0.0,-0.5115805465278951,0.2283997781173494,1.6300146069771844,0.7399803246452445,1.4016148288598351,0.1631614555838804,0.5245716924794949,0.26558320588326767,-1.0427886160184294,1.13692488010323,2.6851684190184044,6.7536054175289335,-15.763977197760497,-0.07223833388687645,-0.6907464189944648,0.12679738562093928,0.9763281036670138,1.0980408892402587,0.3975903614459129,0.1464646464645736,3.2276266854861464,3.5259787320427876,0.9659258262890683,-0.25881904510252063,0.9749279121818236,-0.22252093395631434,0.000179526455539758,4.633557964361934e-05,0.04472911087838316,-10.74454782922587,7,2,,,,,0.0,LONDON,31.0,2.6851684190184044,17.385787440307155,0.4040561622465074,-2.983520465575046,17.385787440307155,0.4040561622465074,3.8585858585848727,0.45798269527083085,CORE,CORE_GATE,M1_OHLC,1,4,V15_Q2,LOW,1,C,15
XAUUSD,A_OB_RETEST_SEQUENCE,V15_QUALITY_PRESERVING_EXPANDED,A_OB_RETEST_SEQUENCE|SELL|2020-06-17T07:34:00+00:00,2020-06-17 07:34:00+00:00,2020-06-17 07:35:00+00:00,SELL,UTC_06_11,1.1992575400906595,12.0,1.3082809528260615,0.49060535730992794,0.3750000000001184,1.0,0.6405125498207956,,1.7988863101353696,1.7988863101353696,4.0,38.636363636388694,0.0953954861444062,1.6898628974005876,0.6405125498207956,,1,-1,1,0.05451170636770091,0.17391304347858325,8.0,2.2964106491308076,0.06523893889599083,1.6842105263160414,1.217391304347638,12.0,0.1362792659192523,0.09539548614378647,-0.17647058823372058,0.20129750510631775,0.1862520973761274,-0.036571840646096566,53.77467784358165,0.12818039715602936,0.1505549710349392,-0.022374573878909843,27.66205721067958,27.82887511115044,18.028331710693625,43.642611683850355,0.5108548710114666,2.6992529106505785,-8.39620838808397e-05,0.00021431198612198443,2.0268822497282457e-05,-2.605870737215632e-05,0.0008316960223486713,0.09539548614378647,-0.12265133932701719,0.49060535730992794,0.49060535730992794,0.0,0.0,0.34378556435952606,1.0885133869815067,2.5658236091624955,0.7447278226219807,1.4773102221809888,0.06822709368684723,0.47832619329313475,1.1331594882606257,-0.8402359906394109,1.123992213340704,3.3252140884322348,6.7867074427843415,6.2531408098720505,0.022354536999473318,-2.4081669708407922,0.15058823529413312,0.8641415875180587,1.0926852175020072,0.48995983935739235,0.5157706093189053,2.2349799610775967,4.551727481706744,0.9659258262890683,-0.25881904510252063,0.9749279121818236,-0.22252093395631434,-2.0268822497282457e-05,2.605870737215632e-05,0.022374573878909843,-9.800543400456817,7,2,0.6666666666668963,1.278683202356199,,,,LONDON,34.0,1.6898628974005876,17.471001890864255,0.346333853354134,-4.0066104180297355,17.471001890864255,0.346333853354134,6.758064516127831,0.43363924644610624,CORE,CORE_GATE,M1_OHLC,1,4,V15_Q2,LOW,2,A+C,15
XAUUSD,C_DISPLACEMENT_MID_RETEST,V15_QUALITY_PRESERVING_EXPANDED,C_DISPLACEMENT_MID_RETEST|SELL|2020-06-18T22:38:00+00:00,2020-06-18 22:38:00+00:00,2020-06-18 22:39:00+00:00,SELL,UTC_18_23,2.0996468350330795,5.0,1.089690129573793,0.2657780803843089,0.24390243902480954,0.6956521739133443,0.06644452009562399,1.1029790335932805,1.116267937612768,0.5000000000002753,4.0,100.0,2.474225323935554,2.803958748050803,0.06644452009562399,,1,-1,1,0.07973342411571568,0.12195121951205987,1.0,3.1317624278734475,0.2894906445936657,1.17142857142846,1.236363636363531,5.0,0.06644452009562399,0.013288904018883075,-0.6666666666717194,0.2296010900585616,0.2877555049671853,-0.06319721128405241,45.253569859561516,-0.08418763761710579,-0.04433951107256377,-0.03984812654454202,20.145676691671433,16.573502190592453,28.20776251773772,32.70440251572381,0.3657762809555464,4.044380032442876,-5.510904339400824e-05,2.030486301474177e-05,-0.00013631130020674842,-0.00012471178526363147,-0.00023199703043796926,-0.624578488902008,-0.571422872825267,0.6112895848831249,0.2657780803843089,0.2608695652171334,0.30434782608665567,-0.5980338639182745,-0.8641742451641787,-0.37798759777605667,-0.2661403812459041,0.486186647388122,-0.48651567908884813,-0.09165172077224885,-1.190487825710675,-0.5945729460245601,1.2068285977168975,4.225871478104529,5.714228728255088,2.0604578788830494,-0.027801515063265198,2.0823671630218143,0.019653179190702946,1.2966657460401891,1.2480498725790392,0.7395348837208608,0.5338868587432868,4.877027775044907,2.8704032681470313,-0.5000000000000004,0.8660254037844384,0.43388373911755823,-0.900968867902419,0.00013631130020674842,0.00012471178526363147,0.03984812654454202,11.634260327145267,22,3,,,,,0.853658536585447,ASIA,98.0,2.803958748050803,53.92637250990322,0.6828486939378949,6.471696257348948,16.730730160169614,1.0277998411437574,6.099526066350506,0.7439078369680946,CORE,CORE_GATE,M1_OHLC,0,4,V15_Q2,LOW,1,C,15
XAUUSD,C_DISPLACEMENT_MID_RETEST,V15_QUALITY_PRESERVING_EXPANDED,C_DISPLACEMENT_MID_RETEST|SELL|2020-06-24T08:22:00+00:00,2020-06-24 08:22:00+00:00,2020-06-24 08:23:00+00:00,SELL,UTC_06_11,0.4528685948999421,5.0,1.6126540208620324,0.5522787742678056,0.342465753424649,0.9459459459459791,0.022091150970189835,0.05522787742647917,1.0161929446528426,0.5000000000000515,4.0,100.0,1.3957907473177937,2.087613766732164,0.022091150970189835,6.605254140243477,-1,1,1,0.5633243497529005,0.10526315789505176,1.0,2.2153216935714655,0.24263047120023432,1.6043956043955,0.9738766980146283,5.0,0.320321689075287,1.0935119730500138,0.5468749999999667,0.051003908677760945,0.6705547846018579,-0.029829006443849587,50.937744856038066,0.21920231650051392,0.28077500588680837,-0.061572689386294455,16.140772302459993,24.500291921365054,22.799380206039217,19.230769230769905,0.43541124158543215,3.8820155344614276,-0.00011582051774594593,9.606663633987544e-05,-0.00027397105509918696,0.00022889503043477255,0.0006813414227313519,-1.0714208220793218,0.894691614314287,0.8173725859161111,0.5522787742678056,0.2702702702701042,0.054054054054020834,-0.11016880325513502,0.8637495832825117,1.5203075290529582,0.9739183865376467,0.6565579457704465,0.031236887949761663,0.7431826575018513,1.3108130704171337,-1.1480592869556538,1.0850296793270344,2.871849626192488,6.218658998255611,1.502184425030606,-0.02391364257404538,-1.8258423395911976,0.10985915492958805,1.0347434446496353,1.1357758837124754,0.4618117229129411,0.3174530462666771,2.319570851924683,6.605254140243477,0.8660254037844387,-0.4999999999999998,0.9749279121818236,-0.22252093395631434,0.00027397105509918696,-0.00022889503043477255,0.061572689386294455,-1.7009117153258373,8,2,,,,,0.45205479452043706,LONDON,82.0,2.087613766732164,16.270132689929067,0.5498981670060892,-0.640643378150574,16.270132689929067,0.5498981670060892,3.507936507936802,0.41205606023587943,CORE,CORE_GATE,M1_OHLC,2,4,V15_Q2,MEDIUM,1,C,15
XAUUSD,C_DISPLACEMENT_MID_RETEST,V15_QUALITY_PRESERVING_EXPANDED,C_DISPLACEMENT_MID_RETEST|SELL|2020-06-25T02:23:00+00:00,2020-06-25 02:23:00+00:00,2020-06-25 02:24:00+00:00,SELL,UTC_00_05,1.9715437155352802,17.0,1.2167241215879177,0.45063856355102366,0.3703703703703236,1.0,0.0675957845325767,0.304181030396339,1.1040644806997775,0.49999999999963685,15.0,100.0,2.893203980767816,3.323459406188351,0.0675957845325767,,-1,-1,2,0.2591171740423125,0.26262626262642036,2.0,3.1904162195227546,0.3065865436179239,1.270588235294703,1.2983870967741975,17.0,0.011265964088506625,0.5069683839950937,0.9565217391314663,0.6435687916691362,0.783459360377101,0.37142050041430236,50.07028415867402,0.10521211608966041,0.09023890286973249,0.014973213219927922,12.380845964049863,25.087767323496543,24.28746233898133,62.933333333336726,0.4678522553095607,5.519483127247802,-0.0001842335741597534,-0.0001842335741597534,-0.00029474113792749,0.00010773723455526074,0.0006098719836158395,-1.1716602652323542,0.4281066353734981,0.45063856355102366,0.45063856355102366,0.0,0.0,-0.10794748261416974,0.3163739055162182,-1.0845547496935841,0.42432138813038794,-1.4009286552098024,0.29716394363420073,0.3118850245119541,0.8639023841907219,-1.773209447580289,0.8621881983976399,3.6276404365852026,6.128684464293102,-4.9122437104065355,-0.034098575664121486,-1.6968503417214098,0.16382252559725957,0.7636588102460724,0.8515605640441574,0.5919117647058737,0.17857142857145272,3.323459406188351,3.954353395159067,0.49999999999999994,0.8660254037844387,0.43388373911755823,-0.900968867902419,0.00029474113792749,-0.00010773723455526074,-0.014973213219927922,-0.8003049845152113,2,3,,,,,0.7037037037032359,ASIA,323.0,3.323459406188351,14.668285243582977,0.22657450076806251,-9.316952301415276,14.668285243582977,0.22657450076806251,3.413559322033638,0.3655263237260362,CORE,CORE_GATE,M1_OHLC,2,4,V15_Q2,MEDIUM,1,C,15
XAUUSD,A_OB_RETEST_SEQUENCE,V15_QUALITY_PRESERVING_EXPANDED,A_OB_RETEST_SEQUENCE|SELL|2020-06-25T06:52:00+00:00,2020-06-25 06:52:00+00:00,2020-06-25 06:53:00+00:00,SELL,UTC_06_11,0.8120836962853835,6.0,1.6422136969326462,1.1549634791610879,0.7032967032965001,0.9626168224299463,0.22557880452369483,,0.9384078268185377,0.9384078268185377,4.0,100.0,0.7759910875612148,2.111417610341915,0.22557880452369483,,-1,-1,2,0.5955280439428334,0.25842696629219225,2.0,2.37910007298535,0.3244227372251937,1.9782608695657278,1.2263374485597036,6.0,0.0270694565426136,0.00902315218114475,-0.49999999998863126,0.47119296427249885,0.8429491026103496,0.30186636469907574,46.490581359888196,0.13413381652571843,0.2186431511688592,-0.08450933464314078,22.396859489662983,18.93256536067187,16.84247883883288,13.812154696131278,0.1715614181631006,2.296732369592501,-0.0003630495023668745,-0.00025529669731183535,-0.00039140164331963323,-0.0003630495023669855,-6.241789918381979e-05,-1.245195000970894,-1.1549634791614982,1.9309545667231234,1.1549634791610879,0.36448598130866144,0.03738317757005374,-0.6397290902343127,0.0892854108130533,-0.18819434680484096,0.729014501047366,-0.27747975761789423,-0.06462873940948928,0.486625244750663,0.3684216067088728,0.9235530717774273,1.2726615587423888,3.266381089503413,3.997256416159725,-6.402160389888685,-0.017459361798323053,-3.118388391358767,0.0018050541516226965,0.7616144608474685,1.1823542690478674,0.8171557562077831,0.5420920244502344,2.8152234804560234,3.8709322856265707,1.0,6.123233995736766e-17,0.43388373911755823,-0.900968867902419,0.00039140164331963323,0.0003630495023669855,0.08450933464314078,-2.090086521838991,6,3,0.5769230769234469,0.6980004346366595,,,,ASIA,592.0,2.111417610341915,14.274626750259147,0.5082174462705507,-4.692039134092688,14.274626750259147,0.5082174462705507,3.324786324786009,0.6027241077427368,CORE,CORE_GATE,M1_OHLC,4,4,V15_Q2,VERY_HIGH,1,A,15
XAUUSD,C_DISPLACEMENT_MID_RETEST,V15_QUALITY_PRESERVING_EXPANDED,C_DISPLACEMENT_MID_RETEST|SELL|2020-06-25T06:52:00+00:00,2020-06-25 06:52:00+00:00,2020-06-25 06:53:00+00:00,SELL,UTC_06_11,0.8120836962853835,6.0,1.6422136969326462,1.1549634791610879,0.7032967032965001,0.9626168224299463,0.22557880452369483,,0.9384078268185377,0.5000000000001695,4.0,100.0,1.491468370923102,2.111417610341915,0.22557880452369483,,-1,-1,2,0.5955280439428334,0.25842696629219225,2.0,2.37910007298535,0.3244227372251937,1.9782608695657278,1.2263374485597036,6.0,0.0270694565426136,0.00902315218114475,-0.49999999998863126,0.47119296427249885,0.8429491026103496,0.30186636469907574,46.490581359888196,0.13413381652571843,0.2186431511688592,-0.08450933464314078,22.396859489662983,18.93256536067187,16.84247883883288,13.812154696131278,0.1715614181631006,2.296732369592501,-0.0003630495023668745,-0.00025529669731183535,-0.00039140164331963323,-0.0003630495023669855,-6.241789918381979e-05,-1.245195000970894,-1.1549634791614982,1.9309545667231234,1.1549634791610879,0.36448598130866144,0.03738317757005374,-0.6397290902343127,0.0892854108130533,-0.18819434680484096,0.729014501047366,-0.27747975761789423,-0.06462873940948928,0.486625244750663,0.3684216067088728,0.9235530717774273,1.2726615587423888,3.266381089503413,3.997256416159725,-6.402160389888685,-0.017459361798323053,-3.118388391358767,0.0018050541516226965,0.7616144608474685,1.1823542690478674,0.8171557562077831,0.5420920244502344,2.8152234804560234,3.8709322856265707,1.0,6.123233995736766e-17,0.43388373911755823,-0.900968867902419,0.00039140164331963323,0.0003630495023669855,0.08450933464314078,-2.090086521838991,6,3,,,,,0.5494505494507499,ASIA,592.0,2.111417610341915,14.274626750259147,0.5082174462705507,-4.692039134092688,14.274626750259147,0.5082174462705507,3.324786324786009,0.6027241077427368,CORE,CORE_GATE,M1_OHLC,4,4,V15_Q2,VERY_HIGH,2,A+C,15
XAUUSD,C_DISPLACEMENT_MID_RETEST,V15_QUALITY_PRESERVING_EXPANDED,C_DISPLACEMENT_MID_RETEST|SELL|2020-07-01T23:16:00+00:00,2020-07-01 23:16:00+00:00,2020-07-01 23:17:00+00:00,SELL,UTC_18_23,0.8494411600567877,16.0,1.2491781765535648,0.5246548341520201,0.419999999999618,0.9677419354831849,0.37475345296572865,0.08744247235895404,0.42472058002839386,0.4999999999997454,8.0,72.48520717801196,3.5225180931918705,4.4095989632337655,0.37475345296572865,,1,-1,1,0.5246548341525882,0.19736842105275362,8.0,3.785892368657719,0.31190590537233137,1.1904761904763064,0.722051282051312,16.0,0.387245234732105,0.037475345296288834,-0.8235294117662795,0.6492392789922068,1.1021093582191637,-0.45764315187523996,41.302327095350456,-0.2543592779734354,-0.20815051297116072,-0.046208765002274665,19.840446894001253,16.977063580693304,25.005983905920722,28.106508875750592,0.25296895342112274,5.795053739828282,-0.00012421658856065498,-5.6465911529191004e-05,0.00011577505753446182,-0.0006292342811349272,-0.000564372305122296,0.5121630523867798,-2.785667333713904,0.774490469463642,0.5246548341520201,0.2903225806454689,0.03225806451681518,-0.9874637486942592,-1.213197159680473,1.7109855259034883,-0.22573341098621377,2.924182685583961,-0.5348230250618459,-0.5172432114899801,-2.075710679201905,-0.762329501750706,0.8172044586802073,2.7981591154802805,5.833662084505239,-0.6528491586012919,0.05979172807290001,-0.52848170828549,0.13931297709924592,0.9419211830893476,0.7837827763641352,0.47965738758034293,0.29989997499390336,5.458908631538942,1.1867192677262275,-0.25881904510252157,0.9659258262890681,0.9749279121818236,-0.22252093395631434,-0.00011577505753446182,0.0006292342811349272,0.046208765002274665,8.028920325227418,23,2,,,,,0.0,ASIA,136.0,4.4095989632337655,74.77580564849656,0.6112596057467359,27.8191979918473,10.780407663657401,2.0,6.592067988669155,0.9148468794417884,CORE,CORE_GATE,M1_OHLC,3,4,V15_Q2,HIGH,1,C,15
XAUUSD,C_DISPLACEMENT_MID_RETEST,V15_QUALITY_PRESERVING_EXPANDED,C_DISPLACEMENT_MID_RETEST|SELL|2020-07-02T01:30:00+00:00,2020-07-02 01:30:00+00:00,2020-07-02 01:31:00+00:00,SELL,UTC_00_05,1.019147008746714,15.0,2.335545228377605,0.8068247152580165,0.34545454545467325,0.7600000000002183,0.2547867521874027,,2.420474145773084,0.7006635685131849,14.0,22.727272727222616,2.091374590865844,3.4396211545207636,0.2547867521874027,,1,-1,1,0.6369668804670584,0.6842105263160414,1.0,2.26786974166907,0.2668082049020294,2.340425531914564,0.8701095461659147,15.0,0.12739337609225304,0.2972512108851422,0.4000000000045475,0.5170199092953414,1.0515619331291488,-0.37195649152201277,42.39171051232686,0.02706656251439199,0.0783449270052751,-0.051278364490883105,22.358035760099064,32.51289204036068,31.187672450671315,9.523809523799212,0.056450319152986914,3.360395835357592,-0.00010728311166197102,-0.00020325375384289135,-0.0002540542829319037,-0.00023712134684927832,0.00025135846541401996,-1.9109006414011753,-1.7835072653069912,1.0616114674444537,0.8068247152580165,0.0,0.23999999999978172,-1.2732254909649594,-1.0702502863396177,1.0428089945891934,0.20297520462534163,2.113059280928811,-0.1633862070911025,0.27299801134697294,-0.5455772176798558,0.8815242919009479,0.7888435618426866,3.3546922371252847,11.189384866863538,-8.868720636915889,-0.05162666370015109,-2.9327811135105186,0.1699604743084631,1.0883350798651552,0.6569434807169944,0.2998102466794163,0.5345454545454276,6.454597722062201,4.734787144801336,0.25881904510252074,0.9659258262890683,0.43388373911755823,-0.900968867902419,0.0002540542829319037,0.00023712134684927832,0.051278364490883105,-1.3252195896893681,1,3,,,,,0.14545454545401182,ASIA,270.0,3.4396211545207636,6.794313391644117,0.9500000000000426,3.4608533838701163,6.794313391644117,0.9500000000000426,0.09876543209865453,0.21303126933511018,CORE,CORE_GATE,M1_OHLC,1,4,V15_Q2,LOW,1,C,15
XAUUSD,A_OB_RETEST_SEQUENCE,V15_QUALITY_PRESERVING_EXPANDED,A_OB_RETEST_SEQUENCE|SELL|2020-07-02T07:42:00+00:00,2020-07-02 07:42:00+00:00,2020-07-02 07:43:00+00:00,SELL,UTC_06_11,0.5237454999631495,9.0,1.3093637499078739,0.654681874956914,0.5000000000022737,0.6250000000028422,0.4582773124692444,,0.6546818749539369,0.6546818749539369,3.0,10.000000000227374,0.3273409374754799,1.5712364998894486,0.4582773124692444,,-1,-1,2,0.13093637498781022,0.19999999999636203,6.0,1.4887855237268641,0.4764113675930298,2.000000000009095,0.4536082474228931,9.0,0.06546818749390511,0.06546818749688227,2.2737456915669795e-11,0.3037556369437828,0.9960754107023875,0.22398938837756127,45.27765677955983,-0.015985879512300016,-0.01108368822210639,-0.004902191290193626,5.714071772724298,23.409576326758746,30.277563151699855,19.999999999878735,0.020559000620108007,1.5020619083042182,-2.8270469233371287e-05,2.8271348402331142e-06,-1.9789496300770537e-05,-2.5443494239940634e-05,2.8271348402331142e-06,-0.4582773124692444,-0.5892136874600318,1.047490999926299,0.654681874956914,0.0,0.37499999999715783,-0.7456787287757733,-0.6748299424479492,-1.6971195685879306,0.07084878632782411,-1.0222896261399812,-0.20053537997102455,-0.04333732700804653,-0.9426525671274377,-0.9739317347368103,0.42185813107915276,1.9640456248588336,4.975582249652898,0.6082520088557715,-0.0001005142650547311,-0.1281468440605833,0.0,0.34928770344216714,0.3181065789460421,0.3947368421044286,,8.379927999419323,8.445396186913229,0.9659258262890683,-0.25881904510252063,0.43388373911755823,-0.900968867902419,1.9789496300770537e-05,2.5443494239940634e-05,0.004902191290193626,6.867986824941109,7,3,1.0,0.4168599466452551,,,,LONDON,42.0,1.5712364998894486,86.54894386898488,0.569591527987906,40.06653074721964,86.54894386898488,0.569591527987906,23.708333333353227,0.19890707734063565,CORE,CORE_GATE,M1_OHLC,3,4,V15_Q2,HIGH,1,A,15
XAUUSD,A_OB_RETEST_SEQUENCE,V15_QUALITY_PRESERVING_EXPANDED,A_OB_RETEST_SEQUENCE|SELL|2020-07-03T12:52:00+00:00,2020-07-03 12:52:00+00:00,2020-07-03 12:53:00+00:00,SELL,UTC_12_17,1.645356700099914,8.0,1.701131503493067,0.22309921357261178,0.1311475409834599,1.0,1.6174692984027035,,1.8684559136725258,1.8684559136725258,4.0,43.28358208954211,0.0,1.3943700848300917,1.6174692984027035,4.029729545159421,-1,1,1,0.25098661526855415,0.013698630137284971,4.0,3.5072469113449958,0.6157761752743866,2.1785714285720954,1.2644017725257775,8.0,0.041831102544547666,0.041831102544547666,0.0,0.060423361609268846,0.07750388911555685,-0.004668011644213115,50.86980607143204,-0.12558289519597565,-0.15793457578268233,0.03235168058670668,23.59945526825616,23.18815353721129,22.981540311892672,66.21621621621664,0.6355671805823254,3.3324872992449492,-2.2535211267604716e-05,0.0004621957680905897,0.00023668105537222317,5.070793917316685e-05,1.9719143062424394e-05,1.17127087125748,0.2509866152698223,0.33464882035891763,0.22309921357261178,0.3333333333333333,0.0,0.3083912122469055,-0.28375312433125155,-0.6674484705015369,-0.592144336578157,-0.38369534617028533,-0.2894940098605783,-0.465871993608895,-1.2985982904400686,-1.5504587155974,0.8767824553475669,4.127335451097122,5.410155929140908,17.17177986169564,0.10208675642434284,-5.228385954240839,0.056396148555684984,0.8885831132988395,0.829500065374005,0.7628865979381322,0.638888888888988,3.8763488358273,2.7329653662670306,1.2246467991473532e-16,-1.0,-0.433883739117558,-0.9009688679024191,-0.00023668105537222317,-5.070793917316685e-05,-0.03235168058670668,-0.20661322531861614,12,4,0.8059701492535896,1.9945793503448457,,,,LONDON_NY_OVERLAP,52.0,1.3943700848300917,12.660880370257132,0.5044052863436084,5.061563407933385,11.601159105785957,0.5504807692307798,3.7399999999997817,0.559065991547056,CORE,CORE_GATE,M1_OHLC,1,4,V15_Q2,LOW,1,A,15
XAUUSD,A_OB_RETEST_SEQUENCE,V15_QUALITY_PRESERVING_EXPANDED,A_OB_RETEST_SEQUENCE|SELL|2020-07-07T08:37:00+00:00,2020-07-07 08:37:00+00:00,2020-07-07 08:38:00+00:00,SELL,UTC_06_11,1.6642163554894474,7.0,1.2481622666181365,0.50851055306622,0.4074074074070643,0.6875,1.3175046147640557,,2.1727269085567182,2.1727269085567182,1.0,22.340425531879898,1.964699864121063,4.160540888726771,1.3175046147640557,5.732300780024462,-1,1,1,1.0511083041131118e-12,0.8108108108103126,6.0,3.5308106186540953,0.7289415470774758,1.7999999999987872,1.1851851851847663,7.0,0.7396517135519165,0.16179881233977736,-0.641025641025103,0.18609034665594842,0.5238633523259368,-0.08843078418954187,35.16727541295147,-0.0769842880977194,-0.025279516699792094,-0.051704771397927306,17.968929027544362,14.196092575648665,28.555444846820805,5.263157894733063,-0.17393308091075071,3.052463792896006,-7.006196279990551e-05,-0.00017933902361111365,-0.0003025972934352916,-0.00027178557519069724,-0.0005238256640960337,-2.496324533236273,-2.2420692567026377,0.7396517135508655,0.50851055306622,0.0,0.3125,-1.933440140602105,-2.165048869658305,-2.3939879584213686,-0.2316087290561999,-0.22893908876306357,-0.5416310538556022,-0.12503390652173152,-2.3435890489182616,0.5015815464191253,1.1012617056178198,4.391682049211417,5.27001845905412,-7.680900164854258,-0.03895606706207697,2.3390752216594084,0.1698113207546239,1.0364997168825194,1.2108840796363385,0.8333333333332669,0.4002002889414844,5.038877298569475,0.8783364098416527,0.8660254037844387,-0.4999999999999998,0.7818314824680298,0.6234898018587336,0.0003025972934352916,0.00027178557519069724,0.051704771397927306,14.35935227117214,8,1,0.61702127659593,0.20501481011576667,,,,LONDON,97.0,4.160540888726771,20.409764470812586,0.7191392978482403,6.8880065824487415,20.409764470812586,0.7191392978482403,1.3777777777779967,0.33907131491393033,CORE,CORE_GATE,M1_OHLC,2,4,V15_Q2,MEDIUM,1,A,15
XAUUSD,A_OB_RETEST_SEQUENCE,V15_QUALITY_PRESERVING_EXPANDED,A_OB_RETEST_SEQUENCE|SELL|2020-07-13T01:57:00+00:00,2020-07-13 01:57:00+00:00,2020-07-13 01:58:00+00:00,SELL,UTC_00_05,0.6324368054340631,5.0,1.0732260940685783,0.7665900671920907,0.7142857142859463,1.0,0.9582375839890239,0.19164751679780478,2.8747127519696862,2.8747127519696862,3.0,1.3333333333624373,0.3449655302351771,3.487984805723533,0.9582375839890239,,1,-1,1,0.7474253155118744,0.0,2.0,2.4970530860827185,0.10856752548092714,1.3658536585361796,1.7358490566039069,5.0,0.5941073020736306,0.7474253155118744,0.11428571428564004,0.39107104951343163,0.6954498408713284,-0.2239177987212309,42.78817803014555,0.11590819143270892,0.2600297377273413,-0.14412154629463236,27.41978022319277,17.01595913918289,27.644732741664225,0.0,-0.11000499176815988,3.5454500475412423,-9.996723296257226e-05,-0.00012217945941139785,-0.00030539267945983717,-0.0003858742272104809,0.0004862367222644437,-2.108122684777596,-2.6639004834916653,0.9965670873494564,0.7665900671920907,0.23076923076902897,0.0,-1.3252417144639248,0.49901641900042365,3.6368474420778063,1.8242581334643484,3.1378310230773825,-0.37893698998437836,1.0639627884754208,2.959018748721335,-0.36809948771202067,0.7522302146799974,3.8329503359587105,7.359264645041804,-5.704873337035345,-0.035664345501795536,-1.5210672731549622,0.18427518427515627,0.7198482965270958,1.0372397528803319,0.5208333333332569,0.3860294117650185,3.8329503359587105,9.103257047904878,0.25881904510252074,0.9659258262890683,0.0,1.0,0.00030539267945983717,0.0003858742272104809,0.14412154629463236,10.628773602481335,1,0,0.5866666666667394,1.3570940685231092,,,,ASIA,297.0,3.8329503359587105,12.93620738386359,0.2962962962962289,-3.7371265775611153,12.93620738386359,0.2962962962962289,2.3750000000007674,0.40661390173183914,CORE,CORE_GATE,M1_OHLC,3,4,V15_Q2,HIGH,1,A,15
XAUUSD,B_FVG_RETEST_SEQUENCE,V15_QUALITY_PRESERVING_EXPANDED,B_FVG_RETEST_SEQUENCE|SELL|2020-07-13T22:38:00+00:00,2020-07-13 22:38:00+00:00,2020-07-13 22:39:00+00:00,SELL,UTC_18_23,1.0696078827166822,6.0,1.337009853396078,0.940858785723341,0.7037037037038347,1.0,0.12874909699356626,0.980473892490367,0.7130719218109712,0.980473892490367,5.0,41.414141414149306,0.7526870285782225,2.307579969194407,0.12874909699356626,2.109504435358151,-1,1,1,0.7923021353454736,0.0,1.0,3.102840728677041,0.5500018682939355,1.6875000000002665,1.2580821917807399,6.0,0.12874909699356626,1.2379720864777248,0.8115942028987059,0.81082936822192,0.09945588412479835,-0.06642131181294278,43.62090314296795,-0.3850079956457648,-0.4700939728445659,0.08508597719880107,22.133602721901372,19.561216531258527,26.788343542767386,30.447761194030136,0.2529744958438677,2.6500892754608607,-0.0005267637575446793,-0.0005489311091458893,0.00036628918531178556,-0.00031335270758925393,-0.0003022639290983786,0.6536492616600945,-0.5595633830879856,0.9804738924905921,0.940858785723341,0.04040404040399401,0.0,-0.8040187912190518,-1.8996434083159057,-4.490727470471221,-1.0956246170968538,-2.5910840621553155,-0.1742215519120049,-0.6045021091037016,-2.0574941791303893,-0.1574161096048709,1.3373413774556846,3.3177651917602122,3.595070939131421,-5.517282955419468,0.0052401804113532124,-2.7394348015943315,0.04204322200395388,1.3025919103557027,1.4415461110807484,0.9228650137740518,0.4975627240145351,6.199764209080661,1.0101852225658055,-0.5000000000000004,0.8660254037844384,0.0,1.0,-0.00036628918531178556,0.00031335270758925393,-0.08508597719880107,7.227127011508859,22,0,,,0.733333333333266,0.414141414141493,,ASIA,98.0,2.307579969194407,15.152778338487531,0.7071895424836625,-3.050363221081042,6.79399081058988,0.34693877551021357,1.9227467811159478,2.3669785360484314,CORE,CORE_GATE,M1_OHLC,3,4,V15_Q2,HIGH,1,B,15
XAUUSD,C_DISPLACEMENT_MID_RETEST,V15_QUALITY_PRESERVING_EXPANDED,C_DISPLACEMENT_MID_RETEST|SELL|2020-07-16T21:51:00+00:00,2020-07-16 21:51:00+00:00,2020-07-16 21:52:00+00:00,SELL,UTC_18_23,0.42779481649165435,13.0,0.7811905344638668,1.1345862524352335,1.4523809523804625,1.0,0.27899661945150184,0.22319729556128606,1.487981970407023,0.5000000000002623,12.0,100.0,1.3309808435576744,2.1017745331998197,0.27899661945150184,,-1,-1,2,0.8183900837240107,0.21428571428550547,1.0,2.166304655863133,0.0849531237597457,0.9545454545455015,1.135911602209936,13.0,0.18599774630114219,0.22319729556086315,0.09090909090796348,2.2976058259967296,1.2801270719569118,0.8393899494693347,47.01003511227405,0.01747166449490578,0.04604620349512716,-0.02857453900022138,16.109305001056146,17.21098507528596,21.132231500616356,26.6233766233934,0.2366689584865025,2.8782813139669243,-0.00033943292443716633,-0.00026711408275525983,-0.00045623356933199855,-0.00033943292443716633,0.00018650795860075675,-1.525181519666744,-1.1345862524352335,1.2833844494762319,1.1345862524352335,0.11594202898572216,0.0,-0.5473477995878752,-0.7689240517444837,-6.2973997484569155,-0.22157625215660862,-5.528475696712432,-0.0024140453381978825,-0.10465299879330538,-0.3780037034890803,-0.28855023832573273,1.1402318991354594,2.492369800431753,4.0919504186192075,-5.154556554760816,-0.05340427273877405,-0.962569007544019,0.0916442048517459,0.8760117561946029,0.9757319122155077,0.6090909090909222,0.3745704467354171,2.8643652930336145,1.5995806181878776,-0.7071067811865477,0.7071067811865474,0.43388373911755823,-0.900968867902419,0.00045623356933199855,0.00033943292443716633,0.02857453900022138,3.921246425330395,21,3,,,,,0.0,ASIA,51.0,2.1017745331998197,33.042499630352594,0.951590205460167,26.8394747912179,9.922979765152466,2.0,0.7610619469028472,1.3060594365109996,EXPANDED,RELAXED_SWEEP_WITH_STRONG_COMPENSATION,M1_OHLC,4,4,V15_Q2,VERY_HIGH,1,C,15
XAUUSD,A_OB_RETEST_SEQUENCE,V15_QUALITY_PRESERVING_EXPANDED,A_OB_RETEST_SEQUENCE|SELL|2020-07-17T02:21:00+00:00,2020-07-17 02:21:00+00:00,2020-07-17 02:22:00+00:00,SELL,UTC_00_05,0.7332590664017178,9.0,3.3063317903194034,0.5332793210187697,0.16129032258049728,0.6896551724132524,0.6932631173256132,,0.5866072531218592,0.5866072531218592,4.0,29.54545454544515,0.1999797453817355,1.146550540190961,0.6932631173256132,,-1,-1,2,0.03999594907610459,0.06060606060601885,5.0,3.410030047021825,1.46546745822416,4.509090909093179,1.0275862068968438,9.0,0.426623456815622,0.3466315586622003,-0.1034482758627719,0.5710179657270056,1.8748227400077129,0.49238072892964246,51.9293024917573,-0.03684391560614131,-0.018879215955403615,-0.017964699650737694,14.787317077685746,29.650187091437388,28.261101623974547,70.94594594595736,0.5724288223357806,3.644588651202631,-0.00010011374033269682,0.0004507600314975768,-0.00017518589169618348,0.00011126100440872477,1.3906271728592046e-05,-0.8399149306054717,0.5332793210193759,0.7732550154778224,0.5332793210187697,0.0,0.31034482758674764,0.3631278160265404,0.45722873940272013,0.6391786896706508,0.0941009233761798,0.18194995026793068,-0.423323801201816,-0.00562655258481552,0.34434048385905364,0.7320144173954314,1.4462331606680365,3.9462669755425335,3.9462669755425335,14.06602862574686,0.0596495145182681,-0.47542165549174165,0.09937888198759226,1.151233627692531,1.4100262698540025,1.0,0.6299788881078108,1.173214506242506,2.799716435351572,0.49999999999999994,0.8660254037844387,-0.433883739117558,-0.9009688679024191,0.00017518589169618348,-0.00011126100440872477,0.017964699650737694,-1.3890854674628415,2,4,0.818181818182194,1.4231943584680513,,,,ASIA,321.0,1.146550540190961,5.146145447835978,0.4559585492227216,1.9198055556687834,5.146145447835978,0.4559585492227216,2.4418604651176317,0.2871133701109527,CORE,CORE_GATE,M1_OHLC,2,4,V15_Q2,MEDIUM,1,A,15
XAUUSD,A_OB_RETEST_SEQUENCE,V15_QUALITY_PRESERVING_EXPANDED,A_OB_RETEST_SEQUENCE|SELL|2020-07-17T03:28:00+00:00,2020-07-17 03:28:00+00:00,2020-07-17 03:29:00+00:00,SELL,UTC_00_05,0.5331113501916388,6.0,0.8942512970957782,1.891685436164056,2.1153846153845146,1.0,1.444559787616558,,0.6534913324932793,0.6534913324932793,2.0,63.15789473676653,0.6190970518349974,2.7515424526023344,1.444559787616558,,1,-1,1,0.39553422756163936,0.26666666666646455,4.0,2.2499083670179614,0.7758304713857778,1.268292682927235,0.6518518518517806,6.0,0.10318284197249956,0.4987170695341389,0.65714285714308,0.12510872145405447,1.6393576516524568,-0.11542209054404028,46.11015554076068,0.1201126832781938,0.16400549533180137,-0.043892812053607566,10.625349299935795,20.53968030879151,25.717981508998637,3.614457831322331,0.22804215878692455,3.800398360087117,-0.0002640502529324129,-0.0002418198192188914,-0.00023904094549032084,-0.00012231429770748203,-0.00011675520603127154,-1.4789540682740578,-0.7566741744657788,1.891685436164056,1.891685436164056,0.0,0.0,-0.8874036589378421,-0.11168919677096739,1.5700882665085902,0.7757144621668747,1.6817774632795577,0.11915915079152738,0.6201637963160926,0.07977224211107714,2.1103653204267157,1.1353501471733276,2.854725294574834,6.190970518355448,-9.785507289590129,-0.05748567176927949,-0.7736255353596917,0.10518934081346262,1.0411742313125731,1.075354597253432,0.46111111111108233,0.21212121212138832,2.7515424526023344,3.4394280657531136,0.7071067811865475,0.7071067811865476,-0.433883739117558,-0.9009688679024191,0.00023904094549032084,0.00012231429770748203,0.043892812053607566,5.178301200207127,3,4,0.47368421052574894,0.40731099747751126,,,,ASIA,388.0,2.7515424526023344,8.598570164382783,0.31999999999998185,0.240759964602499,8.598570164382783,0.31999999999998185,2.1250000000001776,0.36373666789260756,CORE,CORE_GATE,M1_OHLC,3,4,V15_Q2,HIGH,1,A,15
XAUUSD,A_OB_RETEST_SEQUENCE,V15_QUALITY_PRESERVING_EXPANDED,A_OB_RETEST_SEQUENCE|SELL|2020-07-17T09:21:00+00:00,2020-07-17 09:21:00+00:00,2020-07-17 09:22:00+00:00,SELL,UTC_06_11,0.5974398855038867,7.0,2.0221042278613988,0.2757414856171785,0.13636363636349544,1.0,0.022978457135287345,0.3906337712915253,3.216983998869172,3.216983998869172,1.0,5.714285714282002,1.2178582281430608,1.8152981136479924,0.022978457135287345,,1,-1,1,0.7812675425830506,0.6666666666661614,6.0,1.836842606455471,0.06803120764695725,4.400000000004548,1.4983277591975532,7.0,1.6774273708383582,0.4825475998305848,-0.5531914893614345,0.8371197956491636,0.6489730483491701,-0.3907092645710384,43.26980553233076,0.027396038741017037,0.06531973837106712,-0.03792369963005009,20.836917922382256,30.512383194846542,31.024389507361168,1.1904761904752237,0.14843246415344577,4.104608534428776,5.557655114118987e-06,-0.00028613575057856444,-0.00028613575057856444,-0.00018892352486854502,-9.724896568785724e-05,-2.3667810848833946,-1.5625350851661013,0.7812675425830506,0.2757414856171785,0.6470588235298839,0.0,-1.2786249564573504,-0.5767454298663196,2.0419275367082754,0.7018795265910308,2.618672966574595,0.01210406634638302,0.41727595366227926,-0.9364069440860212,1.510086130999244,0.9592642372289494,3.8603807986436336,6.410989540605147,-13.816072193229289,-0.05529158617716247,-2.2164958339012806,0.2786885245902617,1.2880384483149692,1.2897383808554321,0.6021505376343578,,4.319949941339976,3.1480486274654003,0.7071067811865476,-0.7071067811865475,-0.433883739117558,-0.9009688679024191,0.00028613575057856444,0.00018892352486854502,0.03792369963005009,0.5120063125146253,9,4,0.91428571428577,2.1543215754721987,,,,LONDON,141.0,3.814423884374104,20.289977650015672,0.21291053227634482,-3.8374023415093914,16.889165994067334,0.05442176870749604,4.1867469879520645,0.3443777719801722,CORE,CORE_GATE,M1_OHLC,1,4,V15_Q2,LOW,1,A,15
XAUUSD,C_DISPLACEMENT_MID_RETEST,V15_QUALITY_PRESERVING_EXPANDED,C_DISPLACEMENT_MID_RETEST|SELL|2020-07-17T09:21:00+00:00,2020-07-17 09:21:00+00:00,2020-07-17 09:22:00+00:00,SELL,UTC_06_11,0.5974398855038867,7.0,2.0221042278613988,0.2757414856171785,0.13636363636349544,1.0,0.022978457135287345,0.3906337712915253,3.216983998869172,0.6066312683586287,1.0,19.696969697011454,0.5468872798075085,1.8152981136479924,0.022978457135287345,,1,-1,1,0.7812675425830506,0.6666666666661614,6.0,1.836842606455471,0.06803120764695725,4.400000000004548,1.4983277591975532,7.0,1.6774273708383582,0.4825475998305848,-0.5531914893614345,0.8371197956491636,0.6489730483491701,-0.3907092645710384,43.26980553233076,0.027396038741017037,0.06531973837106712,-0.03792369963005009,20.836917922382256,30.512383194846542,31.024389507361168,1.1904761904752237,0.14843246415344577,4.104608534428776,5.557655114118987e-06,-0.00028613575057856444,-0.00028613575057856444,-0.00018892352486854502,-9.724896568785724e-05,-2.3667810848833946,-1.5625350851661013,0.7812675425830506,0.2757414856171785,0.6470588235298839,0.0,-1.2786249564573504,-0.5767454298663196,2.0419275367082754,0.7018795265910308,2.618672966574595,0.01210406634638302,0.41727595366227926,-0.9364069440860212,1.510086130999244,0.9592642372289494,3.8603807986436336,6.410989540605147,-13.816072193229289,-0.05529158617716247,-2.2164958339012806,0.2786885245902617,1.2880384483149692,1.2897383808554321,0.6021505376343578,,4.319949941339976,3.1480486274654003,0.7071067811865476,-0.7071067811865475,-0.433883739117558,-0.9009688679024191,0.00028613575057856444,0.00018892352486854502,0.03792369963005009,0.5120063125146253,9,4,,,,,0.04545454545449845,LONDON,141.0,1.8152981136479924,20.289977650015672,0.21291053227634482,-3.8374023415093914,16.889165994067334,0.05442176870749604,8.797468354430555,0.3443777719801722,CORE,CORE_GATE,M1_OHLC,1,4,V15_Q2,LOW,2,A+C,15
XAUUSD,A_OB_RETEST_SEQUENCE,V15_QUALITY_PRESERVING_EXPANDED,A_OB_RETEST_SEQUENCE|SELL|2020-07-17T10:33:00+00:00,2020-07-17 10:33:00+00:00,2020-07-17 10:34:00+00:00,SELL,UTC_06_11,0.7921868982437462,5.0,2.719447561135168,0.42565266174247507,0.15652173913028006,0.7199999999993452,0.1773552757263001,,1.7735527572619256,1.7735527572619256,3.0,33.99999999998424,0.484771086985292,2.080968568520918,0.1773552757263001,,1,-1,1,0.1773552757268378,0.5227272727272493,2.0,3.2839964556766725,1.0597293527184866,3.5384615384600853,0.9226594301221076,5.0,0.11823685048455852,0.18917896077443336,0.23076923076707814,0.5894581459421482,0.27573748195461656,-0.14241346883314995,49.28450700862754,0.04592942523072452,0.08470592156580324,-0.03877649633507872,17.327844058695288,26.191240178809792,24.378551666616374,41.721854304636956,0.3459074315356282,2.689423410072916,-8.333587970743572e-05,0.0002945647250405248,-0.00026107267541153334,-6.389208349288911e-05,-4.4447531078462e-05,-1.1114263945503335,-0.2719447561129791,0.5911842524206419,0.42565266174247507,0.0,0.28000000000065484,-0.19617010316759795,0.09299591266221469,1.1899910602756514,0.28916601582981266,1.0969951476134367,-0.09556391188254583,0.21937405204215263,0.17095161893253746,-0.3407173359478286,1.1559923360243523,3.5707528846211933,4.563942428688044,7.267239401318946,-0.008207346079788888,-2.9227854409798972,0.029520295202917355,1.2757267730855857,1.3981505032758124,0.7823834196891143,0.5765577342051699,2.080968568520918,2.4829738601671263,0.49999999999999994,-0.8660254037844387,-0.433883739117558,-0.9009688679024191,0.00026107267541153334,6.389208349288911e-05,0.03877649633507872,-1.812688512193418,10,4,0.933333333333394,0.8734033126797746,,,,LONDON,213.0,2.080968568520918,11.398032386670364,0.18257261410790027,-3.074158112587768,8.690408510583328,-0.07210884353744307,4.477272727272234,0.8684904061031055,CORE,CORE_GATE,M1_OHLC,0,4,V15_Q2,LOW,1,A,15
XAUUSD,A_OB_RETEST_SEQUENCE,V15_QUALITY_PRESERVING_EXPANDED,A_OB_RETEST_SEQUENCE|SELL|2020-07-28T12:48:00+00:00,2020-07-28 12:48:00+00:00,2020-07-28 12:49:00+00:00,SELL,UTC_12_17,0.5186472733843831,10.0,1.3748268992890795,0.4774847913697792,0.3473053892214982,0.8795180722890147,0.5845072446079365,0.44043855755654215,1.5477093237504158,1.5477093237504158,4.0,25.531914893619597,0.0,1.7535217338236222,0.5845072446079365,,-1,-1,2,0.4857172877728872,0.6489361702128212,6.0,3.880123097981406,1.5429969901835128,1.6700000000002626,0.7925033467201072,10.0,0.23462614748371002,0.6421347194281947,0.46478873239381285,0.6478585738355114,0.900457137133901,0.4085789883729713,55.70405797112067,0.3954114697901332,0.5567307401506293,-0.1613192703604961,22.742390347699576,31.6031656037961,20.871342036298707,57.654075546721806,0.5868625715782011,3.5233017883143813,-0.00026368581060109975,0.0012894071833962073,0.0005303777065432946,-8.791072407399181e-05,0.001328296336957413,0.8438308813002217,-0.13995243884965314,0.683297201443173,0.4774847913697792,0.18072289156634097,0.1204819277109853,0.620506329173524,1.9229510559200327,2.45748322286728,1.3024447267465087,0.5345321669472471,-0.10625794260149905,0.6696112463064184,2.0059325749464665,-0.8151904409321891,0.8331049746791966,3.5440897014604817,4.326176859738704,13.803020881811271,0.28555908809985964,-1.9978444629129974,0.10100286532951686,0.6104975443511992,0.6989802003592694,0.8192197906755344,0.6851310567715414,1.7535217338236222,9.294488438905976,1.2246467991473532e-16,-1.0,0.7818314824680298,0.6234898018587336,-0.0005303777065432946,8.791072407399181e-05,0.1613192703604961,-10.731823567497393,12,1,0.042553191489325674,1.5635702833860343,,,,LONDON_NY_OVERLAP,48.0,1.7535217338236222,61.36914443562878,0.6396136561808276,8.104892708682709,39.41307652901905,0.9959268929503883,0.09154929577472982,0.8868339609978,CORE,CORE_GATE,M1_OHLC,2,4,V15_Q2,MEDIUM,1,A,15
XAUUSD,C_DISPLACEMENT_MID_RETEST,V15_QUALITY_PRESERVING_EXPANDED,C_DISPLACEMENT_MID_RETEST|SELL|2020-07-28T16:07:00+00:00,2020-07-28 16:07:00+00:00,2020-07-28 16:08:00+00:00,SELL,UTC_12_17,0.6174946868129472,5.0,1.49926693505997,0.5031438188845679,0.33559322033900685,0.83687943262411,0.07369278155379044,,1.092686071315007,0.4999999999999376,2.0,23.06401777687348,0.2887196444622632,1.2731063296019052,0.07369278155379044,,1,-1,1,0.21091382306775303,0.6101694915254139,3.0,1.2315744820257044,0.07590220465752692,1.6208791208789763,1.097975708502009,5.0,0.23378399665345198,0.010164521593618298,-0.9166666666667456,0.3987800800375279,0.6115473534723311,-0.20658466141796927,52.99496861907898,1.3441788330412692,1.582510558533683,-0.23833172549241377,30.4414957774536,21.875761152105813,14.894326038310366,42.03252032520322,0.48187646737097883,2.916402302399208,-0.0005337197429895468,-0.0015531629919636192,-0.0004512495745361278,0.0003561299513030747,0.0032506774401430683,-0.444697819721205,0.350675994980178,0.7165987723507834,0.5031438188845679,0.13475177304967628,0.16312056737588995,0.07768909485386521,1.474545439654261,3.339658426133042,1.3968563448003957,1.865112986478781,0.4141068381389629,1.0069859169092255,2.41346125598798,0.5044339323945483,0.9925351018741976,2.995992739721709,4.998403493666363,-13.219742619072342,-0.3271862344016596,-2.5067197063591244,0.08365570599613308,0.9413055200654049,1.0373157157792847,0.5993899339095028,0.2858000761310073,1.8118259740641371,7.496334675300313,-0.8660254037844384,-0.5000000000000004,0.7818314824680298,0.6234898018587336,0.0004512495745361278,-0.0003561299513030747,0.23833172549241377,-6.981435113795447,16,1,,,,,0.02033898305067605,NEW_YORK,247.0,1.2731063296019052,37.8857131098483,0.5782413307398213,2.6783514399208483,24.33132356474593,0.9003655352480422,1.9041916167663768,1.3926256003798603,CORE,CORE_GATE,M1_OHLC,1,4,V15_Q2,LOW,1,C,15
XAUUSD,C_DISPLACEMENT_MID_RETEST,V15_QUALITY_PRESERVING_EXPANDED,C_DISPLACEMENT_MID_RETEST|SELL|2020-07-28T16:59:00+00:00,2020-07-28 16:59:00+00:00,2020-07-28 17:00:00+00:00,SELL,UTC_12_17,0.8572106421437169,8.0,1.6940115070930937,0.7007356836571801,0.4136546184740122,0.9035087719297406,0.2925401397790429,,0.37417924855485596,0.5082034521278662,5.0,6.492637215544021,1.4637211877555811,2.6396645170770943,0.2925401397790429,,1,-1,1,0.04762281345237715,0.27819548872186106,3.0,2.1412559401784845,0.08350301716565545,1.606451612903132,0.7631257631257634,8.0,0.5068428003149721,0.13266355176042552,-0.5851063829783991,0.4839617202458996,0.4065418480374198,-0.17326245432174175,43.61468352975117,-0.24665484000774995,-0.07009727981234212,-0.17655756019540783,14.710564819022084,15.487345113656582,22.734558942817475,15.488565488563395,0.20974778087333712,3.2726883183092927,-0.0005217144259205275,-4.909535351238503e-05,-0.00014985492493047037,-0.0011047698697249642,-0.0007720472420612579,-0.1972945128742886,-1.455897439831208,0.7755715333682132,0.7007356836571801,0.0,0.09649122807025942,-0.7772207483904288,-0.853499150671986,0.8819402923835056,-0.07627840228155724,1.7354394430554916,-0.3665466281839844,-0.033675113403371155,-1.397939451890379,-1.3819499169646743,0.8207722301637896,3.272367610087712,5.738549021016628,0.3718688928380942,-0.036641997470548915,1.6215468104838209,0.15384615384614553,0.9900072718966785,0.7638862774066855,0.5702430349733227,0.6503118908384072,4.650027570675651,2.6362628875447043,-0.8660254037844384,-0.5000000000000004,0.7818314824680298,0.6234898018587336,0.00014985492493047037,0.0011047698697249642,0.17655756019540783,7.247213829160893,16,1,,,,,0.0,NEW_YORK,299.0,2.6396645170770943,50.71489469729553,0.622107451874706,5.809983241195272,32.570602771923284,0.9686684073107049,0.38659793814431903,1.4402501242138175,CORE,CORE_GATE,M1_OHLC,3,4,V15_Q2,HIGH,1,C,15
XAUUSD,C_DISPLACEMENT_MID_RETEST,V15_QUALITY_PRESERVING_EXPANDED,C_DISPLACEMENT_MID_RETEST|SELL|2020-07-30T23:29:00+00:00,2020-07-30 23:29:00+00:00,2020-07-30 23:30:00+00:00,SELL,UTC_18_23,0.6196784403498409,14.0,2.8167201834089886,2.1031510702785066,0.7466666666665939,0.9655172413791482,0.2628938837850268,0.36617362384347596,1.0327974005827836,0.845016055022355,13.0,100.0,1.924758791996313,2.6664951069602187,0.2628938837850268,,1,-1,1,0.33800642200919817,0.0,1.0,2.465404985919555,0.5528483907821832,2.34375000000005,0.8795648795648715,14.0,0.018778134556042846,0.04694533638989363,0.4285714285695724,0.8626294480376752,0.14098053226353846,-0.09770297953723656,41.17530901276755,0.005020346277206045,-0.001965237761795852,0.006985584039001897,14.6512867912032,24.006725604205325,30.291116746837787,27.553444180529674,0.12107343531427597,3.9421902372387208,-0.0005678054320052972,-0.0005908109711806331,-0.00037605140904151124,-0.0007288219679727481,-0.0011860304022534018,-1.3801928898702165,-2.675884174238454,2.178263608503105,2.1031510702785066,0.0,0.03448275862085187,-1.4207986127539756,-1.3681747127346773,0.7749372551187711,0.052623900019298266,2.1431119678534483,0.20224627371036458,0.05033117137584754,-1.8875685839417884,-0.899380829405451,0.9289157481510709,2.938778058023481,5.53954969403819,-14.723195684723414,-0.05889995119298461,1.0175714541923622,0.033123028391135116,1.2710806659188025,1.0193624113603965,0.5305084745762407,0.3114942528736708,4.5067522934541255,1.201800611588023,-0.25881904510252157,0.9659258262890681,0.43388373911755823,-0.900968867902419,0.00037605140904151124,0.0007288219679727481,-0.006985584039001897,6.284391142632462,23,3,,,,,0.7733333333335395,ASIA,149.0,2.6664951069602187,60.57826207784887,0.5561066336019826,32.84295733854882,20.8249512226703,1.6176735798016195,10.084507042254574,0.6441961231470923,CORE,CORE_GATE,M1_OHLC,3,4,V15_Q2,HIGH,1,C,15
XAUUSD,A_OB_RETEST_SEQUENCE,V15_QUALITY_PRESERVING_EXPANDED,A_OB_RETEST_SEQUENCE|SELL|2020-07-31T17:20:00+00:00,2020-07-31 17:20:00+00:00,2020-07-31 17:21:00+00:00,SELL,UTC_12_17,0.8176562042857014,10.0,1.0622542141146787,1.139127874346752,1.0723684210527162,0.8544600938967467,0.017471286416423613,0.20965543699644779,0.9783920393160678,0.9783920393160678,4.0,75.00000000000406,0.083862174798452,1.4326454861416515,0.017471286416423613,6.237249250640349,-1,1,1,0.048919601965763664,0.08474576271191667,6.0,1.7468988259190628,0.3650745593228376,1.1176470588235048,0.7861679604799313,10.0,0.25508078167870424,0.2445980098291361,-0.020979020978527278,0.6552733155953349,0.33384391624631377,-0.18520038238477954,51.004094867117914,0.6950613981498464,0.8088918076758894,-0.11383040952604306,25.344737870637566,20.342859966412288,17.26606036992901,24.390243902433614,0.4434426819230475,3.048970545155988,-0.000822166001405833,-0.00023866893825341684,-0.0002310536044363154,-0.00013712161417545055,0.0011695995647054147,-0.31797741277786107,-0.18868989329683478,1.488553602673953,1.139127874346752,0.08920187793429335,0.14553990610325332,-0.08381436590962206,0.46199642919425726,-1.2700864465769395,0.5458107951038793,-1.7320828757711968,0.1929949804548172,0.4889564862833964,1.7347125713470462,-1.0743422522160782,0.845146550260126,2.005703680598058,4.119729336977688,-3.4699581221772036,-0.02051818035926556,-1.6439776631449554,0.21539416511482137,0.9758196036096025,0.8931672787063302,0.48685326547920266,0.5294144797098623,1.5165076609401036,6.237249250640349,-0.9659258262890683,-0.25881904510252063,-0.433883739117558,-0.9009688679024191,0.0002310536044363154,0.00013712161417545055,0.11383040952604306,-3.0767995964832764,17,4,0.6714285714286758,0.9860425013489786,,,,NEW_YORK,320.0,1.5165076609401036,19.847381368985086,0.5355633802816897,-9.092057451073607,11.13969221907121,0.1725219573400245,6.078341013824706,2.451276800770899,CORE,CORE_GATE,M1_OHLC,3,4,V15_Q2,HIGH,1,A,15
XAUUSD,B_FVG_RETEST_SEQUENCE,V15_QUALITY_PRESERVING_EXPANDED,B_FVG_RETEST_SEQUENCE|SELL|2020-07-31T17:20:00+00:00,2020-07-31 17:20:00+00:00,2020-07-31 17:21:00+00:00,SELL,UTC_12_17,0.8176562042857014,10.0,1.0622542141146787,1.139127874346752,1.0723684210527162,0.8544600938967467,0.017471286416423613,0.20965543699644779,0.9783920393160678,0.20965543699644779,4.0,100.0,0.6499318546884796,1.4326454861416515,0.017471286416423613,6.237249250640349,-1,1,1,0.048919601965763664,0.08474576271191667,6.0,1.7468988259190628,0.3650745593228376,1.1176470588235048,0.7861679604799313,10.0,0.25508078167870424,0.2445980098291361,-0.020979020978527278,0.6552733155953349,0.33384391624631377,-0.18520038238477954,51.004094867117914,0.6950613981498464,0.8088918076758894,-0.11383040952604306,25.344737870637566,20.342859966412288,17.26606036992901,24.390243902433614,0.4434426819230475,3.048970545155988,-0.000822166001405833,-0.00023866893825341684,-0.0002310536044363154,-0.00013712161417545055,0.0011695995647054147,-0.31797741277786107,-0.18868989329683478,1.488553602673953,1.139127874346752,0.08920187793429335,0.14553990610325332,-0.08381436590962206,0.46199642919425726,-1.2700864465769395,0.5458107951038793,-1.7320828757711968,0.1929949804548172,0.4889564862833964,1.7347125713470462,-1.0743422522160782,0.845146550260126,2.005703680598058,4.119729336977688,-3.4699581221772036,-0.02051818035926556,-1.6439776631449554,0.21539416511482137,0.9758196036096025,0.8931672787063302,0.48685326547920266,0.5294144797098623,1.5165076609401036,6.237249250640349,-0.9659258262890683,-0.25881904510252063,-0.433883739117558,-0.9009688679024191,0.0002310536044363154,0.00013712161417545055,0.11383040952604306,-3.0767995964832764,17,4,,,0.19736842105275362,1.0,,NEW_YORK,320.0,1.4326454861416515,19.847381368985086,0.5355633802816897,-9.092057451073607,11.13969221907121,0.1725219573400245,6.434146341462871,2.451276800770899,CORE,CORE_GATE,M1_OHLC,3,4,V15_Q2,HIGH,2,A+B,15
XAUUSD,C_DISPLACEMENT_MID_RETEST,V15_QUALITY_PRESERVING_EXPANDED,C_DISPLACEMENT_MID_RETEST|SELL|2020-07-31T17:20:00+00:00,2020-07-31 17:20:00+00:00,2020-07-31 17:21:00+00:00,SELL,UTC_12_17,0.8176562042857014,10.0,1.0622542141146787,1.139127874346752,1.0723684210527162,0.8544600938967467,0.017471286416423613,0.20965543699644779,0.9783920393160678,0.5000000000000099,4.0,100.0,1.1407143987422617,1.4326454861416515,0.017471286416423613,6.237249250640349,-1,1,1,0.048919601965763664,0.08474576271191667,6.0,1.7468988259190628,0.3650745593228376,1.1176470588235048,0.7861679604799313,10.0,0.25508078167870424,0.2445980098291361,-0.020979020978527278,0.6552733155953349,0.33384391624631377,-0.18520038238477954,51.004094867117914,0.6950613981498464,0.8088918076758894,-0.11383040952604306,25.344737870637566,20.342859966412288,17.26606036992901,24.390243902433614,0.4434426819230475,3.048970545155988,-0.000822166001405833,-0.00023866893825341684,-0.0002310536044363154,-0.00013712161417545055,0.0011695995647054147,-0.31797741277786107,-0.18868989329683478,1.488553602673953,1.139127874346752,0.08920187793429335,0.14553990610325332,-0.08381436590962206,0.46199642919425726,-1.2700864465769395,0.5458107951038793,-1.7320828757711968,0.1929949804548172,0.4889564862833964,1.7347125713470462,-1.0743422522160782,0.845146550260126,2.005703680598058,4.119729336977688,-3.4699581221772036,-0.02051818035926556,-1.6439776631449554,0.21539416511482137,0.9758196036096025,0.8931672787063302,0.48685326547920266,0.5294144797098623,1.5165076609401036,6.237249250640349,-0.9659258262890683,-0.25881904510252063,-0.433883739117558,-0.9009688679024191,0.0002310536044363154,0.00013712161417545055,0.11383040952604306,-3.0767995964832764,17,4,,,,,0.9210526315787191,NEW_YORK,320.0,1.4326454861416515,19.847381368985086,0.5355633802816897,-9.092057451073607,11.13969221907121,0.1725219573400245,6.434146341462871,2.451276800770899,CORE,CORE_GATE,M1_OHLC,3,4,V15_Q2,HIGH,3,A+B+C,15
XAUUSD,C_DISPLACEMENT_MID_RETEST,V15_QUALITY_PRESERVING_EXPANDED,C_DISPLACEMENT_MID_RETEST|SELL|2020-08-05T19:43:00+00:00,2020-08-05 19:43:00+00:00,2020-08-05 19:44:00+00:00,SELL,UTC_18_23,0.5746079011180822,10.0,2.788261290671352,0.4709900828836927,0.1689189189189255,0.931372549019669,0.10047788434857251,,1.004778843485154,0.8364783872013628,8.0,95.79579579579242,1.7545950554361103,2.3863497532774907,0.10047788434857251,4.769559572669022,-1,1,1,0.08477821491920176,0.014705882352926424,2.0,2.4127842710516836,0.384485253354673,2.7663551401867768,0.8242701774470921,10.0,0.5243689589438674,0.7567240664997539,0.18137254901955757,0.37544994065082615,1.1076895540434955,-0.2881634390830558,42.935986105771256,-1.0114744901002268,-1.1845157283199823,0.17304123821975548,31.341977841071856,17.693438702473983,26.524708356261485,30.03120124804883,0.3230677909838787,3.2618133885068605,-0.0003588034641737181,-0.0004153038230070294,0.0004156490642976962,-0.0003416064349806014,-0.0023765669031787784,0.5306488267155014,-0.43645081013899134,0.6405465127218106,0.4709900828836927,0.1960784313725971,0.06862745098033096,-0.6693106996788328,-2.2832116228832793,-5.0618232954513145,-1.6139009232044463,-2.7786116725680348,-0.27907042845351476,-1.0863241375009216,-2.856923147711896,-0.6356709235881411,1.0807135317855294,2.992356993254457,4.254610415382747,-2.927754783112057,0.0769108191104515,-3.275315664408165,0.03342984996050287,1.2054669529338788,1.1532931377385622,0.7033210332103375,0.4071339830698421,7.6771383510041336,1.208874546068116,-0.9659258262890684,0.2588190451025203,0.9749279121818236,-0.22252093395631434,-0.0004156490642976962,0.0003416064349806014,-0.17304123821975548,8.831269653787501,19,2,,,,,0.8468468468467754,NEW_YORK,463.0,2.3863497532774907,29.028688775064868,0.4729042725797765,-7.9094934585600205,13.561374453164332,-0.12827043297059548,6.411842105262793,1.8614212121590101,CORE,CORE_GATE,M1_OHLC,1,4,V15_Q2,LOW,1,C,15
XAUUSD,A_OB_RETEST_SEQUENCE,V15_QUALITY_PRESERVING_EXPANDED,A_OB_RETEST_SEQUENCE|SELL|2020-08-07T23:26:00+00:00,2020-08-07 23:26:00+00:00,2020-08-07 23:27:00+00:00,SELL,UTC_18_23,0.752717634996056,7.0,1.7921848452283944,0.2867495752362823,0.15999999999985448,0.9565217391304348,0.21506218142753772,,1.01796099208978,1.01796099208978,2.0,9.859154929535968,0.50181175666382,1.7348349301811379,0.21506218142753772,,1,-1,1,0.6236803261394029,0.7812499999999704,5.0,1.8274584126343307,0.4338570332152888,1.9379844961240857,0.8993902439024603,7.0,0.04301243628576834,0.35843696904567884,0.7857142857130096,0.028466488036265208,1.4188050819957254,-0.025309817412322765,41.01651756508973,-0.3431967346496094,-0.42417261389958494,0.08097587924997551,19.31100299688423,16.574817671138476,22.892061837420385,33.15068493151115,0.339400600450945,1.8836982125961588,-7.387743241382694e-06,-0.0004283087466060431,-0.00030034687602331633,-6.156119182465503e-05,-0.0006005133897256654,-0.8745862044716389,-0.17921848452283942,0.32976201152172463,0.2867495752362823,0.08695652173913043,0.043478260869565216,-0.6404779222555453,-1.7872790628121573,-1.1139868452920896,-1.146801140556612,0.673292217520068,-0.19227637064132527,-0.6343944047640218,-4.37215209622361,-1.2751612646302166,0.7920283918462433,2.2509841656064458,3.5915384298378585,-9.547843751944256,-0.11671279249334143,-0.45490794703392723,0.10794297352343422,0.48396777371020094,0.7174603140931779,0.6267465069858844,0.2791243325705713,8.860561874809273,0.8674174650905689,-0.25881904510252157,0.9659258262890681,-0.433883739117558,-0.9009688679024191,0.00030034687602331633,6.156119182465503e-05,-0.08097587924997551,6.31724416628191,23,4,0.3098591549299203,0.46672499027717995,,,,ASIA,146.0,1.7348349301811379,85.25781745720538,0.7486756915832822,51.90167311781404,31.38474100963946,2.0,12.351239669421252,0.699463686805459,CORE,CORE_GATE,M1_OHLC,1,4,V15_Q2,LOW,1,A,15
XAUUSD,C_DISPLACEMENT_MID_RETEST,V15_QUALITY_PRESERVING_EXPANDED,C_DISPLACEMENT_MID_RETEST|SELL|2020-08-07T23:26:00+00:00,2020-08-07 23:26:00+00:00,2020-08-07 23:27:00+00:00,SELL,UTC_18_23,0.752717634996056,7.0,1.7921848452283944,0.2867495752362823,0.15999999999985448,0.9565217391304348,0.21506218142753772,,1.01796099208978,0.5376554535685183,2.0,35.33333333325572,1.0717265374465015,1.7348349301811379,0.21506218142753772,,1,-1,1,0.6236803261394029,0.7812499999999704,5.0,1.8274584126343307,0.4338570332152888,1.9379844961240857,0.8993902439024603,7.0,0.04301243628576834,0.35843696904567884,0.7857142857130096,0.028466488036265208,1.4188050819957254,-0.025309817412322765,41.01651756508973,-0.3431967346496094,-0.42417261389958494,0.08097587924997551,19.31100299688423,16.574817671138476,22.892061837420385,33.15068493151115,0.339400600450945,1.8836982125961588,-7.387743241382694e-06,-0.0004283087466060431,-0.00030034687602331633,-6.156119182465503e-05,-0.0006005133897256654,-0.8745862044716389,-0.17921848452283942,0.32976201152172463,0.2867495752362823,0.08695652173913043,0.043478260869565216,-0.6404779222555453,-1.7872790628121573,-1.1139868452920896,-1.146801140556612,0.673292217520068,-0.19227637064132527,-0.6343944047640218,-4.37215209622361,-1.2751612646302166,0.7920283918462433,2.2509841656064458,3.5915384298378585,-9.547843751944256,-0.11671279249334143,-0.45490794703392723,0.10794297352343422,0.48396777371020094,0.7174603140931779,0.6267465069858844,0.2791243325705713,8.860561874809273,0.8674174650905689,-0.25881904510252157,0.9659258262890681,-0.433883739117558,-0.9009688679024191,0.00030034687602331633,6.156119182465503e-05,-0.08097587924997551,6.31724416628191,23,4,,,,,0.5599999999998545,ASIA,146.0,1.7348349301811379,85.25781745720538,0.7486756915832822,51.90167311781404,31.38474100963946,2.0,12.351239669421252,0.699463686805459,CORE,CORE_GATE,M1_OHLC,1,4,V15_Q2,LOW,2,A+C,15
XAUUSD,A_OB_RETEST_SEQUENCE,V15_QUALITY_PRESERVING_EXPANDED,A_OB_RETEST_SEQUENCE|SELL|2020-08-17T05:00:00+00:00,2020-08-17 05:00:00+00:00,2020-08-17 05:01:00+00:00,SELL,UTC_00_05,0.683252174565331,6.0,0.8317852559925653,1.010024953705084,1.2142857142855055,0.831858407079614,0.320831455882534,0.19012234422695698,1.2357952374748151,1.2357952374748151,4.0,64.42307692309394,0.7129587908506159,2.269585484207965,0.320831455882534,,-1,-1,2,0.4337165977675345,0.5370370370370059,2.0,2.0137149551650917,0.08243277594235393,0.9459459459462864,1.0169033130494505,6.0,0.14259175817028527,0.24953557679752641,0.2727272727263958,0.650356975317865,0.5668484963757088,0.2934134200474841,53.01242688937917,0.6423144222053452,0.7455969027823262,-0.10328248057698097,27.39843947296253,32.132980129357236,20.707495905289502,44.95677233429497,0.4730468739459476,3.3726049309102972,-0.000592748368009044,-0.00014438608840028344,-0.00034542581465057953,0.0001676432963315655,0.0014927107679199025,-0.7961373164497912,0.386186011711133,1.3427390561023265,1.010024953705084,0.07964601769923613,0.16814159292038602,0.07800277808997381,1.4557340828184842,0.3007334487295146,1.3777313047285105,-1.1550006340889696,0.32387664350690415,1.0649991985446658,3.018866445082499,-0.9608358427251433,0.7131016314203183,2.4953557679774256,6.404746471142185,-4.842502180661967,-0.06362454090622838,-0.7642612569180187,0.1069651741293756,0.6665814815019258,0.6616531538374693,0.38961038961038197,0.6116027531957448,2.269585484207965,7.177118494564181,0.9659258262890683,0.25881904510252074,0.0,1.0,0.00034542581465057953,-0.0001676432963315655,0.10328248057698097,-11.425484224067734,5,0,0.8076923076922993,0.6123577641440039,,,,ASIA,480.0,2.269585484207965,26.14182233119321,0.566363636363638,7.545480536503386,26.14182233119321,0.566363636363638,4.9947643979061205,0.9257066991204294,CORE,CORE_GATE,M1_OHLC,3,4,V15_Q2,HIGH,1,A,15
XAUUSD,C_DISPLACEMENT_MID_RETEST,V15_QUALITY_PRESERVING_EXPANDED,C_DISPLACEMENT_MID_RETEST|SELL|2020-08-17T05:00:00+00:00,2020-08-17 05:00:00+00:00,2020-08-17 05:01:00+00:00,SELL,UTC_00_05,0.683252174565331,6.0,0.8317852559925653,1.010024953705084,1.2142857142855055,0.831858407079614,0.320831455882534,0.19012234422695698,1.2357952374748151,0.49999999999983835,4.0,100.0,1.6393407957546722,2.269585484207965,0.320831455882534,,-1,-1,2,0.4337165977675345,0.5370370370370059,2.0,2.0137149551650917,0.08243277594235393,0.9459459459462864,1.0169033130494505,6.0,0.14259175817028527,0.24953557679752641,0.2727272727263958,0.650356975317865,0.5668484963757088,0.2934134200474841,53.01242688937917,0.6423144222053452,0.7455969027823262,-0.10328248057698097,27.39843947296253,32.132980129357236,20.707495905289502,44.95677233429497,0.4730468739459476,3.3726049309102972,-0.000592748368009044,-0.00014438608840028344,-0.00034542581465057953,0.0001676432963315655,0.0014927107679199025,-0.7961373164497912,0.386186011711133,1.3427390561023265,1.010024953705084,0.07964601769923613,0.16814159292038602,0.07800277808997381,1.4557340828184842,0.3007334487295146,1.3777313047285105,-1.1550006340889696,0.32387664350690415,1.0649991985446658,3.018866445082499,-0.9608358427251433,0.7131016314203183,2.4953557679774256,6.404746471142185,-4.842502180661967,-0.06362454090622838,-0.7642612569180187,0.1069651741293756,0.6665814815019258,0.6616531538374693,0.38961038961038197,0.6116027531957448,2.269585484207965,7.177118494564181,0.9659258262890683,0.25881904510252074,0.0,1.0,0.00034542581465057953,-0.0001676432963315655,0.10328248057698097,-11.425484224067734,5,0,,,,,0.0857142857151767,ASIA,480.0,2.269585484207965,26.14182233119321,0.566363636363638,7.545480536503386,26.14182233119321,0.566363636363638,4.9947643979061205,0.9257066991204294,CORE,CORE_GATE,M1_OHLC,3,4,V15_Q2,HIGH,2,A+C,15
XAUUSD,C_DISPLACEMENT_MID_RETEST,V15_QUALITY_PRESERVING_EXPANDED,C_DISPLACEMENT_MID_RETEST|SELL|2020-08-17T05:20:00+00:00,2020-08-17 05:20:00+00:00,2020-08-17 05:21:00+00:00,SELL,UTC_00_05,0.5805142231927682,11.0,0.8782138248300767,0.3125845817188184,0.355932203389419,1.0,0.2381596813099144,,1.0270636256482233,0.5000000000003016,4.0,76.79296414731114,2.3623140043664606,2.9100136060039197,0.2381596813099144,,-1,-1,2,0.5507442630287328,0.013157894736830296,7.0,2.6235292925807108,0.20853694376950033,0.825174825174992,0.7470383275261667,11.0,0.4391069124146999,0.15629229085923999,-0.4750000000005684,0.4106641937337268,0.5585691142379755,0.19720843561186885,48.56486275213278,0.18671933661994444,0.3874684287273049,-0.20074909210736047,25.15498980217013,30.57241752616393,21.507337552050537,13.082039911302033,0.21267085035038175,3.183394469880097,-0.0001056741884351009,6.444644371650377e-05,-0.00024997358526546165,-0.0006105399285384339,3.8666869452974595e-05,-0.7219215339701598,-1.7638701397005698,0.43166442237394487,0.3125845817188184,0.275862068966085,0.0,-0.46645497469629893,0.854247584721424,1.0651166520663455,1.320702559417723,0.2108690673449215,-0.22873566553960062,0.7262550414856026,2.216549728731971,-0.6632125243530039,0.7360402111353996,3.3267930482956776,4.324086713780881,0.9470296195592027,0.016011308832355464,-1.9101082744776683,0.09069069069068095,0.7345149470723,0.5801929107755641,0.7693631669534229,0.34650967199331867,2.917456096045013,8.268606435474455,0.9659258262890683,0.25881904510252074,0.0,1.0,0.00024997358526546165,0.0006105399285384339,0.20074909210736047,-9.065079974113395,5,0,,,,,0.32203389830509777,ASIA,500.0,2.9100136060039197,32.746956180096475,0.5320454545454616,8.328146355801849,32.746956180096475,0.5320454545454616,5.265984654731574,0.6106292558408046,CORE,CORE_GATE,M1_OHLC,2,4,V15_Q2,MEDIUM,1,C,15
XAUUSD,C_DISPLACEMENT_MID_RETEST,V15_QUALITY_PRESERVING_EXPANDED,C_DISPLACEMENT_MID_RETEST|SELL|2020-08-19T09:44:00+00:00,2020-08-19 09:44:00+00:00,2020-08-19 09:45:00+00:00,SELL,UTC_06_11,0.977490993062249,9.0,1.8678788283273706,0.4355157889882767,0.2331606217616739,0.8799999999998059,0.0048390643221971,0.004839064321977045,0.6968252623811987,0.5603636484983652,8.0,27.547495682198768,1.3505828522955914,2.3953368394351915,0.0048390643221971,,-1,-1,2,0.41615953170014847,0.027397260273947004,1.0,2.234721390504824,0.07010890636872254,2.1564245810054277,0.9061740398638538,9.0,1.2097660805228685,1.1468582443356266,-0.026694045174560983,0.8700189457215498,1.0037117434824439,0.5352600261236582,46.44683070256572,-0.12579368838169103,-0.07407417324815165,-0.05171951513353938,11.111518940101721,19.667918381658616,22.071302513484422,33.512064343163374,0.28554804691495655,2.822855833138049,-0.0002211355309514884,-0.0003065480677421073,0.0002815867412870876,-0.0006756637957234801,0.0002966762206466633,0.5419752040741923,-1.301708302642633,0.7258596483137211,0.4355157889882767,0.27999999999974534,0.12000000000019402,-0.4305923859427492,-0.6450456422464174,-2.7667457022468076,-0.21445325630366818,-2.12170006000039,-0.07790822162683046,-0.2508612375388236,0.05014895354193243,-0.525608016014744,0.7920391504989744,3.6051029199580604,3.968032744114921,-4.148073420846927,0.05710827691963609,-1.3753391983739043,0.03755633450175386,0.9115071473828473,0.9183586265447897,0.9085365853658517,0.5329371231697759,5.071339409551873,4.86325964370202,0.7071067811865476,-0.7071067811865475,0.9749279121818236,-0.22252093395631434,-0.0002815867412870876,0.0006756637957234801,0.05171951513353938,2.4033841318258062,9,2,,,,,0.18134715025913206,LONDON,164.0,2.3953368394351915,21.543514361951456,0.7742587601078148,15.56243085984611,16.201187350362485,1.0295698924731114,2.0303030303031417,1.0818448078639398,CORE,CORE_GATE,M1_OHLC,2,4,V15_Q2,MEDIUM,1,C,15
XAUUSD,B_FVG_RETEST_SEQUENCE,V15_QUALITY_PRESERVING_EXPANDED,B_FVG_RETEST_SEQUENCE|SELL|2020-08-20T10:36:00+00:00,2020-08-20 10:36:00+00:00,2020-08-20 10:37:00+00:00,SELL,UTC_06_11,0.4101100889694293,9.0,1.6145386660482839,1.1051387660651764,0.684491978609651,0.8533333333333152,0.09065591440380165,0.17267793219772676,0.9842642135267088,0.17267793219772676,8.0,100.0,0.6302744525213788,1.308035336397373,0.09065591440380165,,-1,-1,2,0.3842083991397997,0.14563106796106862,1.0,2.039397571419064,0.8983060731251735,1.8333333333334634,0.7322497861419442,9.0,0.08202201779392512,0.3712575542250831,0.6380952380951967,0.07070979786934904,0.5899571603372636,0.03740431442667137,49.41206913698148,0.34243077883797923,0.3048488980680051,0.03758188076997415,12.566117351774022,23.986783367024298,21.59163534616911,46.378830083565504,0.477121053380545,3.77372995072875,-0.0006654026585277695,-0.00034180390221838497,-0.000203054557418203,-0.0002570172124427561,-2.827836191166e-05,-0.3410389160904171,-0.43169483049421875,1.2950844914826563,1.1051387660651764,0.0,0.14666666666668485,-0.19854126928491186,-0.03952957212255875,-0.6022822099658693,0.1590116971623531,-0.5627526378433106,0.3463376516592353,0.16244756982630665,0.6892979447989915,-0.6560316127384886,0.8449990147050853,2.9009892609212597,4.036346665120906,-4.835162442796673,-0.05496935221513807,-0.13857109651234012,0.08186447316882167,0.8522904960110913,0.9536318291468409,0.7187165775401412,0.5295059063381903,4.075199199865448,5.378917587957981,0.49999999999999994,-0.8660254037844387,0.43388373911755823,-0.900968867902419,0.000203054557418203,0.0002570172124427561,-0.03758188076997415,-2.3951480208551885,10,3,,,0.10695187165778457,1.0,,LONDON,216.0,1.308035336397373,26.307482970317714,0.34263209714473397,-11.280185920813983,23.84682243650055,0.2748008689355521,13.221122112212313,0.9971826362865505,EXPANDED,RELAXED_SWEEP_WITH_STRONG_COMPENSATION,M1_OHLC,4,4,V15_Q2,VERY_HIGH,1,B,15
XAUUSD,A_OB_RETEST_SEQUENCE,V15_QUALITY_PRESERVING_EXPANDED,A_OB_RETEST_SEQUENCE|SELL|2020-08-21T17:11:00+00:00,2020-08-21 17:11:00+00:00,2020-08-21 17:12:00+00:00,SELL,UTC_12_17,0.8253060876055208,11.0,1.8365327773637479,0.2947521741447405,0.16049382716046195,1.0,0.9794841479273803,0.19272257540235013,1.0248306362574118,1.0248306362574118,3.0,49.55752212388419,1.0724444490036817,2.033790001599091,0.9794841479273803,,-1,-1,2,0.5759004017905024,0.0,8.0,3.873803922490418,0.8489593790180945,2.0716112531969846,0.9740777666999293,11.0,0.14510876265587383,0.19045525098580218,0.1351351351350521,0.11075833147731652,0.6249117393898477,0.06116984326056404,44.65402967607886,-1.6921213618252295,-1.8264362336061917,0.13431487178096213,34.73546521110751,17.17357220571018,29.12384231514515,49.97292907417375,0.3920876871205597,3.598100123746472,-0.0003658754933479891,0.002094003865453109,-0.000394407713784517,-0.000982845584326375,-0.002927268633190705,-0.34463331130776476,-0.8593159538529155,0.44439558563360715,0.2947521741447405,0.3367346938775487,0.0,-0.42370036627147206,-1.6622729363207922,-2.164690101603985,-1.2385725700493202,-0.5024171652831928,-0.5811288541286328,-0.9695056052753596,-2.6639815154115056,-0.03037885850655414,1.106212519167579,3.0540859890235095,6.679537731004529,15.725300269188224,0.3570927973866844,-0.43555051994902527,0.11055390927740759,1.097807913857465,1.0741162725159887,0.45723014256619954,0.5817437198522416,6.593379403177459,2.092740436428101,-0.9659258262890683,-0.25881904510252063,-0.433883739117558,-0.9009688679024191,0.000394407713784517,0.000982845584326375,-0.13431487178096213,11.950270109434971,17,4,0.35398230088500204,1.4338992192532911,,,,NEW_YORK,311.0,2.033790001599091,20.28121690557896,0.6669647847959718,10.037445191838765,7.01283442022976,1.9288716456514767,3.321070234113833,2.101198809692504,CORE,CORE_GATE,M1_OHLC,2,4,V15_Q2,MEDIUM,1,A,15
XAUUSD,A_OB_RETEST_SEQUENCE,V15_QUALITY_PRESERVING_EXPANDED,A_OB_RETEST_SEQUENCE|SELL|2020-08-21T20:45:00+00:00,2020-08-21 20:45:00+00:00,2020-08-21 20:46:00+00:00,SELL,UTC_18_23,0.8094871469798407,9.0,0.7807819290017248,0.6659610570897833,0.8529411764706866,0.8814814814815813,0.8267102777667625,0.06315147955195947,1.0678341087818397,1.0678341087818397,1.0,8.602150537628098,0.3387215721406192,2.681067359146316,0.8267102777667625,,1,-1,1,0.4765066184349491,0.17886178861790572,8.0,2.0741673654112596,0.13787817746954406,0.9315068493149661,0.8575063613230971,9.0,0.4707655748392215,0.06889252314716494,-0.7446808510639533,0.5879434146600264,0.08440233705887815,-0.04449384636030915,42.42137760204969,0.10686754478911098,0.30406715844606563,-0.19719961365695465,23.133175111974595,18.424977144466638,21.814434914543792,5.555555555550731,-0.08536814940254123,2.293011661159985,-0.0003119666273055932,-0.000706158267077206,-0.0006211628374512834,-0.0003995916431208668,-0.0013058663534648574,-1.3835915065403317,-0.889861757318461,1.5500817708125165,0.6659610570897833,0.4518518518519766,0.11851851851841871,-1.161910572545398,-0.3366607675505969,1.866129595887998,0.8252498049948012,2.202790363438595,-0.08357933783797251,0.4422808280180801,0.11535851035950584,0.9897640280586644,0.9343301004318278,2.864780754205422,4.29430060951027,-11.021527907842106,-0.12666064879608785,-3.4563380033003135,0.08333333333335116,0.8215532346164179,0.8934959428908952,0.6671122994652504,0.25254694470380507,3.8235350346710484,4.753584097158558,-0.8660254037844386,0.5000000000000001,-0.433883739117558,-0.9009688679024191,0.0006211628374512834,0.0003995916431208668,0.19719961365695465,3.389457770077154,20,4,0.6666666666666666,1.0250942759691595,,,,NEW_YORK,525.0,2.681067359146316,51.35363496266273,0.38692006707657933,11.034285790747766,17.75704784119782,1.1189783381830039,11.743040685224688,1.068322831268162,CORE,CORE_GATE,M1_OHLC,3,4,V15_Q2,HIGH,1,A,15
XAUUSD,A_OB_RETEST_SEQUENCE,V15_QUALITY_PRESERVING_EXPANDED,A_OB_RETEST_SEQUENCE|SELL|2020-08-26T13:28:00+00:00,2020-08-26 13:28:00+00:00,2020-08-26 13:29:00+00:00,SELL,UTC_12_17,1.1959151611101615,9.0,1.3968289081767034,0.3252889238216681,0.2328767123285495,0.9782608695647446,0.3826928515549036,,0.727116417955187,0.727116417955187,2.0,50.0,0.9567321288881292,2.181349253864691,0.3826928515549036,,-1,-1,2,0.315721602533013,0.17857142857155425,7.0,1.8626479132454277,0.13763408225919782,1.5368421052634904,0.6985815602837275,9.0,0.18177910448923182,0.2870196386661777,0.22448979591666274,0.30483312696322357,0.7636757351688024,0.190224032296512,46.974059473180255,0.0883843083481679,0.165329360485568,-0.0769450521374001,11.015291152211814,18.2510559775692,24.489467446736445,19.148936170213453,0.2687406536833037,3.0655561333950994,-8.596346813094513e-05,-0.0003281446544974864,-0.00039062398275002685,8.33726313704819e-05,-0.0003203341892940026,-1.4350981933321938,0.30615428124435795,0.8801935585771484,0.3252889238216681,0.6086956521738056,0.021739130435255407,-0.5596175444738135,-0.36346532472881804,-0.8459529635218936,0.19615221974499547,-0.48248763879307555,-0.09013810408274713,0.18844054800076757,0.6340965971160069,-0.9106321934694666,0.8226042408975677,2.3631283583539227,5.242892066306966,-7.253694948255202,-0.07794903640170484,0.4174567468230066,0.1629392971246039,0.8091466180009624,0.7383193909643472,0.4507299270073442,0.18548077559440748,2.181349253864691,3.7121206600860455,-0.2588190451025208,-0.9659258262890683,0.9749279121818236,-0.22252093395631434,0.00039062398275002685,-8.33726313704819e-05,0.0769450521374001,6.238411469167243,13,2,0.9736842105263472,0.45878027419843875,,,,LONDON_NY_OVERLAP,88.0,2.181349253864691,34.040529145839564,0.6953344575604226,17.6612750992749,14.446655146211098,1.6384105960264361,4.754385964912876,0.741773968094312,CORE,CORE_GATE,M1_OHLC,2,4,V15_Q2,MEDIUM,1,A,15
XAUUSD,C_DISPLACEMENT_MID_RETEST,V15_QUALITY_PRESERVING_EXPANDED,C_DISPLACEMENT_MID_RETEST|SELL|2020-08-26T13:28:00+00:00,2020-08-26 13:28:00+00:00,2020-08-26 13:29:00+00:00,SELL,UTC_12_17,1.1959151611101615,9.0,1.3968289081767034,0.3252889238216681,0.2328767123285495,0.9782608695647446,0.3826928515549036,,0.727116417955187,0.5000000000001722,2.0,100.0,1.4147139042654848,2.181349253864691,0.3826928515549036,,-1,-1,2,0.315721602533013,0.17857142857155425,7.0,1.8626479132454277,0.13763408225919782,1.5368421052634904,0.6985815602837275,9.0,0.18177910448923182,0.2870196386661777,0.22448979591666274,0.30483312696322357,0.7636757351688024,0.190224032296512,46.974059473180255,0.0883843083481679,0.165329360485568,-0.0769450521374001,11.015291152211814,18.2510559775692,24.489467446736445,19.148936170213453,0.2687406536833037,3.0655561333950994,-8.596346813094513e-05,-0.0003281446544974864,-0.00039062398275002685,8.33726313704819e-05,-0.0003203341892940026,-1.4350981933321938,0.30615428124435795,0.8801935585771484,0.3252889238216681,0.6086956521738056,0.021739130435255407,-0.5596175444738135,-0.36346532472881804,-0.8459529635218936,0.19615221974499547,-0.48248763879307555,-0.09013810408274713,0.18844054800076757,0.6340965971160069,-0.9106321934694666,0.8226042408975677,2.3631283583539227,5.242892066306966,-7.253694948255202,-0.07794903640170484,0.4174567468230066,0.1629392971246039,0.8091466180009624,0.7383193909643472,0.4507299270073442,0.18548077559440748,2.181349253864691,3.7121206600860455,-0.2588190451025208,-0.9659258262890683,0.9749279121818236,-0.22252093395631434,0.00039062398275002685,-8.33726313704819e-05,0.0769450521374001,6.238411469167243,13,2,,,,,0.2602739726034309,LONDON_NY_OVERLAP,88.0,2.181349253864691,34.040529145839564,0.6953344575604226,17.6612750992749,14.446655146211098,1.6384105960264361,4.754385964912876,0.741773968094312,CORE,CORE_GATE,M1_OHLC,2,4,V15_Q2,MEDIUM,2,A+C,15
XAUUSD,C_DISPLACEMENT_MID_RETEST,V15_QUALITY_PRESERVING_EXPANDED,C_DISPLACEMENT_MID_RETEST|SELL|2020-08-27T19:22:00+00:00,2020-08-27 19:22:00+00:00,2020-08-27 19:23:00+00:00,SELL,UTC_18_23,0.8435104434523344,11.0,1.9331698419333814,0.7624613972843204,0.3944099378882176,0.9532163742689165,0.0030018165246704785,,0.5643415066514276,0.5799509525799871,4.0,100.0,1.1569000886354404,2.0862624846952613,0.0030018165246704785,,-1,-1,2,0.2371435054547011,0.11061946902654912,7.0,2.3331108964871863,0.1626297139642478,2.705882352940626,0.9532777978992639,11.0,0.32719800119686304,0.0840508626926845,-0.591240875912748,0.7509728170772917,0.5468313181022394,0.3166830327810681,45.988569341002695,0.16473907753265848,0.40870249069507286,-0.24396341316241438,17.992428619259723,21.878230794891472,24.411613578948838,12.09766925638312,0.11818752270217726,2.246571610271242,-0.0005754679565443954,-0.0008629536337344534,-0.0013675957511285475,-0.0007360659349203713,-0.0010053402221594787,-1.5849591250634154,-0.8525158930266189,1.0266212514616018,0.7624613972843204,0.2105263157894107,0.04678362573108357,-0.678292653928658,0.02419669530029911,-1.3772982050823752,0.7024893492289571,-1.4014949003826744,-0.14098679484136034,0.3319606103254946,0.77359949396229,-0.5226568289855608,0.9193295886165523,2.173315163912753,3.761276105501112,-6.733735033099805,-0.05816383417203935,-3.5087405508939042,0.09859994042301216,0.7243302244394518,0.8061371522459494,0.5778132482042829,0.18872384414385016,2.7136421383662706,6.216762022739578,-0.9659258262890684,0.2588190451025203,0.43388373911755823,-0.900968867902419,0.0013675957511285475,0.0007360659349203713,0.24396341316241438,2.533382784057366,19,3,,,,,0.33850931677025253,NEW_YORK,442.0,2.0862624846952613,40.029223357427234,0.7319085114360694,14.621848292015672,9.566789264351007,1.6623784122999608,5.143884892086466,1.9579202624634477,CORE,CORE_GATE,M1_OHLC,3,4,V15_Q2,HIGH,1,C,15
XAUUSD,C_DISPLACEMENT_MID_RETEST,V15_QUALITY_PRESERVING_EXPANDED,C_DISPLACEMENT_MID_RETEST|SELL|2020-09-02T03:17:00+00:00,2020-09-02 03:17:00+00:00,2020-09-02 03:18:00+00:00,SELL,UTC_00_05,1.072479668453457,8.0,1.311965419661483,0.5622708941405002,0.42857142857132546,0.9000000000000757,0.12494908758714612,,0.27072302310445734,0.4999999999995463,4.0,100.0,2.7175408301867794,3.12372718967013,0.12494908758714612,,1,-1,1,0.2811354470702501,0.04477611940327885,4.0,3.1089753728456544,0.36239590235632174,1.1666666666669474,1.1376811594202476,8.0,0.4893839263813712,0.0416496958622242,-0.8431372549020306,0.31812049941551207,1.0686408109836458,-0.24284348953110174,45.95752504115718,-0.04016921313905186,0.06287970689466263,-0.10304892003371449,14.865427829201861,23.746150160792848,19.776742106521507,13.79310344827451,0.20841628397913486,3.135328805917943,-8.367288466071265e-05,6.339787236742112e-05,-0.00017493642708832358,-0.00030166371340423215,0.0002333438168962143,-0.7184572536240778,-1.2390784519023539,0.6247454379338366,0.5622708941405002,0.0,0.0999999999999242,-0.5747118029284938,-0.14762908541018394,1.5796609972796487,0.42708271751830984,1.7272900826898328,-0.40057611215682815,0.20183421776530838,-0.07607494142171993,-1.3985009903311247,1.0820241717376073,3.623523540017294,4.5502292729524925,2.269403874831113,0.024085525232586114,-1.9599925498966169,0.16115261472788003,1.0394276097916257,1.0794568623850276,0.796338672768924,0.2863575268818839,3.12372718967013,4.966726231574735,0.7071067811865475,0.7071067811865476,0.9749279121818236,-0.22252093395631434,0.00017493642708832358,0.00030166371340423215,0.10304892003371449,-3.969408054271341,3,2,,,,,0.7619047619046588,ASIA,377.0,3.12372718967013,10.73520910849847,0.29097963142583305,-7.424058287447857,10.73520910849847,0.29097963142583305,2.4366666666662793,0.39163745883016005,CORE,CORE_GATE,M1_OHLC,3,4,V15_Q2,HIGH,1,C,15
XAUUSD,A_OB_RETEST_SEQUENCE,V15_QUALITY_PRESERVING_EXPANDED,A_OB_RETEST_SEQUENCE|SELL|2020-09-03T09:28:00+00:00,2020-09-03 09:28:00+00:00,2020-09-03 09:29:00+00:00,SELL,UTC_06_11,1.2476587148204443,11.0,1.5962692380791654,1.0641794920527075,0.6666666666666231,0.7771428571428,0.811895560747043,,1.440311898726349,1.440311898726349,3.0,8.91719745222155,0.5871335128567164,3.1466686704660316,0.811895560747043,,-1,-1,2,0.03669584455350567,0.01388888888887573,8.0,3.056446140874047,0.6776524318450821,1.8219895287964147,1.052212829438124,11.0,0.7751997161935373,1.2935285205123264,0.2505543237250675,1.5304841472586714,0.9693643482648527,0.6814463448321952,41.01571639670711,-0.31613462712493856,-0.15901561603274705,-0.1571190110921915,27.02964455300243,13.293619955662665,31.74964930334917,9.397590361447987,0.03051525144249021,3.4313097088880196,-0.0006461033506919289,-8.274784920248024e-05,-0.0014409556789922728,-0.0012629980318925593,0.00013449446891500294,-2.559535157609315,-2.2430334983350155,1.6054431992173332,1.0641794920527075,0.11428571428561034,0.2228571428572,-1.3425117119151968,-2.0527356016428002,-5.829407021440949,-0.7102238897276034,-3.7766714197981486,-0.4511653240001249,-0.44844971648628335,-2.0248169975955825,-0.22677625028989493,1.1479068034596933,2.9448415254215417,5.210809926602394,0.742238261050332,-0.07067194859845377,1.58482799485612,0.045640074211503,1.1007551893143095,1.3813814300483847,0.5651408450704453,0.6608145363409483,6.449294680284462,1.7614005385697322,0.7071067811865476,-0.7071067811865475,0.43388373911755823,-0.900968867902419,0.0014409556789922728,0.0012629980318925593,0.1571190110921915,18.456029347686503,9,3,0.7579617834394111,1.046856170574501,,,,LONDON,148.0,3.1466686704660316,17.907572142127037,0.901639344262303,8.100607685193886,10.3849240086517,1.5547703180211911,0.559766763848341,1.1086636197897155,CORE,CORE_GATE,M1_OHLC,3,4,V15_Q2,HIGH,1,A,15
XAUUSD,C_DISPLACEMENT_MID_RETEST,V15_QUALITY_PRESERVING_EXPANDED,C_DISPLACEMENT_MID_RETEST|SELL|2020-09-07T15:38:00+00:00,2020-09-07 15:38:00+00:00,2020-09-07 15:39:00+00:00,SELL,UTC_12_17,0.4524943920496752,6.0,1.07169724432852,0.2143394488659206,0.2000000000002021,0.6666666666675088,0.09526197727404333,,0.8811732897804333,0.5000000000000401,4.0,76.19704375026505,1.4409000966057202,1.845700809675993,0.09526197727404333,,-1,-1,2,0.8573577954615164,0.5138888888888801,2.0,1.8485853170118085,0.259450570808925,1.2162162162173125,1.0676156583626288,6.0,0.4644021392080506,0.02381549431891696,-0.9024390243880798,0.19797915347479147,0.7121934316470728,0.11961450214252699,55.90274210746954,0.29447340212777817,0.35202878561884077,-0.057555383491062595,36.45983861544963,24.652335404291073,11.785030346302879,37.751004016051496,0.5199948888284817,3.0968056766211727,-2.590311200001416e-05,3.367605192328149e-05,-8.28852350316378e-05,-5.180488209233225e-05,0.0008789100478343581,-0.3810479090950903,-0.23815494318483757,0.4286788977318412,0.2143394488659206,0.1666666666675088,0.3333333333324912,0.34399093029085137,1.531514084590304,2.5436942660784223,1.1875231542994527,1.0121801814881186,0.2573736363341738,0.9073532027366318,1.9787913222324647,-1.0791670307889376,0.8858038931340616,2.310102948884044,8.895087127921084,-0.10026138598449563,-0.026306086717037658,0.1458308820298413,0.2867756315005534,1.0412299987180875,0.934797506726124,0.2597054886211047,0.48803418803415655,2.2148409716116246,7.049386318245091,-0.7071067811865471,-0.7071067811865479,0.0,1.0,8.28852350316378e-05,5.180488209233225e-05,0.057555383491062595,-12.867305057988194,15,0,,,,,0.7111111111100332,NEW_YORK,218.0,1.845700809675993,40.272000892409714,0.6623299822590313,4.870268588112383,22.422287900770797,1.189591078066948,7.36774193548276,0.6442281815103873,CORE,CORE_GATE,M1_OHLC,1,4,V15_Q2,LOW,1,C,15
XAUUSD,A_OB_RETEST_SEQUENCE,V15_QUALITY_PRESERVING_EXPANDED,A_OB_RETEST_SEQUENCE|SELL|2020-09-15T17:49:00+00:00,2020-09-15 17:49:00+00:00,2020-09-15 17:50:00+00:00,SELL,UTC_12_17,1.0909144602644545,10.0,0.9475826333681993,0.9953599090001637,1.0504201680671787,0.923076923076875,0.8918424784642408,0.11944318908009206,0.6529561003038756,0.6529561003038756,5.0,100.0,2.7153418317526925,3.8460706883767557,0.8918424784642408,,-1,-1,2,0.8520280821039083,0.0443686006826267,5.0,4.140972156291268,1.2313117964730533,1.1840796019899755,1.295686274509792,10.0,0.8361023235601013,2.755156228112301,0.5343680709534325,1.8049060266012684,0.22465115559485063,0.2093053782683101,40.81664424091018,-0.810956894303672,-0.7154221116310635,-0.09553478267260851,26.222662313072608,20.295489368791674,25.951240174106022,17.52921535893143,0.2231579677147746,4.878248846042761,-0.0006613163270799971,0.00015905143774808117,0.00023089770462036974,-0.0010863521882054084,-0.001817795449366666,0.3583295672400951,-1.6881304056643718,1.4492440275043688,0.9953599090001637,0.23626373626375,0.07692307692312497,-1.0821054006789381,-2.65696901886942,-8.580839082447177,-1.5748636181904818,-5.923870063577758,-0.5530697572661675,-1.1417565665227365,-2.4422359431724523,0.5998689394391448,0.9134789987167481,2.77108198665647,4.76976468392861,4.2743941225074735,0.18062938404190398,-1.6972455229492311,0.18331226295826222,0.9448383711627937,0.9992874829493705,0.58096828046747,0.6707027540361183,7.572698187673238,0.8361023235601013,-0.9659258262890683,-0.25881904510252063,0.7818314824680298,0.6234898018587336,-0.00023089770462036974,0.0010863521882054084,0.09553478267260851,5.655750805314348,17,1,0.06097560975578646,0.08627025325616466,,,,NEW_YORK,349.0,3.8460706883767557,19.04720721862719,0.9561036789297679,6.700762907389254,9.499714971497431,1.4861693210393994,0.2173913043478097,2.810300366832528,EXPANDED,RELAXED_SECOND_WITH_STRONG_COMPENSATION,M1_OHLC,4,4,V15_Q2,VERY_HIGH,1,A,15
XAUUSD,C_DISPLACEMENT_MID_RETEST,V15_QUALITY_PRESERVING_EXPANDED,C_DISPLACEMENT_MID_RETEST|SELL|2020-09-16T02:55:00+00:00,2020-09-16 02:55:00+00:00,2020-09-16 02:56:00+00:00,SELL,UTC_00_05,0.8989038603533841,9.0,2.427040422953422,1.1685750184590928,0.48148148148149705,0.6666666666664723,0.24719856159638862,,1.5281365626010595,0.728112126885209,5.0,100.0,3.2315593779709317,3.6630332309394524,0.24719856159638862,,-1,-1,2,0.7191230882829117,0.02777777777837428,4.0,4.949326733915439,1.366956907461951,3.1764705882337205,0.9954337899540316,9.0,0.15730817556115242,2.7641293705860686,0.8923076923081176,0.544061575243308,1.1647069843642963,0.4080399824617893,38.95723083546997,-0.2989489845404023,-0.30231581482588077,0.0033668302854784615,27.280153066332478,24.042029674804116,27.908083108591455,23.831775700941133,0.2835335760403998,5.41917548368013,-0.00013565707937979177,7.168275261770773e-05,0.00012033047356441173,-0.00022266299827244929,-0.0007494928772596721,1.0562120359155585,-1.9551158962679207,1.75286252768915,1.1685750184590928,0.0,0.33333333333352766,-1.4525180115162073,-3.614835518751031,-5.754910285226543,-2.1623175072348233,-2.1400747664755118,-1.0482253666390455,-1.6361218603059742,-3.5453879108937483,1.0288259763918013,1.3621713462199576,4.809135652890247,8.584531866372211,8.718690788361442,0.046248150432354196,-2.824934183738524,0.2592592592591946,0.9359415868857484,1.1092632207830098,0.5602094240838981,0.5470085470086787,9.348600147672743,1.1461024219507947,0.49999999999999994,0.8660254037844387,0.9749279121818236,-0.22252093395631434,-0.00012033047356441173,0.00022266299827244929,-0.0033668302854784615,3.8660534337873393,2,2,,,,,0.9444444444449123,ASIA,355.0,3.6630332309394524,14.000427625001837,0.9181380417335185,6.090073653892874,14.000427625001837,0.9181380417335185,0.3128834355829351,0.21253214870236148,CORE,CORE_GATE,M1_OHLC,3,4,V15_Q2,HIGH,1,C,15
XAUUSD,A_OB_RETEST_SEQUENCE,V15_QUALITY_PRESERVING_EXPANDED,A_OB_RETEST_SEQUENCE|SELL|2020-09-17T22:21:00+00:00,2020-09-17 22:21:00+00:00,2020-09-17 22:22:00+00:00,SELL,UTC_18_23,0.4575340454419172,6.0,1.0752050067883234,0.4575340454419172,0.4255319148936891,0.5263157894736528,0.06863010681620955,,0.7549311749793455,0.7549311749793455,2.0,53.0303030303333,0.7892462283871902,1.6013691590464503,0.06863010681620955,,1,-1,1,0.4346573431698474,0.20895522388072366,4.0,1.5907913815103873,0.07897545865671143,0.9894736842105364,0.8958990536278284,6.0,0.16013691590448897,0.171575267040784,0.0344827586214467,0.16326963648858242,0.13648514401332054,-0.021951823049585026,49.31652504391959,0.06311422392218446,0.038768467552361754,0.02434575636982271,14.637183063540009,15.045908634001814,15.258678682264021,43.775100401608114,0.5531296406863783,3.9505959504791814,-9.257259234118909e-05,-0.0001568490315215776,-0.0002005522901529222,0.00040134605291597403,0.00026238212097351443,-0.8921913886117646,1.784382777223009,0.8693146863396948,0.4575340454419172,0.0,0.4736842105263473,-0.1070286402332931,-0.3234509421010877,-0.44509256947229925,-0.21642230186779463,-0.12164162737121155,0.11207123155835484,0.09584351762273631,-0.3977242841559646,-0.133451856553378,0.9108689870670872,2.0131497999442276,3.8661626839834464,-5.047623981501296,-0.0661536661952187,-3.4618196464136712,0.021233569261879758,0.8630738413857949,0.9466665773816351,0.5207100591716454,0.5270267868252696,5.547600300981881,2.264793524936996,-0.5000000000000004,0.8660254037844384,0.43388373911755823,-0.900968867902419,0.0002005522901529222,-0.00040134605291597403,-0.02434575636982271,0.21277004826220747,22,3,0.3939393939395401,0.36103066814379386,,,,ASIA,81.0,1.6013691590464503,64.260656682303,0.596119615521539,34.93272436948239,52.98244246216267,0.7230138169257294,9.164285714285391,0.5645122392379115,CORE,CORE_GATE,M1_OHLC,1,4,V15_Q2,LOW,1,A,15
XAUUSD,C_DISPLACEMENT_MID_RETEST,V15_QUALITY_PRESERVING_EXPANDED,C_DISPLACEMENT_MID_RETEST|SELL|2020-09-17T22:21:00+00:00,2020-09-17 22:21:00+00:00,2020-09-17 22:22:00+00:00,SELL,UTC_18_23,0.4575340454419172,6.0,1.0752050067883234,0.4575340454419172,0.4255319148936891,0.5263157894736528,0.06863010681620955,,0.7549311749793455,0.5000000000003618,2.0,100.0,1.1454788385976407,1.6013691590464503,0.06863010681620955,,1,-1,1,0.4346573431698474,0.20895522388072366,4.0,1.5907913815103873,0.07897545865671143,0.9894736842105364,0.8958990536278284,6.0,0.16013691590448897,0.171575267040784,0.0344827586214467,0.16326963648858242,0.13648514401332054,-0.021951823049585026,49.31652504391959,0.06311422392218446,0.038768467552361754,0.02434575636982271,14.637183063540009,15.045908634001814,15.258678682264021,43.775100401608114,0.5531296406863783,3.9505959504791814,-9.257259234118909e-05,-0.0001568490315215776,-0.0002005522901529222,0.00040134605291597403,0.00026238212097351443,-0.8921913886117646,1.784382777223009,0.8693146863396948,0.4575340454419172,0.0,0.4736842105263473,-0.1070286402332931,-0.3234509421010877,-0.44509256947229925,-0.21642230186779463,-0.12164162737121155,0.11207123155835484,0.09584351762273631,-0.3977242841559646,-0.133451856553378,0.9108689870670872,2.0131497999442276,3.8661626839834464,-5.047623981501296,-0.0661536661952187,-3.4618196464136712,0.021233569261879758,0.8630738413857949,0.9466665773816351,0.5207100591716454,0.5270267868252696,5.547600300981881,2.264793524936996,-0.5000000000000004,0.8660254037844384,0.43388373911755823,-0.900968867902419,0.0002005522901529222,-0.00040134605291597403,-0.02434575636982271,0.21277004826220747,22,3,,,,,0.6170212765961152,ASIA,81.0,1.6013691590464503,64.260656682303,0.596119615521539,34.93272436948239,52.98244246216267,0.7230138169257294,9.164285714285391,0.5645122392379115,CORE,CORE_GATE,M1_OHLC,1,4,V15_Q2,LOW,2,A+C,15
XAUUSD,A_OB_RETEST_SEQUENCE,V15_QUALITY_PRESERVING_EXPANDED,A_OB_RETEST_SEQUENCE|SELL|2020-09-21T17:20:00+00:00,2020-09-21 17:20:00+00:00,2020-09-21 17:21:00+00:00,SELL,UTC_12_17,0.5090024522353331,8.0,0.9702859245735284,2.380646885975467,2.453551912568284,0.9806949806949976,2.555616478931317,,0.8536395292697084,0.8536395292697084,5.0,8.074534161496825,1.05511966661267,4.533303090220619,2.555616478931317,,-1,-1,2,0.5355129966224443,0.0,3.0,2.315984235174717,0.20900345536936865,0.9838709677419493,1.1091678420309945,8.0,,4.024300637985286,,2.0806495714291966,2.3166862026294313,0.9506383601036305,28.891664303327858,-1.5422525473034057,-1.147122289015538,-0.39513025828786774,22.783887952857835,11.593623380059466,32.900994436490066,0.9852216748759866,-0.24728827036151632,4.0921173479555435,-0.00235140704741299,-0.002309607916560763,-0.002330507919799052,-0.0028840391203417415,-0.006026438062043504,-2.359438450465681,-2.921461991475478,2.7464923985196275,2.380646885975467,0.11389961389964559,0.019305019305002356,-2.9306776674232142,-4.246124962822495,-8.742265543914005,-1.3154472953992802,-4.49614058109151,-0.7990861873531936,-0.9122890615746717,-4.563257498671767,1.3267195704695314,1.052574542643882,5.38164051061276,6.27769691090204,-10.260781623245805,-0.21020687488262468,2.6656312266625157,0.26080760095009486,1.2315700889689012,1.1558541294374287,0.8572635135135052,0.4155085224823021,8.027392840461028,0.05302108877446363,-0.9659258262890683,-0.25881904510252063,0.0,1.0,0.002330507919799052,0.0028840391203417415,0.39513025828786774,21.3073710564306,17,0,0.4223602484473523,0.528157380460685,,,,NEW_YORK,320.0,4.533303090220619,26.905551498625982,0.9980293624987702,23.761400934297516,4.8328722417967604,2.0,0.011695906432738275,2.7311400153022194,EXPANDED,RELAXED_SECOND_WITH_STRONG_COMPENSATION,M1_OHLC,4,4,V15_Q2,VERY_HIGH,1,A,15
XAUUSD,A_OB_RETEST_SEQUENCE,V15_QUALITY_PRESERVING_EXPANDED,A_OB_RETEST_SEQUENCE|SELL|2020-09-24T12:07:00+00:00,2020-09-24 12:07:00+00:00,2020-09-24 12:08:00+00:00,SELL,UTC_12_17,0.7967312431156628,6.0,0.9198035489628312,0.9845784467773474,1.0704225352115202,0.6870229007634568,2.215301505248443,,0.9586684876516588,0.9586684876516588,1.0,20.270270270276082,2.0468867709311716,3.9771787257970392,2.215301505248443,,-1,-1,2,0.3821718971040551,0.05494505494501376,5.0,3.1484768799237224,1.2867688117947016,1.3148148148146939,1.328012769353508,6.0,0.2137571627867842,0.3109195095088531,0.18518518518643282,0.13463537484355986,0.8316204155155476,0.091182874303167,34.533816530436354,-0.5921590097548233,-0.48013849694260957,-0.1120205128122137,23.754643680775263,12.669621490327888,32.6050107818431,11.680911680906808,-0.15534120451353994,3.6818453150267847,-0.0004156287194048147,-0.0004372103818576223,-0.0008470849755721765,-0.0012727826750549287,-0.0010411187981282932,-2.033931791368622,-3.0573751768342077,1.6971023227340802,0.9845784467773474,0.10687022900754084,0.31297709923654315,-2.218677727351747,-3.5852075610203245,-4.582952192430414,-1.3665298336685776,-0.9977446314100904,-0.7785154336227492,-0.8602403641033297,-4.597437951414625,1.9556477596366038,0.914784372477933,4.547197826562779,4.547197826562779,-2.5380874530721727,-0.09031167984994648,2.3385804544460065,0.29426591052299245,0.8368757993635821,0.798718863680879,1.0,0.43880102013650824,10.260343813782137,0.5311541620769121,1.2246467991473532e-16,-1.0,0.43388373911755823,-0.900968867902419,0.0008470849755721765,0.0012727826750549287,0.1120205128122137,19.93538929151521,12,3,0.824324324324233,0.8076527648499022,,,,LONDON_NY_OVERLAP,7.0,3.9771787257970392,25.89052665636811,0.853640230172644,15.785642597340399,19.574974119475755,1.129053606882876,0.9527687296415541,1.0080322381605027,CORE,CORE_GATE,M1_OHLC,3,4,V15_Q2,HIGH,1,A,15
XAUUSD,B_FVG_RETEST_SEQUENCE,V15_QUALITY_PRESERVING_EXPANDED,B_FVG_RETEST_SEQUENCE|SELL|2020-09-30T13:16:00+00:00,2020-09-30 13:16:00+00:00,2020-09-30 13:17:00+00:00,SELL,UTC_12_17,0.5416740643849075,19.0,1.142439844884011,0.7681923094912664,0.6724137931037051,0.6860465116277102,0.06894033546730848,0.7583436901390497,0.47273372891715115,0.7583436901390497,15.0,100.0,0.7386464514337205,1.7136597673264644,0.06894033546730848,,-1,-1,2,0.32500443863076534,0.5925925925929357,4.0,2.8042042715032554,0.6164414562357289,1.5675675675678333,1.1551956815114603,19.0,0.06894033546730848,0.17727514834393168,0.4399999999986903,1.158455330709201,1.066140206592107,0.6465843812312945,52.09214243332254,0.08048970870186167,-0.013589586188805649,0.09407929489066733,17.80528066687352,22.123743720074984,25.259894179490814,71.179039301306,0.5783334280651249,4.74619060774324,-0.00019634011414260133,-0.00020695089691991075,6.900267252651915e-05,0.00015394211245745026,0.0001061619022089122,0.2560641031634569,0.5712199224424533,1.6939625286215831,0.7681923094912664,0.23255813953463778,0.31395348837228976,0.2709387331166531,0.3760421910914109,-2.2538460868311696,0.1051034579747578,-2.6298882779225803,0.5385015710554648,-0.00948833876570624,0.905744773952956,0.34378036111177296,1.0521430325410188,4.510667663421848,4.924309676224803,-6.346767557276941,0.03999541526341073,-2.1655854107106514,0.08837970540100812,0.7627995396683402,0.9386426354881064,0.9159999999999854,0.512135570275392,1.7136597673264644,5.416740643847284,-0.2588190451025208,-0.9659258262890683,0.9749279121818236,-0.22252093395631434,-6.900267252651915e-05,-0.00015394211245745026,-0.09407929489066733,3.1361504594158305,13,2,,,0.6637931034487354,1.0,,LONDON_NY_OVERLAP,76.0,1.7136597673264644,35.504272765580566,0.8474341192787783,26.955671167654913,22.898039994445334,1.3139784946236441,3.1609195402294556,0.7750493033908009,CORE,CORE_GATE,M1_OHLC,3,4,V15_Q2,HIGH,1,B,15
XAUUSD,C_DISPLACEMENT_MID_RETEST,V15_QUALITY_PRESERVING_EXPANDED,C_DISPLACEMENT_MID_RETEST|SELL|2020-09-30T14:42:00+00:00,2020-09-30 14:42:00+00:00,2020-09-30 14:43:00+00:00,SELL,UTC_12_17,0.6940762055505736,12.0,1.6360367702257077,0.19830748730070066,0.12121212121249704,0.8928571428579549,0.07436530773729305,,0.743653077375185,0.49999999999962946,7.0,100.0,2.1214270356308105,2.3796898476016444,0.07436530773729305,,-1,-1,2,0.01652562394128668,0.0,5.0,2.861849151802444,0.5395289384546232,2.1063829787228174,1.0383275261323532,12.0,0.07436530773729305,0.9750118125592105,0.8582677165359179,0.23524428648886728,0.951806618048839,0.17107766028712515,48.21480078555062,-0.15718929934996595,-0.12617512395941433,-0.031014175390551624,16.10862064900339,18.902475749643887,21.035883846897583,47.63636363636165,0.3878014616892108,3.987852916423547,-7.4253815452896e-05,0.0002865109073111327,0.0002546682548061341,-1.856448772630248e-05,-0.0007288011618417078,0.7932299492005481,-0.057839683796006375,0.46271747036654803,0.19830748730070066,0.46428571428490223,0.10714285714204509,-0.14849027234512513,-0.2967643258432331,-0.1715014741360097,-0.14827405349810793,0.12526285170722337,-0.25579690500119057,-0.2784386537287276,-0.8479269557747403,0.22514398239141523,1.0407993597960072,3.4786438397231354,4.767642507174307,6.475773176685763,0.10843868298709292,-2.0965628787605084,0.004752206381513786,1.1122431805805042,1.1024839089129619,0.7296360485268143,0.46055088702131014,4.42886721637004,2.164856736359657,-0.4999999999999997,-0.8660254037844388,0.9749279121818236,-0.22252093395631434,-0.0002546682548061341,1.856448772630248e-05,0.031014175390551624,2.133408097253696,14,2,,,,,0.9898989898987672,LONDON_NY_OVERLAP,162.0,2.3796898476016444,29.787437154873395,0.7825242718446671,20.68181836300988,19.211037832200045,1.213333333333335,2.722222222222012,0.8433149599309182,CORE,CORE_GATE,M1_OHLC,2,4,V15_Q2,MEDIUM,1,C,15
XAUUSD,C_DISPLACEMENT_MID_RETEST,V15_QUALITY_PRESERVING_EXPANDED,C_DISPLACEMENT_MID_RETEST|SELL|2020-10-02T05:35:00+00:00,2020-10-02 05:35:00+00:00,2020-10-02 05:36:00+00:00,SELL,UTC_00_05,1.299764623129223,5.0,2.599529246257941,0.6887641592648943,0.26495726495725336,0.6078431372548058,0.27772748357460303,,1.599710305389269,0.779858773877736,5.0,10.113960114009206,0.9098352361903551,2.29958356399739,0.27772748357460303,,-1,-1,2,0.855400649409252,0.12820512820502855,0.0,2.292221390534917,0.1417868901360807,4.333333333333052,1.004405286343408,5.0,0.11109099343024537,0.9998189408681668,0.7999999999992725,2.451656508797196,0.5281228019919842,0.4768141355224441,43.09618397893128,-0.1162858500783841,-0.12859586345788093,0.012310013379496831,35.44129058382703,16.333767156091625,29.843996520949567,27.906976744190352,0.23192585093916077,2.4097591246933963,-0.00015815736130253555,-2.8999261836859525e-05,-3.42716741976723e-05,-0.00021086536510028786,-0.0003294380577386624,-0.14441829145891483,-0.8887279474389318,1.1331281329843603,0.6887641592648943,0.0,0.3921568627451942,-0.7050807418271503,-1.8075318314170052,-8.370873215271557,-1.102451089589855,-6.563341383854551,-0.2295842382713368,-0.5319029868888588,-2.0242558363137806,-0.4156598064312553,1.0803684473581574,3.821530173986093,4.1992395516477155,-0.05733320449294865,-0.016289380859787567,-2.6792208589957767,0.0508875739644815,1.0384443542345736,1.0922604724307967,0.9100529100528654,0.6076031811327142,6.376623022872644,1.444182914588138,0.9659258262890683,0.25881904510252074,-0.433883739117558,-0.9009688679024191,3.42716741976723e-05,0.00021086536510028786,-0.012310013379496831,13.510229364857942,5,4,,,,,0.23076923076944,ASIA,515.0,2.29958356399739,25.639801283607273,0.9436741767764217,18.35223211460975,25.639801283607273,0.9436741767764217,0.6280193236716738,0.4484314358423854,CORE,CORE_GATE,M1_OHLC,2,4,V15_Q2,MEDIUM,1,C,15
XAUUSD,A_OB_RETEST_SEQUENCE,V15_QUALITY_PRESERVING_EXPANDED,A_OB_RETEST_SEQUENCE|SELL|2020-10-07T14:05:00+00:00,2020-10-07 14:05:00+00:00,2020-10-07 14:06:00+00:00,SELL,UTC_12_17,0.8760030046955684,5.0,0.8913714784617894,0.8145291096292862,0.9137931034487354,1.0,0.8760030046955684,,4.380015023476444,4.380015023476444,4.0,45.964912280701306,0.0,3.1812740696832438,0.8760030046955684,,-1,-1,2,0.7991606358623662,0.38245614035094044,1.0,2.200592550889266,0.057158248074995234,1.2608695652168218,1.7432646592707972,5.0,0.33810642286455156,0.19979015896576627,-0.25714285714204044,0.40098687291229185,0.10300855078896247,0.03908679128086426,40.86613473861143,-0.3507139600692426,-0.36469162952310935,0.013977669453866748,19.20885347202042,29.44752807299531,28.568509708509264,27.368421052623518,0.18155607450818442,3.0452793005044696,-0.0002862238853833521,-0.00022793230940498788,-0.0005193222314958668,-0.0004239769568524787,-0.0009375670400162406,-1.5061104291253093,-1.2294779013270398,0.8145291096292862,0.8145291096292862,0.0,0.0,-1.0615036007245113,-2.0102875136189353,-4.0522168407958095,-0.948783912894424,-2.0419293271768737,-0.2911896105039335,-0.7658049511298246,-2.2173880747769634,0.30079326609595775,1.2687939207715684,4.380015023476444,6.11665255910066,-3.622643652823484,0.01070991795514148,-2.859102216690978,0.2002706359945932,1.3208588181726548,1.2332896678619005,0.7160804020100242,0.22329749103963928,4.91791160530746,1.1987409537932,-0.4999999999999997,-0.8660254037844388,0.9749279121818236,-0.22252093395631434,0.0005193222314958668,0.0004239769568524787,-0.013977669453866748,-0.879018364486047,14,2,0.4596491228070131,0.10717171514077851,,,,LONDON_NY_OVERLAP,125.0,3.1812740696832438,38.5287637328269,0.47626645392900646,-12.540674593532732,17.197322144808144,-0.1733690795352627,6.342995169081457,0.7150090135159614,CORE,CORE_GATE,M1_OHLC,4,4,V15_Q2,VERY_HIGH,1,A,15
XAUUSD,A_OB_RETEST_SEQUENCE,V15_QUALITY_PRESERVING_EXPANDED,A_OB_RETEST_SEQUENCE|SELL|2020-10-08T07:00:00+00:00,2020-10-08 07:00:00+00:00,2020-10-08 07:01:00+00:00,SELL,UTC_06_11,0.5844559014889307,5.0,1.1118917150277534,0.2565903957754858,0.23076923076909622,0.8800000000001091,0.5416908355266739,,1.3684821108038874,1.3684821108038874,3.0,68.75000000002962,0.01425502198785111,1.0691266490654965,0.5416908355266739,,-1,-1,2,0.5844559014895789,0.02222222222270504,2.0,1.8707948404015866,0.3048702702879367,1.2580645161283817,1.1743119266054738,5.0,0.04276506596225684,0.48467074757656586,0.8378378378391665,0.5325105436086333,0.17172368663223073,0.08286761392747398,50.86174305666986,0.01815056360737799,-0.033365571927176,0.05151613553455399,21.08008060916141,16.61147190053646,20.58155958597207,61.53846153845795,0.6326997915187305,2.8896811899740755,-7.95612462473061e-05,0.0001591604815136538,1.856611260087071e-05,0.00036879906818554353,0.0006767821265822871,0.09978515391301304,1.9814480562685204,0.7127510993769977,0.2565903957754858,0.5200000000004366,0.11999999999989086,0.19031998449562376,-0.5824814701303062,-2.9336175293361446,-0.77280145462593,-2.3511360592058383,0.11336053605773412,-0.23015480422435364,-0.609530505695425,0.7060139799873619,1.0041763823499228,2.009958100242926,4.419056816137904,5.80859257834495,-0.008846484667386051,-3.312691499274422,0.14064914992269223,0.9582621335145505,0.9939393194846281,0.45483870967731904,0.39294117647054394,6.6143302022183565,5.146062937502105,0.9659258262890683,-0.25881904510252063,0.43388373911755823,-0.900968867902419,-1.856611260087071e-05,-0.00036879906818554353,-0.05151613553455399,3.970087685435608,7,3,0.5833333333332544,0.8868953317455219,,,,LONDON,0.0,1.0691266490654965,17.049006297097836,0.6981605351170471,6.34348478445502,17.049006297097836,0.6981605351170471,4.813333333333503,0.5518855427006977,CORE,CORE_GATE,M1_OHLC,2,4,V15_Q2,MEDIUM,1,A,15
XAUUSD,C_DISPLACEMENT_MID_RETEST,V15_QUALITY_PRESERVING_EXPANDED,C_DISPLACEMENT_MID_RETEST|SELL|2020-10-08T07:04:00+00:00,2020-10-08 07:04:00+00:00,2020-10-08 07:05:00+00:00,SELL,UTC_06_11,0.6085191346013429,9.0,1.157670548753807,0.3858901829177107,0.33333333333313897,0.5555555555550877,0.04452579033632146,,1.4248252907744356,0.49999999999932904,7.0,85.62063226937494,1.2045091509992103,1.7216638930188284,0.04452579033632146,,-1,-1,2,0.6085191346020178,0.02222222222270504,2.0,1.8707948404015866,0.3048702702879367,1.2580645161283817,1.1743119266054738,9.0,0.05936772044887857,0.10389351078520004,0.27272727272576947,0.583075963364482,0.17172368663223073,0.08926164243760613,46.2812313478441,0.005987372956724357,-0.003026597366723336,0.009013970323447694,19.866475513444495,15.418022007788402,24.648742406888307,17.73049645390254,0.3639534807625101,2.82554814383616,-7.691777224916319e-05,-0.00010078639914068432,-0.00018829494945193925,-7.691777224916319e-05,0.0003555668770880427,-1.053777037967932,-0.4304159732547071,0.8014642260605357,0.3858901829177107,0.07407407407401169,0.44444444444491227,-0.4328497905493136,-1.1087606357218345,-3.539112442348779,-0.6759108451725209,-2.4303518066269447,0.04334500950690456,-0.2826343400872275,-0.8684952431269216,0.3790415754346171,0.9578351471030875,2.092712145824657,4.126056571200436,-4.259665578502975,-0.03201614850477441,-1.1283070677988931,0.0014430014429673546,0.9097022647640595,0.9571971068243935,0.5071942446043106,0.3975338975344309,6.619500830056035,4.749417635915011,0.9659258262890683,-0.25881904510252063,0.43388373911755823,-0.900968867902419,0.00018829494945193925,7.691777224916319e-05,-0.009013970323447694,9.230720399099905,7,3,,,,,0.5384615384618076,LONDON,4.0,1.7216638930188284,17.75094841423089,0.7324414715718843,7.21317803454482,17.75094841423089,0.7324414715718843,2.758620689655754,0.5598834128245893,CORE,CORE_GATE,M1_OHLC,1,4,V15_Q2,LOW,2,A+C,15
XAUUSD,C_DISPLACEMENT_MID_RETEST,V15_QUALITY_PRESERVING_EXPANDED,C_DISPLACEMENT_MID_RETEST|SELL|2020-10-14T02:30:00+00:00,2020-10-14 02:30:00+00:00,2020-10-14 02:31:00+00:00,SELL,UTC_00_05,0.8361865579392537,16.0,2.2004909419447722,0.7481669202615429,0.3400000000001455,1.0,0.0660147282577828,,1.7163829347163622,0.660147282583832,15.0,43.33333333349502,1.8704173006528564,2.99266768104417,0.0660147282577828,,-1,-1,2,0.1320294565155656,0.5641025641022352,1.0,2.6855882863675706,0.1702133420931802,2.3809523809519684,0.9469026548671564,16.0,0.24205400361420515,1.0342307427136028,0.6206896551719272,0.5410520538186807,2.7408907038678136,0.48969078696962115,45.55894744198709,-0.03967596036204668,-0.0729058790683788,0.033229918706332115,18.11820343280778,17.296191980357,26.713355620527572,55.69620253165504,0.4141518719135303,3.8064068741159693,-9.775971718373189e-05,-0.00014795322564453706,-3.9634621634698775e-05,1.5854728408593033e-05,1.8497232021408294e-05,-0.330073641291916,0.13202945651656625,0.7481669202615429,0.7481669202615429,0.0,0.0,-0.43372210596556837,-0.9729057607130536,-2.31800652068572,-0.5391836547474852,-1.3451007599726663,0.1572388250809421,-0.3595532833780391,-1.4209466508444437,-0.36210397628062235,0.8479099315422336,3.47677568827258,4.92909970995581,-9.796504756532826,-0.0014225340558406269,-1.4303311248572435,0.1628959276018649,0.5872196449335186,0.7499601029012044,0.7053571428571791,0.1333333333331024,5.567242083119714,1.93643202891164,0.49999999999999994,0.8660254037844387,0.9749279121818236,-0.22252093395631434,3.9634621634698775e-05,-1.5854728408593033e-05,-0.033229918706332115,9.417163640170571,2,2,,,,,0.28000000000065484,ASIA,330.0,2.99266768104417,7.943772300420909,0.7562326869805878,3.696824782467858,7.943772300420909,0.7562326869805878,0.6470588235296478,0.2542342450176551,CORE,CORE_GATE,M1_OHLC,3,4,V15_Q2,HIGH,1,C,15
XAUUSD,C_DISPLACEMENT_MID_RETEST,V15_QUALITY_PRESERVING_EXPANDED,C_DISPLACEMENT_MID_RETEST|SELL|2020-10-14T08:19:00+00:00,2020-10-14 08:19:00+00:00,2020-10-14 08:20:00+00:00,SELL,UTC_06_11,0.6995723966212497,10.0,1.4956375376039754,1.1337897462478919,0.758064516128843,1.0,0.28947823308442805,,0.8201883270730947,0.5000000000000521,5.0,100.0,0.9199745253842421,1.8695469220055176,0.28947823308442805,,1,-1,1,0.14473911654276253,0.023809523810039396,5.0,1.6750275941865518,0.18231592861874701,1.6103896103888895,0.8433734939758619,10.0,0.04824637218073801,1.0493585949318744,0.912087912087978,0.8543241146374433,0.6405510818267796,-0.39191721305799476,44.436968869724794,-0.09020192721504827,-0.15150825224199138,0.06130632502694311,24.435181519769973,22.729180592581876,28.491311579687334,41.66666666665877,0.37766358559348234,3.5247228182850265,-0.00025592992269340975,-0.00024801652739925295,-2.1112580194770914e-05,0.0002534205170305892,-0.0004141715250480793,-0.09649274436147602,1.1579129323388093,1.3026520488810234,1.1337897462478919,0.12962962962994154,0.0,-0.7353373917231035,-1.6930362160497616,-0.6963959023563233,-0.957698824326658,0.9966403136934383,0.02837606178039303,-0.44385753437708,-1.9637759285919107,0.3565254964718557,1.120275306741323,1.809238956779321,4.438666240632285,-6.508510811963795,-0.03718198872212014,-4.568806368632334,0.0026954177897345055,1.3843568645990527,1.202391939703231,0.4076086956521417,0.44186827957026303,7.53849565324717,2.4123186090390947,0.8660254037844387,-0.4999999999999998,0.9749279121818236,-0.22252093395631434,2.1112580194770914e-05,-0.0002534205170305892,-0.06130632502694311,5.762130987105458,8,2,,,,,0.06451612903221071,LONDON,79.0,1.8695469220055176,37.197952951383016,0.21660181582361415,-3.654662692693921,37.197952951383016,0.21660181582361415,15.587096774191625,0.5157349202908545,CORE,CORE_GATE,M1_OHLC,3,4,V15_Q2,HIGH,1,C,15
XAUUSD,A_OB_RETEST_SEQUENCE,V15_QUALITY_PRESERVING_EXPANDED,A_OB_RETEST_SEQUENCE|SELL|2020-10-16T20:54:00+00:00,2020-10-16 20:54:00+00:00,2020-10-16 20:55:00+00:00,SELL,UTC_18_23,0.4659889788061782,11.0,1.0283894704671188,0.7391549318984472,0.7187500000001998,1.0,0.3856460514248955,,0.578469077138074,0.578469077138074,4.0,77.77777777780585,1.3497611799885958,2.2174647956953413,0.3856460514248955,,-1,-1,2,0.0482057564284773,0.7368421052634728,7.0,2.315600108204703,0.6014545735596365,1.1228070175437617,0.46455505279016546,11.0,0.1285486838082985,0.5302633207095967,0.609756097561192,0.7634920085295117,0.6321537106437748,0.3598522999660701,42.57629505140035,-0.14358651524821653,-0.14492089838206001,0.0013343831338434864,28.346587863129024,12.591227234709093,32.24089127893009,31.683168316841044,0.17561884551440343,2.1994039581862337,-0.00012091707717143407,-8.937631107153177e-05,-0.00015508399506880544,-2.6288808854024737e-05,-0.0004834929210328909,-0.9480465430865669,-0.16068585476037314,0.7391549318984472,0.7391549318984472,0.0,0.0,-0.9008547779326994,-1.3249745154757357,-2.5548586280505434,-0.4241197375430364,-1.2298841125748077,-0.38974835616481246,-0.36699745663024486,-2.739708277547763,-1.0669061840029315,0.7635643651170657,2.2174647956953413,5.704347843998726,-2.7502610425648513,0.0007250607396726283,3.4960039313411038,0.1708126036484153,1.1376538028498362,0.742605073413744,0.388732394366208,0.2987012987015259,7.953949810645412,1.0283894704678496,-0.8660254037844386,0.5000000000000001,-0.433883739117558,-0.9009688679024191,0.00015508399506880544,2.6288808854024737e-05,-0.0013343831338434864,19.649664044220998,20,4,0.11111111111097076,0.1804363720676858,,,,NEW_YORK,534.0,2.2174647956953413,51.933668258600825,0.7453589108910794,22.528156837424042,18.62349056674442,1.5237273511647655,5.9637681159419005,0.7387594783496102,CORE,CORE_GATE,M1_OHLC,4,4,V15_Q2,VERY_HIGH,1,A,15
XAUUSD,C_DISPLACEMENT_MID_RETEST,V15_QUALITY_PRESERVING_EXPANDED,C_DISPLACEMENT_MID_RETEST|SELL|2020-10-16T20:54:00+00:00,2020-10-16 20:54:00+00:00,2020-10-16 20:55:00+00:00,SELL,UTC_18_23,0.4659889788061782,11.0,1.0283894704671188,0.7391549318984472,0.7187500000001998,1.0,0.3856460514248955,,0.578469077138074,0.49999999999987493,4.0,100.0,1.7103674280788068,2.2174647956953413,0.3856460514248955,,-1,-1,2,0.0482057564284773,0.7368421052634728,7.0,2.315600108204703,0.6014545735596365,1.1228070175437617,0.46455505279016546,11.0,0.1285486838082985,0.5302633207095967,0.609756097561192,0.7634920085295117,0.6321537106437748,0.3598522999660701,42.57629505140035,-0.14358651524821653,-0.14492089838206001,0.0013343831338434864,28.346587863129024,12.591227234709093,32.24089127893009,31.683168316841044,0.17561884551440343,2.1994039581862337,-0.00012091707717143407,-8.937631107153177e-05,-0.00015508399506880544,-2.6288808854024737e-05,-0.0004834929210328909,-0.9480465430865669,-0.16068585476037314,0.7391549318984472,0.7391549318984472,0.0,0.0,-0.9008547779326994,-1.3249745154757357,-2.5548586280505434,-0.4241197375430364,-1.2298841125748077,-0.38974835616481246,-0.36699745663024486,-2.739708277547763,-1.0669061840029315,0.7635643651170657,2.2174647956953413,5.704347843998726,-2.7502610425648513,0.0007250607396726283,3.4960039313411038,0.1708126036484153,1.1376538028498362,0.742605073413744,0.388732394366208,0.2987012987015259,7.953949810645412,1.0283894704678496,-0.8660254037844386,0.5000000000000001,-0.433883739117558,-0.9009688679024191,0.00015508399506880544,2.6288808854024737e-05,-0.0013343831338434864,19.649664044220998,20,4,,,,,0.5000000000003553,NEW_YORK,534.0,2.2174647956953413,51.933668258600825,0.7453589108910794,22.528156837424042,18.62349056674442,1.5237273511647655,5.9637681159419005,0.7387594783496102,CORE,CORE_GATE,M1_OHLC,4,4,V15_Q2,VERY_HIGH,2,A+C,15
XAUUSD,C_DISPLACEMENT_MID_RETEST,V15_QUALITY_PRESERVING_EXPANDED,C_DISPLACEMENT_MID_RETEST|SELL|2020-10-22T04:09:00+00:00,2020-10-22 04:09:00+00:00,2020-10-22 04:10:00+00:00,SELL,UTC_00_05,1.0988224082117206,7.0,2.1453199398423655,0.4883655147612054,0.22764227642292353,0.7719298245612776,0.29650763396207547,,0.8023147742500418,0.6435959819529475,2.0,82.52032520327157,2.4165372167896457,3.296467224635559,0.29650763396207547,5.319695785787821,-1,1,1,0.0872081276357879,0.1621621621620625,5.0,3.2992766083120504,0.20676665392733432,3.2368421052632446,1.242553191489344,7.0,0.2529035701439832,1.142426472029813,0.6375000000000248,1.065555035861061,0.08675860896885958,-0.06817578830034222,41.724796794676564,-0.023755657153060383,0.11071604717105106,-0.13447170432411143,18.00268758229464,12.104623365113047,27.735463727226307,13.501144164763392,0.024640794254239654,2.865603394668888,-0.0001353704855896476,-0.00048404096131582364,-0.0006504843506475178,-0.0003201440908688902,-5.2069909059815345e-05,-2.1802031908966804,-1.0726599699211827,0.9941726550491718,0.4883655147612054,0.280701754385629,0.22807017543872246,-1.161324834560787,-1.1505420534284134,-3.3055710825131577,0.010782781132373546,-2.155029029084744,-0.332614077844524,0.06696416249602724,-0.9598065175151287,-0.06520792564453291,1.1908181275798708,3.8109951776873023,3.8109951776873023,-10.333461974316755,-0.12039815535662202,5.28607248335617,0.11894273127750692,1.0229824461419597,1.1712299617695052,1.0,0.3542076736558593,3.296467224635559,1.3255635400651657,0.8660254037844386,0.5000000000000001,0.43388373911755823,-0.900968867902419,0.0006504843506475178,0.0003201440908688902,0.13447170432411143,15.63084036211326,4,3,,,,,0.47967479674807867,ASIA,429.0,3.296467224635559,11.04054895870106,0.8799368088467658,7.7091984830107885,11.04054895870106,0.8799368088467658,0.4021164021164244,0.7853196527229677,CORE,CORE_GATE,M1_OHLC,0,4,V15_Q2,LOW,1,C,15
XAUUSD,A_OB_RETEST_SEQUENCE,V15_QUALITY_PRESERVING_EXPANDED,A_OB_RETEST_SEQUENCE|SELL|2020-10-22T20:15:00+00:00,2020-10-22 20:15:00+00:00,2020-10-22 20:16:00+00:00,SELL,UTC_18_23,0.5257797918493393,5.0,2.247450874964716,0.515470384166258,0.22935779816515484,0.9761904761905019,1.1546536605323052,,0.9690843222321525,0.9690843222321525,4.0,100.0,0.6804209070997793,1.2268195143157503,1.1546536605323052,,-1,-1,2,0.711349130149961,0.6666666666662877,1.0,2.6151238850835936,0.20837640518577386,2.626506024095699,0.9687890137326938,5.0,0.03092822304971294,0.4742327534329948,0.8775510204091481,0.9950155851525783,1.7739410962186106,0.7169914750137977,51.96236395639541,-0.0641538065383429,-0.11400461529185435,0.049850808753511444,23.1111430556243,26.394975368268806,20.302230679511222,62.22222222222158,0.6784523152066071,2.599704829902576,-0.00011046091130251234,0.0003657471240172683,2.6303191629217793e-06,0.00012100900464839803,0.00012100900464839803,0.010309407683550192,0.4742327534329948,0.8659902453994633,0.515470384166258,0.38095238095250983,0.02380952380949803,0.388493233735752,0.053074527054471035,-1.9283948888412301,-0.33541870668128093,-1.9814694158957011,-0.11677425619051682,-0.2139134279160635,-0.48648617942282446,-0.6640368076325536,0.9993993379810402,2.917562374380945,3.2474634202475188,9.79758347597955,0.06277310345602521,-2.100892649745173,0.0009165902841628547,0.6789982551416565,0.8684464517841756,0.8984126984126495,0.5903926482874514,3.195916381831174,3.206225789513787,-0.8660254037844386,0.5000000000000001,0.43388373911755823,-0.900968867902419,-2.6303191629217793e-06,-0.00012100900464839803,-0.049850808753511444,-6.092744688757584,20,3,0.8723404255324604,1.2294207905970134,,,,NEW_YORK,495.0,1.2268195143157503,64.8255555127487,0.7967557251908441,49.27896872629445,31.69111921854225,1.6297983083929486,10.739495798318622,0.8723544104114631,CORE,CORE_GATE,M1_OHLC,3,4,V15_Q2,HIGH,1,A,15
XAUUSD,C_DISPLACEMENT_MID_RETEST,V15_QUALITY_PRESERVING_EXPANDED,C_DISPLACEMENT_MID_RETEST|SELL|2020-10-22T20:16:00+00:00,2020-10-22 20:16:00+00:00,2020-10-22 20:17:00+00:00,SELL,UTC_18_23,0.5118337612215839,6.0,2.1878384303205616,0.963451785829347,0.440366972477114,0.9402985074627473,0.08028764881903619,,0.9433798736241316,0.6563515290957578,5.0,100.0,1.4180805972679837,2.2380182108326876,0.08028764881903619,,-1,-1,2,0.6924809710653281,0.6666666666662877,1.0,2.6151238850835936,0.20837640518577386,2.626506024095699,0.9687890137326938,6.0,0.08028764881903619,0.3010786830718421,0.5789473684215565,0.9950155851525783,1.7739410962186106,0.7169914750137977,45.528698554027066,-0.08371780693778419,-0.10794725362104032,0.024229446683256134,21.799391062825926,23.85951529026688,26.23742421367722,29.206349206350673,0.28717437727627027,2.5582005192195005,-0.00027355247341409594,-3.4202245772108064e-05,7.367432265659168e-05,-0.0002867002640799532,-0.000331400165700102,0.2810067708666267,-1.093919215160509,1.3448181177202254,0.963451785829347,0.22388059701503682,0.059701492537252654,-0.6021649898604545,-0.9531678702935501,-2.8919201458879122,-0.35100288043309563,-1.9387522755943618,-0.07608796165358542,-0.21227380716177002,-1.4962486714922563,0.08174008532045082,1.029446275329531,2.8401755769759154,3.1613261722525166,-0.453231581285948,0.0347096355655489,-2.919578022036326,0.08003369839929918,0.7305337815919128,0.9024812011840074,0.8984126984126494,0.2769598124665357,4.15488582638923,2.0774429131941585,-0.8660254037844386,0.5000000000000001,0.43388373911755823,-0.900968867902419,-7.367432265659168e-05,0.0002867002640799532,-0.024229446683256134,2.377908923410338,20,3,,,,,0.5504587155964968,NEW_YORK,496.0,2.2380182108326876,63.10609197181995,0.8132951653944058,49.01560960406632,30.85052905874341,1.6636304489264533,5.2645739910312495,0.8736453390898432,CORE,CORE_GATE,M1_OHLC,4,4,V15_Q2,VERY_HIGH,2,A+C,15
XAUUSD,A_OB_RETEST_SEQUENCE,V15_QUALITY_PRESERVING_EXPANDED,A_OB_RETEST_SEQUENCE|SELL|2020-10-22T22:44:00+00:00,2020-10-22 22:44:00+00:00,2020-10-22 22:45:00+00:00,SELL,UTC_18_23,1.312760021307286,6.0,0.8524415722774786,0.5796602691489335,0.680000000000291,0.9117647058830217,0.9717833923966047,,1.5684924929906847,1.5684924929906847,2.0,5.434782608665565,0.1022929886732044,2.642568874060494,0.9717833923966047,,1,-1,1,0.01704883144514642,0.02040816326528718,4.0,1.9188638793316235,0.28365813868325757,0.8771929824565883,1.01650165016504,6.0,0.11934182011835082,0.5114649433667973,0.6216216216230832,0.43084939554656754,1.49139051004767,-0.36688152979365124,50.219188239172254,0.23300893405053102,0.28121072162720995,-0.04820178757667892,31.719912357542487,24.075437245811344,21.957290834188385,7.0588235294061,0.3984603821380921,5.675129717770058,-8.663623022131528e-05,-0.0002336209408362322,-0.0001653834138811705,8.40252285747578e-05,0.0008224786300079501,-1.074076381069809,0.5455626062570902,1.1593205382963165,0.5796602691489335,0.4117647058823529,0.08823529411697831,-0.32307701389727894,0.6913829027118933,3.2701195451985035,1.0144599166091721,2.5787366424866103,0.3874188165918517,1.0281382884484667,1.0638549332399247,-0.1367335695129202,0.9865115549797653,2.7960083570691374,8.848343520239546,-9.472244960837543,-0.0974880751589357,-4.714549576938683,0.30424242424234527,0.7241744543250845,0.9658804582872786,0.3159922928708178,0.05024509803859339,2.6937153683967083,6.154628151842838,-0.5000000000000004,0.8660254037844384,0.43388373911755823,-0.900968867902419,0.0001653834138811705,-8.40252285747578e-05,0.04820178757667892,-2.118146411622959,22,3,0.9130434782609556,0.7675455517329529,,,,ASIA,104.0,2.642568874060494,107.2030521296159,0.6875000000000063,69.7808671066349,52.408107863620565,1.4063109954456572,12.677419354836987,0.5201469419717402,CORE,CORE_GATE,M1_OHLC,3,4,V15_Q2,HIGH,1,A,15
XAUUSD,B_FVG_RETEST_SEQUENCE,V15_QUALITY_PRESERVING_EXPANDED,B_FVG_RETEST_SEQUENCE|SELL|2020-10-23T18:35:00+00:00,2020-10-23 18:35:00+00:00,2020-10-23 18:36:00+00:00,SELL,UTC_18_23,0.7249415086157408,15.0,1.039082829015657,0.6162002823234621,0.5930232558141687,0.586206896551634,0.06041179238459928,0.229564811061752,1.3773888663702374,0.229564811061752,11.0,100.0,1.9633832525012624,2.15670098813198,0.06041179238459928,,-1,-1,2,0.6041179238465423,0.008849557521915555,4.0,3.0257297581864946,1.0558831801552238,1.116883116882718,0.9187538179596736,15.0,0.04832943390767943,0.9061768857698134,0.8987341772152774,1.4577137341564586,0.4567292642838506,0.38347976088064006,48.8048824462233,-0.08610653283744796,-0.1520663508141619,0.06595981797671394,14.213926064893233,22.926862428889134,27.316460399723585,76.36080870917542,0.46655679837802533,4.290199501088235,-0.00026324726025417355,-0.0002737742678512456,0.00018962388628884774,-0.00036061362224537596,-0.0006894138140635109,0.4349649051696643,-0.827641555669697,1.0511651874931265,0.6162002823234621,0.0,0.413793103448366,-0.10371557026755804,-0.6694490477842217,-5.928311554528307,-0.5657334775166636,-5.258862506744085,0.14754988523704468,-0.40615951754378077,0.35739052919175474,-0.19047680969155562,0.8259592005181067,3.872395891856248,6.113673389326942,-4.514501248856384,0.03912146683850176,-2.7036611550954746,0.07622811970637333,0.7872024296014511,0.8242899690132832,0.6333992094861585,0.36391625615756196,3.7092840524179675,5.48539074852656,-1.0,-1.8369701987210297e-16,-0.433883739117558,-0.9009688679024191,-0.00018962388628884774,0.00036061362224537596,-0.06595981797671394,4.389597970834451,18,4,,,0.2209302325582871,1.0,,NEW_YORK,395.0,2.15670098813198,24.074099265284655,0.7721455457967391,7.346073953973867,7.654174095135734,1.4025256511444262,2.5434173669469655,2.0578172237533847,CORE,CORE_GATE,M1_OHLC,3,4,V15_Q2,HIGH,1,B,15
XAUUSD,C_DISPLACEMENT_MID_RETEST,V15_QUALITY_PRESERVING_EXPANDED,C_DISPLACEMENT_MID_RETEST|SELL|2020-10-26T21:52:00+00:00,2020-10-26 21:52:00+00:00,2020-10-26 21:53:00+00:00,SELL,UTC_18_23,2.0882194181781633,5.0,0.8109589973509488,0.3446575738737614,0.4249999999995168,0.6206896551727112,0.29397263653915423,0.27369866160586453,2.027397493376911,0.4999999999999052,4.0,5.397255145740064,2.3247948165886876,3.162740089667871,0.29397263653915423,4.247397748624684,-1,1,1,0.2635616741392197,0.0,1.0,2.8307597698894122,0.06832868410049268,1.1428571428565861,1.380688124306175,5.0,0.09123288720210851,0.21287673680461255,0.39999999999939373,0.37650865154209096,0.26293406920642154,-0.09244920067816201,47.30714456727442,-0.0042253321566931845,0.031682604676941,-0.035907936833634184,17.31491318092107,20.527733606933765,23.212487522127443,18.952618453860556,0.3848710318235795,3.5087515935704063,-7.621170033556002e-05,0.00014194240292719762,-0.00021021099929041664,0.00012616903496454057,-0.00023385420635402276,-0.8109589973504878,0.4865753984104771,0.5879452730792305,0.3446575738737614,0.03448275862144667,0.3793103448272888,-0.4221926523293841,-0.5589332026067666,-1.394526271711882,-0.1367405502773825,-0.8355930691051155,-0.2621775838994591,0.06358327636371322,-0.6283820154895524,0.48479927289998187,1.0732931515641433,4.064931974220467,6.771507627878717,3.2989535039996127,-0.03756788175741631,-3.3763379071484323,0.05978260869562934,1.436121855902384,1.5225781016987803,0.6002994011975841,0.5438497169327073,3.3756168264724833,3.4769867011412368,-0.7071067811865477,0.7071067811865474,0.0,1.0,0.00021021099929041664,-0.00012616903496454057,0.035907936833634184,2.684753915193678,21,0,,,,,0.0,ASIA,52.0,3.162740089667871,34.932058810884214,0.35374347069065704,-1.855068706440261,22.737262888222354,0.0071333036112486425,7.137820512820757,0.8736622622599559,CORE,CORE_GATE,M1_OHLC,1,4,V15_Q2,LOW,1,C,15
XAUUSD,A_OB_RETEST_SEQUENCE,V15_QUALITY_PRESERVING_EXPANDED,A_OB_RETEST_SEQUENCE|SELL|2020-10-28T16:30:00+00:00,2020-10-28 16:30:00+00:00,2020-10-28 16:31:00+00:00,SELL,UTC_12_17,0.5091757845300615,10.0,1.4120000747472425,0.6846060968470712,0.48484848484843057,0.6129032258064422,0.8386424686377255,,1.0525818739024475,1.0525818739024475,2.0,43.0894308942876,0.984121264217604,2.396121338964847,0.8386424686377255,,-1,-1,2,0.5690788180041292,0.7777777777777154,8.0,1.867893301794626,0.2755908150189282,1.755319148936165,0.7159090909090818,10.0,0.573357606109517,1.5874303870642523,0.46930693069303075,2.362130438433159,2.262564126464625,0.9613444459487709,39.96517302539911,-0.48228391268298765,-0.43745407148708637,-0.04482984119590128,11.750746964644895,13.114076333087356,22.83724570699615,17.647058823527445,-0.061309365800706755,1.9869009633470287,-0.0004079825927426617,-0.00087954732630946,-0.0005865368465112208,-0.0010259881465057852,-0.0010446229897003168,-0.9413333831646986,-1.6473334205383199,1.3264243126410424,0.6846060968470712,0.09677419354831612,0.38709677419355787,-1.0927627953324266,-2.017861665645398,-7.547438488005776,-0.9250988703129713,-5.529576822360378,-0.3300585972592199,-0.5683672947091543,-2.5182141484582727,-0.3883167234967547,0.8918726227152676,2.4688607367546886,4.141866885924752,-9.142893045466899,-0.09569455752333123,1.1116357962757597,0.14738646101112735,0.8716744980974703,0.8676768198811494,0.5960743801652785,0.301472254357755,6.63212156320638,1.0269091452707042,-0.8660254037844384,-0.5000000000000004,0.9749279121818236,-0.22252093395631434,0.0005865368465112208,0.0010259881465057852,0.04482984119590128,9.723169373908794,16,2,0.8943089430895286,0.048119031193828474,,,,NEW_YORK,270.0,2.396121338964847,32.33480171171014,0.9682413656212772,28.719225762736222,5.511079079619283,2.0,0.42857142857145175,2.8105037268948077,CORE,CORE_GATE,M1_OHLC,3,4,V15_Q2,HIGH,1,A,15
XAUUSD,A_OB_RETEST_SEQUENCE,V15_QUALITY_PRESERVING_EXPANDED,A_OB_RETEST_SEQUENCE|SELL|2020-11-04T13:03:00+00:00,2020-11-04 13:03:00+00:00,2020-11-04 13:04:00+00:00,SELL,UTC_12_17,0.39838234309053233,8.0,1.1723823239524116,1.4341764351265374,1.2233009708740308,1.0,1.0301029157060146,0.3926911667608007,1.3886470244871314,1.3886470244871314,2.0,29.91803278687226,0.5975735146360572,3.0163234548292035,1.0301029157060146,,-1,-1,2,0.136588231916924,0.2848484848484857,6.0,2.5285339033194227,0.4374004145555126,1.4927536231887402,1.0306441525953185,8.0,0.21057352420498826,0.7967646861813235,0.5819209039549212,1.039818301970508,0.9406818926431639,0.5721114199370129,40.2920017990528,-0.15652042243596043,-0.0818258658709074,-0.07469455656505303,24.505870157574225,12.891763503755739,27.629406301038536,0.0,-0.03686942330698832,2.7323230479157985,-0.0006591469209367151,-0.0008204921894438,-0.001071663883868701,-0.0008390038880022876,-0.0005003958157379085,-2.304926413595925,-1.8041028965676351,1.4455587877860008,1.4341764351265374,0.007874015747845414,0.0,-1.4197773988661548,-2.030097782854867,-4.784458566481532,-0.6103203839887124,-2.7543607836266646,-0.21884854570003193,-0.24735773709341077,-2.1925842980655412,-0.12209302325592117,1.151666403687731,3.0163234548292035,3.454544032228634,-9.93642581969489,-0.19099902615605335,2.223887253641564,0.062893081760994,0.9846452299016785,1.0664884862784214,0.8731466227348329,0.35598705501616745,5.54889692161957,0.43822057739943027,-0.2588190451025208,-0.9659258262890683,0.9749279121818236,-0.22252093395631434,0.001071663883868701,0.0008390038880022876,0.07469455656505303,14.737642797282797,13,2,0.8032786885247368,0.730997953092181,,,,LONDON_NY_OVERLAP,3.0,3.0163234548292035,39.26911667607722,0.8343478260869535,24.73954350592863,39.26911667607722,0.8343478260869535,2.1566037735848864,0.830340066240612,EXPANDED,RELAXED_SWEEP_WITH_STRONG_COMPENSATION,M1_OHLC,4,4,V15_Q2,VERY_HIGH,1,A,15
XAUUSD,C_DISPLACEMENT_MID_RETEST,V15_QUALITY_PRESERVING_EXPANDED,C_DISPLACEMENT_MID_RETEST|SELL|2020-11-06T09:17:00+00:00,2020-11-06 09:17:00+00:00,2020-11-06 09:18:00+00:00,SELL,UTC_06_11,0.5168269300244307,11.0,2.0270354917856688,0.3490259787179995,0.17218543046354526,0.7499999999997814,0.10739260883621363,,0.6175075008088389,0.6081106475355785,3.0,53.31125827811777,2.9311470174258933,3.738605195113892,0.10739260883621363,3.7117570429048383,-1,1,1,0.02013611415694267,0.7142857142853276,8.0,3.5067816550183872,0.112919623953984,2.2043795620435582,0.9377483443709311,11.0,0.31546578845683537,0.12081668494104555,-0.44615384615341563,0.1375110561428179,0.10429587187278912,-0.014200663516906454,41.736780800900156,-0.17746378114679828,0.02010238490769939,-0.19756616605449767,17.47320402392185,15.963020110310907,30.060333560462563,12.006319115327441,0.09591536759720513,3.835358887700254,-0.0001958757838254055,5.1556623350546005e-06,-0.0006697837371357762,-0.00022679652485868562,-0.0006800810945183366,-1.7451298935903028,-0.5906593485997854,0.698051957435999,0.3490259787179995,0.24999999999978137,0.2500000000002186,-1.1679353479389178,-0.9637606466581394,-0.4301200521368761,0.20417470128077833,0.5336405945212633,-0.5301375726792165,-0.051997875576867164,-0.5148708710848238,-0.33608748136033667,1.1034029691759735,2.9868569332600914,4.248720087086517,0.9664009918476779,-0.028095312253914567,3.103768359873765,0.16135995682675786,1.1731903938172028,1.276118183382791,0.7030015797788821,0.47337244076389834,3.738605195113892,3.7117570429048383,0.7071067811865476,-0.7071067811865475,-0.433883739117558,-0.9009688679024191,0.0006697837371357762,0.00022679652485868562,0.19756616605449767,14.097313450151656,9,4,,,,,0.5033112582782175,LONDON,77.0,3.738605195113892,18.505088910107002,0.709104098657964,9.13508378913851,18.505088910107002,0.709104098657964,1.4398563734291563,0.672911757259431,CORE,CORE_GATE,M1_OHLC,0,4,V15_Q2,LOW,1,C,15
XAUUSD,A_OB_RETEST_SEQUENCE,V15_QUALITY_PRESERVING_EXPANDED,A_OB_RETEST_SEQUENCE|SELL|2020-11-17T18:01:00+00:00,2020-11-17 18:01:00+00:00,2020-11-17 18:02:00+00:00,SELL,UTC_18_23,0.7629817221990707,8.0,1.7619371729135096,0.4876790389313795,0.27678571428569254,0.9090909090909717,0.20451056471265144,,0.8495054226547534,0.8495054226547534,3.0,46.29629629629942,0.23597372851536824,1.1641370606747674,0.20451056471265144,,-1,-1,2,0.07079211855432431,0.26666666666646455,5.0,1.1766152062925717,0.25644177572993976,2.133333333333218,0.8637168141593541,8.0,0.0078657909506792,0.04719474570264441,0.7142857142782898,0.11983669452824115,0.029403136793981894,0.003505793649723249,51.24341062651558,0.2838228950135999,0.3081183083964582,-0.02429541338285829,14.407213285202024,20.24241819516642,20.616811145856534,28.225806451623697,0.4927737755208915,3.7009214575008977,-0.00016942108286532864,2.118167255771297e-05,-0.0004604794808754642,0.00024629237288142924,0.0007206806192554538,-1.3686476253881343,0.731518558397427,1.0382844054667617,0.4876790389313795,0.43939393939398114,0.09090909090902827,-0.012418743916829187,0.2568608034553105,-0.33892617899874256,0.26927954737213966,-0.595786982454053,0.20443638519074106,0.41522067769328824,0.4231413209733374,0.3395106156423176,0.7830332667998773,1.8563266643195138,7.354514538724446,-0.2683162915626909,-0.08700790371476735,-2.7360813029359203,0.1900089206066412,0.7944369260651669,0.7438250861895175,0.2524064171122669,0.45356501802500393,3.146316380203002,5.95440374953431,-1.0,-1.8369701987210297e-16,0.7818314824680298,0.6234898018587336,0.0004604794808754642,-0.00024629237288142924,0.02429541338285829,0.37439295069011536,18,1,0.6296296296299415,0.7391557065177263,,,,NEW_YORK,301.0,1.4001107891901357,14.480921139884561,0.5437262357414229,1.7698029638641888,8.628772672706933,0.7256153144940612,1.6910112359554208,1.4399908904577545,CORE,CORE_GATE,M1_OHLC,2,4,V15_Q2,MEDIUM,1,A,15
XAUUSD,C_DISPLACEMENT_MID_RETEST,V15_QUALITY_PRESERVING_EXPANDED,C_DISPLACEMENT_MID_RETEST|SELL|2020-11-17T18:01:00+00:00,2020-11-17 18:01:00+00:00,2020-11-17 18:02:00+00:00,SELL,UTC_18_23,0.7629817221990707,8.0,1.7619371729135096,0.4876790389313795,0.27678571428569254,0.9090909090909717,0.20451056471265144,,0.8495054226547534,0.5285811518737668,3.0,100.0,0.4750937734105074,1.1641370606747674,0.20451056471265144,,-1,-1,2,0.07079211855432431,0.26666666666646455,5.0,1.1766152062925717,0.25644177572993976,2.133333333333218,0.8637168141593541,8.0,0.0078657909506792,0.04719474570264441,0.7142857142782898,0.11983669452824115,0.029403136793981894,0.003505793649723249,51.24341062651558,0.2838228950135999,0.3081183083964582,-0.02429541338285829,14.407213285202024,20.24241819516642,20.616811145856534,28.225806451623697,0.4927737755208915,3.7009214575008977,-0.00016942108286532864,2.118167255771297e-05,-0.0004604794808754642,0.00024629237288142924,0.0007206806192554538,-1.3686476253881343,0.731518558397427,1.0382844054667617,0.4876790389313795,0.43939393939398114,0.09090909090902827,-0.012418743916829187,0.2568608034553105,-0.33892617899874256,0.26927954737213966,-0.595786982454053,0.20443638519074106,0.41522067769328824,0.4231413209733374,0.3395106156423176,0.7830332667998773,1.8563266643195138,7.354514538724446,-0.2683162915626909,-0.08700790371476735,-2.7360813029359203,0.1900089206066412,0.7944369260651669,0.7438250861895175,0.2524064171122669,0.45356501802500393,3.146316380203002,5.95440374953431,-1.0,-1.8369701987210297e-16,0.7818314824680298,0.6234898018587336,0.0004604794808754642,-0.00024629237288142924,0.02429541338285829,0.37439295069011536,18,1,,,,,0.5178571428571284,NEW_YORK,301.0,1.1641370606747674,14.480921139884561,0.5437262357414229,1.7698029638641888,8.628772672706933,0.7256153144940612,2.033783783784531,1.4399908904577545,CORE,CORE_GATE,M1_OHLC,2,4,V15_Q2,MEDIUM,2,A+C,15
XAUUSD,C_DISPLACEMENT_MID_RETEST,V15_QUALITY_PRESERVING_EXPANDED,C_DISPLACEMENT_MID_RETEST|SELL|2020-11-18T01:32:00+00:00,2020-11-18 01:32:00+00:00,2020-11-18 01:33:00+00:00,SELL,UTC_00_05,0.8768927552513714,9.0,2.093227867374636,0.28286863072668456,0.13513513513531783,0.35714285714308913,0.38187265148047744,,0.990040207541788,0.6279683602129695,5.0,40.9909909910076,1.2559367204240095,1.909363257402387,0.38187265148047744,,-1,-1,2,0.565737261452726,0.4705882352941439,4.0,1.750787150207721,0.3501574300415442,2.3870967741931226,0.860426929392241,9.0,0.6081675560613106,0.014143431535980484,-0.954545454546488,1.39487345974127,1.0573422262781222,0.6938128839693589,51.811439107298185,0.1599776140292306,0.2474440886893749,-0.08746647466014429,17.697958506822616,21.37597665426091,27.872278668536364,38.356164383554535,0.26225871155801794,2.2903977584889494,-3.984942231627375e-05,0.0001434842220497945,0.0,-6.11011489672908e-05,0.0008934601904984074,0.0,-0.32529892533526916,0.7920321660342022,0.28286863072668456,0.0,0.6428571428569109,0.013462061750262341,0.771277326393761,-3.3109060461339466,0.7578152646434987,-4.082183372527708,-0.04912498607334464,0.5409010229801776,2.3170499669338644,-0.9185800433233274,0.7871024622317604,3.097411506452404,6.817134000503386,4.096306095326057,0.002790832361478257,-1.3496361388488758,0.041968162083937464,0.5549286159095903,0.7285433026761672,0.4543568464729734,0.880952380952383,1.909363257402387,9.065939614778308,0.25881904510252074,0.9659258262890683,0.9749279121818236,-0.22252093395631434,-0.0,6.11011489672908e-05,0.08746647466014429,6.496302014275454,1,2,,,,,0.6756756756753601,ASIA,212.0,1.909363257402387,5.020918195392058,0.38028169014079993,-0.9900402075424312,5.020918195392058,0.38028169014079993,1.6296296296299415,0.38199893105291294,CORE,CORE_GATE,M1_OHLC,1,4,V15_Q2,LOW,1,C,15
XAUUSD,A_OB_RETEST_SEQUENCE,V15_QUALITY_PRESERVING_EXPANDED,A_OB_RETEST_SEQUENCE|SELL|2020-11-19T17:50:00+00:00,2020-11-19 17:50:00+00:00,2020-11-19 17:51:00+00:00,SELL,UTC_12_17,0.8333787327795127,4.0,1.1609827863546784,0.3563412512575784,0.3069306930694808,1.0,0.8046415350976228,,0.49427980013127737,0.49427980013127737,1.0,24.418604651163406,2.1265526284716167,3.2702930962172134,0.8046415350976228,,1,-1,1,0.13219110933742553,0.07777777777795182,3.0,2.8689751197703117,0.4461595166573969,1.3116883116883309,1.0495626822158162,4.0,0.08046415350965773,0.6667029862236624,0.7846153846156106,0.03379976441997697,0.6573421099102471,-0.01948125163737373,42.70113371364188,0.08168277994900563,0.3336385191978172,-0.25195573924881154,18.17443528736975,21.589361271814944,25.69000877238709,0.7788161993727434,-0.009184897609549669,3.1305962979392064,-0.0001638842171439725,-0.00038678796767110946,-0.0015373223225642052,-0.001084397823688743,-0.0009074044742021226,-3.29328285436283,-2.321965572709357,0.7701568978789367,0.3563412512575784,0.5373134328356133,0.0,-1.295447295145291,-0.5489644216756007,0.526562780072982,0.7464828734696903,1.0755272017485826,-0.3084376896584365,0.4789441285172511,0.10038845687388186,-0.4202176898905122,0.8908745277902846,3.6898561823745837,4.638183705882179,-4.264811110427672,-0.17579737242627502,-2.961251240368533,0.061204343534066896,0.9359344137100373,0.8736868279308726,0.7955390334572304,0.42674034845352304,3.6611189846926937,4.15539878482371,-0.9659258262890683,-0.25881904510252063,0.43388373911755823,-0.900968867902419,0.0015373223225642052,0.001084397823688743,0.25195573924881154,4.100647500572144,17,3,0.41860465116287676,0.09036142109503895,,,,NEW_YORK,290.0,3.2702930962172134,24.65651561119643,0.6270396270396318,15.115765980756697,9.391316202492963,1.6462668298653798,2.8119507908609083,1.7671625333503982,CORE,CORE_GATE,M1_OHLC,1,4,V15_Q2,LOW,1,A,15
XAUUSD,C_DISPLACEMENT_MID_RETEST,V15_QUALITY_PRESERVING_EXPANDED,C_DISPLACEMENT_MID_RETEST|SELL|2020-11-23T20:44:00+00:00,2020-11-23 20:44:00+00:00,2020-11-23 20:45:00+00:00,SELL,UTC_18_23,0.8101436732727122,13.0,1.2520402223313671,0.2945976993716924,0.23529411764674413,0.9047619047620079,0.30687260351245865,,1.4484386885786038,0.49999999999999467,6.0,52.45498082815329,3.8252681746450965,4.529439627843399,0.30687260351245865,,-1,-1,2,0.5646455904629686,0.2463768115940405,7.0,3.97482352103631,0.4047470426123999,1.4366197183104004,0.7921653971708643,13.0,0.4787212614798374,0.0736494248429231,-0.7333333333337375,2.313254496556938,3.022498971529961,0.9759755435236002,43.09448158657259,-0.24218420423676434,-0.19539015285797506,-0.04679405137878928,9.121681573934522,27.771324252614328,27.046433943599475,14.780600461901575,0.28496312527299117,4.7835375596827445,-4.8936048740233495e-05,4.350273115583114e-05,-1.903125475777312e-05,-0.0006493718210668353,-0.0005108737299489574,-0.08592432898313118,-2.9337020895789485,0.5155459739010199,0.2945976993716924,0.3333333333340552,0.09523809523799212,-0.8439811740978433,-1.161994848339363,-5.339266422059567,-0.31801367424151955,-4.177271573720204,-0.5633382654104415,-0.44402840901474594,-2.0789054986255486,-0.9701382768720941,0.844142144808398,3.0196264185626376,5.89195398743943,2.319905219643651,0.030610136062738158,-1.5508988509236943,0.16157205240174777,0.8107783887179,0.7832597930039508,0.5124999999999881,0.5047398589065103,5.106360122447133,2.8232279523148427,-0.8660254037844386,0.5000000000000001,0.0,1.0,1.903125475777312e-05,0.0006493718210668353,0.04679405137878928,-0.7248903090148531,20,0,,,,,0.2745098039220931,NEW_YORK,464.0,4.529439627843399,111.0019581425269,0.82162999004755,78.43663745778399,14.312538227820893,2.0,4.371273712737631,0.9002573294917193,CORE,CORE_GATE,M1_OHLC,2,4,V15_Q2,MEDIUM,1,C,15
XAUUSD,A_OB_RETEST_SEQUENCE,V15_QUALITY_PRESERVING_EXPANDED,A_OB_RETEST_SEQUENCE|SELL|2020-11-24T16:20:00+00:00,2020-11-24 16:20:00+00:00,2020-11-24 16:21:00+00:00,SELL,UTC_12_17,0.6884368714013314,6.0,1.9818637207002658,0.6188977934819268,0.312280701754431,0.8815789473685274,1.1891182324200646,,0.9109619207430785,0.9109619207430785,4.0,100.0,0.14603206363057586,0.6606212402336328,1.1891182324200646,,-1,-1,2,0.0625851701273219,0.05586592178777975,2.0,1.907220897285346,0.07573801397155185,2.4152542372881607,1.1085714285714923,6.0,0.21209418765378102,0.2816332655733438,0.14084507042304037,1.372714220960932,2.1277419811202347,0.8547101044560149,49.834803829928774,-0.20530867756747284,-0.3852977646831226,0.17998908711564976,17.186659297543883,28.43478763291765,19.423523233961276,53.388946819601806,0.6631881907716749,2.2638056693885336,-0.0004924868093771906,0.0006952870067200578,-0.00022140241826795748,0.00022980867735422628,-0.0016553729148934826,-0.2781563116773024,0.28858717336511036,1.0569939843734961,0.6188977934819268,0.2960526315789808,0.11842105263147266,0.07195278702596603,-0.36163830261484914,-2.996220132916889,-0.43359108964081516,-2.6345818303020403,-0.06608895903117402,-0.24833516743512316,-0.3208995776710175,-0.5977970840767044,1.1996041955971257,3.334398786230955,4.558286557610801,5.466392872781363,0.16207674728540988,0.854983690231883,0.06857142857141996,1.211319258786033,1.2760286718923308,0.7315026697177768,0.5427387213540743,2.7780861628765083,1.7802003947342928,-0.8660254037844384,-0.5000000000000004,0.7818314824680298,0.6234898018587336,0.00022140241826795748,-0.00022980867735422628,-0.17998908711564976,-9.011264398956374,16,1,0.45801526717544266,1.2359066825367955,,,,LONDON_NY_OVERLAP,200.0,0.6606212402336328,24.526432782140553,0.927417068330027,22.558476877024134,12.25626248327835,1.8558865248226972,2.6947368421044318,1.6289532080652627,CORE,CORE_GATE,M1_OHLC,3,4,V15_Q2,HIGH,1,A,15
XAUUSD,C_DISPLACEMENT_MID_RETEST,V15_QUALITY_PRESERVING_EXPANDED,C_DISPLACEMENT_MID_RETEST|SELL|2020-11-24T16:28:00+00:00,2020-11-24 16:28:00+00:00,2020-11-24 16:29:00+00:00,SELL,UTC_12_17,0.7620076470633502,14.0,2.1936583779090504,0.2924877837213001,0.13333333333337588,0.8235294117644961,0.023091140820075004,,1.0083131491443251,0.6580975133727501,12.0,35.38011695909123,1.2757855303105003,2.0243233452285003,0.023091140820075004,,-1,-1,2,0.06927342246022501,0.05586592178777975,2.0,1.907220897285346,0.07573801397155185,2.4152542372881607,1.1085714285714923,14.0,0.023091140820075004,0.6811886541928251,0.9344262295082537,1.3535300694587653,2.1277419811202347,0.8504085422720866,44.5792633911005,-0.471477715480205,-0.4183588973218133,-0.0531188181583917,12.834589446835617,22.6925814535145,25.323207670398634,32.4384787472044,0.2712838199544454,3.08516335873991,-0.00027976444387822763,-0.0003046863530982158,0.00038527848150393673,-0.0014248876690496903,-0.0005732103100318797,0.5349447623323501,-1.9819895870581004,0.3925493939418001,0.2924877837213001,0.0784313725489147,0.17647058823550393,-0.6662022637504978,-1.2969475886915014,-4.275193576862007,-0.6307453249410037,-2.9782459881705052,-0.37286103547389415,-0.4018240995726281,-1.6170539778577002,-0.6459719182950816,1.0488015143588971,3.440579982194326,4.206436152727426,-2.339217195435751,0.05011249761466435,-2.308722343982266,0.08785845027456411,1.204502577581133,1.1341513635617038,0.8179322964318562,0.32508369201378545,4.368074138468126,1.1160718063046753,-0.8660254037844384,-0.5000000000000004,0.7818314824680298,0.6234898018587336,-0.00038527848150393673,0.0014248876690496903,0.0531188181583917,2.630626216884135,16,1,,,,,0.6175438596492191,LONDON_NY_OVERLAP,208.0,2.0243233452285003,27.58621623307463,0.9595424107142844,26.262324159389106,13.566045231806402,1.951205673758858,0.5513307984790818,1.6059032609473525,CORE,CORE_GATE,M1_OHLC,1,4,V15_Q2,LOW,2,A+C,15
XAUUSD,C_DISPLACEMENT_MID_RETEST,V15_QUALITY_PRESERVING_EXPANDED,C_DISPLACEMENT_MID_RETEST|SELL|2020-11-24T21:30:00+00:00,2020-11-24 21:30:00+00:00,2020-11-24 21:31:00+00:00,SELL,UTC_18_23,0.7483789306674781,10.0,0.8869676215309623,0.7483789306668479,0.843750000000111,0.9756097560970335,0.24945964355603611,,0.776096668840301,0.4999999999999589,6.0,100.0,1.5239352430625752,1.8016529812347475,0.24945964355603611,,-1,-1,2,0.8592498833581393,0.7837837837839831,4.0,2.2114168717758087,0.16585626538304424,1.0491803278688159,1.1362318840582213,10.0,0.12472982177801806,0.1524475599502107,0.09999999999772624,0.22198046801920043,2.1982621309432284,0.21308883349006225,46.977013604739135,-0.12632072634323777,-0.18304106959598326,0.0567203432527455,16.16726986091527,20.843020590802364,14.65649602015847,32.29166666666741,0.5345589402160557,1.864748769732121,-0.00013294888946113748,-2.7700600825908417e-05,0.00014129693967457335,-6.647886387611823e-05,-0.00025478765387643154,0.7068023234079287,-0.33261285807387453,1.1364272650869984,0.7483789306668479,0.31707317073135566,0.02439024390296654,-0.16495047104955776,-1.1343065830119916,-1.414832074817646,-0.9693561119624339,-0.2805254918056543,-0.09189680581913873,-0.5550496927845581,-4.17584653052682,-0.027070853075561275,0.8135595303108004,1.9679594102716846,3.229116497136701,-0.11761158487216505,0.006015842101629476,-1.463230415721668,0.10491803278696395,0.7194694371828982,0.7961628118888753,0.609442060085692,0.333333333333419,9.202289073384758,1.1087095269141756,-0.7071067811865477,0.7071067811865474,0.7818314824680298,0.6234898018587336,-0.00014129693967457335,6.647886387611823e-05,-0.0567203432527455,-6.186524570643895,21,1,,,,,0.9375000000014655,NEW_YORK,510.0,1.8016529812347475,107.26764672892159,0.8788113695090419,93.51964859518884,48.85251352964475,1.9296453900709085,7.215384615386213,0.8087824888201471,CORE,CORE_GATE,M1_OHLC,4,4,V15_Q2,VERY_HIGH,1,C,15
XAUUSD,C_DISPLACEMENT_MID_RETEST,V15_QUALITY_PRESERVING_EXPANDED,C_DISPLACEMENT_MID_RETEST|SELL|2020-11-25T23:00:00+00:00,2020-11-25 23:00:00+00:00,2020-11-25 23:01:00+00:00,SELL,UTC_18_23,0.5321431211193155,14.0,1.5055756597508851,0.5451222216335138,0.3620689655169575,0.4468085106380817,0.06489550257571342,,0.7268296288452754,0.49999999999996364,8.0,60.383280412067684,1.3074920618118284,2.0506978813849894,0.06489550257571342,,-1,-1,2,0.4023521159672984,0.9166666666673509,6.0,2.52971790115704,0.18685416315317335,2.2307692307680536,1.1418685121109298,14.0,0.06489550257571342,0.18170740721117126,0.47368421052455223,0.9010694958250587,0.5177412106175923,0.34117307053668017,44.61053368530594,-0.15579421375468883,-0.1686093045527875,0.012815090798098672,22.6140606790288,13.768475781191864,23.29961949844908,37.50000000000853,0.24071080933290784,1.949699344432568,-8.579130020869297e-05,-7.195498938661338e-05,6.64291823397889e-05,-0.00021583390750690157,-9.96272281215127e-05,0.3114984123625981,-1.0123698401777061,1.2200354484184546,0.5451222216335138,0.0,0.5531914893619183,-0.48573117397825427,-1.1481761294549004,-3.3041125131832794,-0.6624449554766462,-2.155936383728379,-0.21729356627093954,-0.4813102522363661,-2.065445018815868,-0.6117593288707922,1.0172969298565842,2.5958201030185033,3.0241304200171495,-0.8610365932319368,-0.0035216027422875773,0.6572235761852738,0.13615023474177937,0.44030956792164727,0.8552532291782518,0.858369098712278,0.5115576569478871,5.801657930247414,0.97343253863216,-0.25881904510252157,0.9659258262890681,0.9749279121818236,-0.22252093395631434,-6.64291823397889e-05,0.00021583390750690157,-0.012815090798098672,9.531143717257216,23,2,,,,,0.3448275862074103,ASIA,60.0,2.0506978813849894,41.31247693954877,0.6983977379830371,3.0630677215626956,27.022487272428382,0.5389048991354446,6.07594936708883,0.8173962317608726,CORE,CORE_GATE,M1_OHLC,2,4,V15_Q2,MEDIUM,1,C,15
XAUUSD,C_DISPLACEMENT_MID_RETEST,V15_QUALITY_PRESERVING_EXPANDED,C_DISPLACEMENT_MID_RETEST|SELL|2020-11-27T17:55:00+00:00,2020-11-27 17:55:00+00:00,2020-11-27 17:56:00+00:00,SELL,UTC_12_17,1.3434949384814847,13.0,1.4218152712181227,0.3253306129057395,0.22881355932196204,0.9558823529412207,0.3012320489868161,,1.1687803500691534,0.4999999999997556,7.0,40.36057443242594,2.238176724631289,3.319577179834845,0.3012320489868161,,-1,-1,2,0.04217248685797892,0.8333333333333334,6.0,2.7609458135198377,0.05403025075400328,1.3964497041423112,0.906865353911644,13.0,0.6325873028724235,1.5965298596301802,0.4324324324323759,2.317565252548408,2.0847588654051132,0.9509134956711739,48.05488495834488,0.05033408449526178,0.27038253461849204,-0.22004845012323027,19.617050630338326,21.098800661597068,19.889763923216215,19.79621542939875,0.26541091700071334,3.7713542188872387,-0.00016265315336783104,0.00011781635795982126,0.00016831758161317545,-0.0008071364312799423,0.000732594563643163,0.3614784587843985,-1.7350966021641265,0.8193511732442166,0.3253306129057395,0.5588235294118729,0.044117647058779276,-0.37229969706988947,0.3446177672807718,-4.989565980719863,0.7169174643506613,-5.334183748000635,-0.24929642560644272,0.23899112068370754,1.437968159165483,0.007932151235141164,0.8831310684560607,2.6628913130434984,5.343856549026052,2.1828752472104753,0.08678985910717513,-3.6983725254154116,0.180546302465045,0.6505298961442081,0.7235405321908849,0.49830890642616993,0.4379003267974997,3.319577179834845,5.633039316053407,-0.9659258262890683,-0.25881904510252063,-0.433883739117558,-0.9009688679024191,-0.00016831758161317545,0.0008071364312799423,0.22004845012323027,-1.2090367383808527,17,4,,,,,0.0,NEW_YORK,295.0,3.319577179834845,47.630811585795605,0.7911712623324041,33.47892992439457,8.42244808967139,2.0,2.996370235934585,2.233421241908415,CORE,CORE_GATE,M1_OHLC,2,4,V15_Q2,MEDIUM,1,C,15
XAUUSD,A_OB_RETEST_SEQUENCE,V15_QUALITY_PRESERVING_EXPANDED,A_OB_RETEST_SEQUENCE|SELL|2020-11-30T14:16:00+00:00,2020-11-30 14:16:00+00:00,2020-11-30 14:17:00+00:00,SELL,UTC_12_17,0.580824639867638,3.0,1.335896671696888,0.6582679251837633,0.4927536231882482,0.9827586206892834,0.7066699785062867,,1.3165358503675266,1.3165358503675266,1.0,10.294117647051939,0.0,2.2845769168144705,0.7066699785062867,,-1,-1,2,0.21296903461857417,0.6029411764705194,2.0,1.7200167069091867,0.1270466885786432,1.6829268292685564,0.784243509400227,3.0,0.561463818539157,0.3097731412627403,-0.28888888888924813,0.8026182303789825,1.1049697796360254,0.5339137646939593,41.96949325624325,0.04284888237816631,0.09531719228098588,-0.052468309902819574,22.29658181762766,13.56639537105873,19.943190492847222,0.8403361344720858,0.22483956018636342,2.96047846836858,-0.0001692911497408467,-0.0004343987385512227,-0.0003216041842396544,-0.00013543750546674005,-0.0003949235399817175,-1.1035668157493927,-0.4646597118941104,1.1229276370787542,0.6582679251837633,0.39655172413785666,0.017241379310716575,-0.9139406554853257,-0.4271366624742061,-1.94639163183871,0.48680399301111954,-1.5192549693645039,0.0001130784043028752,0.3123310463838109,-0.3853136884061505,0.9904829672538367,1.0917047548061543,2.303937738143832,4.09481371107015,-14.382263231406412,-0.07010627957177193,-2.6277924088730487,0.09311740890688036,0.6703042211036105,0.8859095411997032,0.5626477541371998,0.3157783853175042,2.2845769168144705,4.569153833629821,-0.4999999999999997,-0.8660254037844388,0.0,1.0,0.0003216041842396544,0.00013543750546674005,0.052468309902819574,6.376795121788492,14,0,0.11764705882345074,0.9284181088429738,,,,LONDON_NY_OVERLAP,76.0,2.2845769168144705,49.408816031451536,0.7104231974921652,34.0363238962744,49.408816031451536,0.7104231974921652,6.262711864407541,0.7222367862017844,CORE,CORE_GATE,M1_OHLC,4,4,V15_Q2,VERY_HIGH,1,A,15
XAUUSD,B_FVG_RETEST_SEQUENCE,V15_QUALITY_PRESERVING_EXPANDED,B_FVG_RETEST_SEQUENCE|SELL|2020-12-04T11:09:00+00:00,2020-12-04 11:09:00+00:00,2020-12-04 11:10:00+00:00,SELL,UTC_06_11,0.45325035254857665,8.0,1.4079691802565528,0.36645773184725355,0.2602739726024965,0.9069767441861449,0.1253671187896306,0.4725376015927304,1.1765221917214455,0.4725376015927304,6.0,100.0,1.1765221917214455,1.9190812799389063,0.1253671187896306,4.4842854028718735,-1,1,1,0.16394161687925374,0.5245901639345851,2.0,2.694050116153437,1.018152719482345,1.445544554455169,1.017840375586923,8.0,0.3857449808922844,0.838995333440861,0.37007874015755354,0.11624574784809139,0.43281401314638074,-0.04717762925573607,42.922483865308486,-0.2863841492328447,-0.309306880579267,0.022922731346422254,22.0185127679542,15.257976345071999,25.16840864937426,37.223974763400925,0.21256882808226044,2.2596648346945347,-9.508828267845715e-05,-0.00010595436355387289,-0.00011138731542981173,-0.0003340875200655846,-0.0008063180585381469,-0.3953886054143612,-1.1861658162435222,0.8293517089183456,0.36645773184725355,0.4651162790703331,0.09302325581385511,-0.8601889543817354,-1.6678096596926884,-2.3790221207912174,-0.8076207053109529,-0.7112124610985291,-0.2670853587340107,-0.6285808435762492,-2.582081400306896,-1.281807495949634,0.9530786281928472,3.057028973570729,5.12076462134342,-1.4491624983704767,0.017230034710175757,-0.14389369964872856,0.025841816758021885,0.9457878414554894,0.9748022023233079,0.5969868173258713,0.43252290345329075,5.882610958605912,1.2054530652881146,0.258819045102521,-0.9659258262890682,-0.433883739117558,-0.9009688679024191,0.00011138731542981173,0.0003340875200655846,-0.022922731346422254,9.910432304302262,11,4,,,0.3356164383560065,1.0,,LONDON,189.0,1.9190812799389063,13.366063587914736,0.664502164502161,2.102310145862314,13.018893105112076,0.6822222222222019,2.155778894472316,0.9138303171177155,CORE,CORE_GATE,M1_OHLC,1,4,V15_Q2,LOW,1,B,15
XAUUSD,A_OB_RETEST_SEQUENCE,V15_QUALITY_PRESERVING_EXPANDED,A_OB_RETEST_SEQUENCE|SELL|2020-12-07T01:39:00+00:00,2020-12-07 01:39:00+00:00,2020-12-07 01:40:00+00:00,SELL,UTC_00_05,1.045221753920297,7.0,1.8764611015267685,1.4320361037961533,0.7631578947365272,0.9886363636363724,0.3374337945725794,1.1933634198301277,0.7571685146509946,0.7571685146509946,5.0,67.39130434780888,0.48557546048278444,2.1645143407956966,0.3374337945725794,,-1,-1,2,0.18929212866274864,0.40000000000024255,2.0,4.339929337544688,1.5623745615161209,2.533333333333805,1.073446327683741,7.0,0.27159305416821017,0.0740708329551025,-0.5714285714279528,0.15728506027230027,0.4109576838727007,0.06072884105003932,44.05222572378044,-0.4150506028677228,-0.5348236522565097,0.11977304938878697,32.592036606211536,23.775426059172286,30.34953723255206,49.71319311663726,0.35000570527421454,3.113836783575627,-0.0005257824078110929,-7.358833052606428e-05,0.0005781812925624852,-0.00036510968276337596,-0.001831033432004192,1.7447796207172814,-1.1028324017743072,1.4484962888972457,1.4320361037961533,0.0,0.011363636363627555,-0.7504307131479865,-2.2379827577346814,-3.382857163764463,-1.4875520445866948,-1.1448744060297815,-0.2342082965499933,-0.9389266074049853,-2.7710019029835995,0.14881989674354115,1.3690693599148471,4.304338403939942,7.637525886914315,0.10073693944232787,0.06905553248253993,-4.078175428172251,0.005721551176105379,1.3953014862856343,1.7364772515240672,0.5635775862069078,0.3732969227162404,7.991419866587613,2.1398240631442453,0.25881904510252074,0.9659258262890683,0.0,1.0,-0.0005781812925624852,0.00036510968276337596,-0.11977304938878697,6.574111173379773,1,0,0.7391304347823723,1.8182019750974698,,,,ASIA,219.0,2.1645143407956966,8.0984110697449,0.7357723577235442,4.2714180337370085,8.0984110697449,0.7357723577235442,0.9885931558936334,0.5577638767915116,EXPANDED,RELAXED_SECOND_WITH_STRONG_COMPENSATION,M1_OHLC,4,4,V15_Q2,VERY_HIGH,1,A,15
XAUUSD,C_DISPLACEMENT_MID_RETEST,V15_QUALITY_PRESERVING_EXPANDED,C_DISPLACEMENT_MID_RETEST|SELL|2020-12-09T04:18:00+00:00,2020-12-09 04:18:00+00:00,2020-12-09 04:19:00+00:00,SELL,UTC_00_05,0.7794214533760144,9.0,1.8024121109329678,0.48713840836021666,0.27027027027024536,0.6666666666669193,0.3166399654343347,,0.9499198963024502,0.5407236332802227,4.0,95.04504504496201,1.8730471801440667,2.3869782009645633,0.3166399654343347,5.188024049035394,-1,1,1,0.4627814879416797,0.117647058823435,5.0,2.834909890612037,0.8758258198641199,2.144927536233107,1.227154046997137,9.0,0.3531753460610325,0.5114953287781998,0.18309859154944005,0.9313263496042763,0.12881149463427433,-0.09367096672001506,45.85627642797011,-0.04565370064119634,-0.002830723942120062,-0.042822976699076275,10.516378389662208,23.465259381426836,25.388475252488746,24.727272727266776,0.3283151725890091,3.1601534654695906,-9.905443174873518e-05,3.7485173275175754e-05,-0.0002649935491469968,3.2129976464734256e-05,-0.0008105982375508081,-1.2056675606915501,0.14614152250789886,0.7307076125400481,0.48713840836021666,0.0,0.3333333333330807,-0.5952329235336399,-0.6997213976668809,-2.7452401213557334,-0.10448847413324103,-2.0455187236888523,-0.365724221306006,-0.04902995923240605,-0.5998998785683344,0.0,0.9335539844420015,3.215113495176544,4.907919464227757,1.2426485266107647,-0.002868680351177204,-1.6749443630036112,0.021065675340778054,0.8964517358075552,0.9259797970847595,0.6550868486352455,0.48280175109441203,3.9214641872991627,2.4113351213819927,0.8660254037844386,0.5000000000000001,0.9749279121818236,-0.22252093395631434,0.0002649935491469968,-3.2129976464734256e-05,0.042822976699076275,1.9232158710619096,4,2,,,,,0.7297297297294474,ASIA,378.0,2.3869782009645633,12.823918600080585,0.5954415954415999,5.005347145900243,12.823918600080585,0.5954415954415999,2.173469387755173,0.614001085355454,CORE,CORE_GATE,M1_OHLC,0,4,V15_Q2,LOW,1,C,15
XAUUSD,B_FVG_RETEST_SEQUENCE,V15_QUALITY_PRESERVING_EXPANDED,B_FVG_RETEST_SEQUENCE|SELL|2020-12-09T12:57:00+00:00,2020-12-09 12:57:00+00:00,2020-12-09 12:58:00+00:00,SELL,UTC_12_17,0.6093688914290403,10.0,1.7138500071434721,0.7236255585718229,0.4222222222223008,0.8225806451611188,0.028564166785479177,0.4570266685715637,0.5141550021429551,0.4570266685715637,8.0,47.91666666666864,0.8188394478574752,2.028055841786341,0.028564166785479177,,-1,-1,2,0.05712833357095835,0.0,2.0,2.263297685931191,0.6014357487087739,1.6666666666665966,0.9121061359867544,10.0,0.342770001428781,0.8854891703576482,0.4418604651162627,0.4741700887704197,0.6870050085548939,0.2631953258452941,44.852556570357265,-0.010686492806371461,-0.0113639314149663,0.0006774386085948384,21.76338753791082,16.19828501734594,32.60047690612248,29.881656804739222,0.16784766486423885,2.6616129664020804,-0.00020173709084359004,-0.0005028463253227144,-0.0003119856271448507,-0.00017753293773969947,0.0003821786335229671,-1.1044811157144319,-0.6284116692857377,1.1806522271433866,0.7236255585718229,0.209677419354608,0.17741935483888122,-0.8584329538836317,-1.3906364037260985,-3.5836946311248505,-0.5322034498424668,-2.193058227398752,0.12255617396449736,-0.2937721494359383,-1.0449671207235358,0.3615646099802225,0.7307599031555851,2.7612027892865125,4.037068905715119,-9.836651402625854,-0.06654246017435411,0.5079232172889512,0.07979626485565536,0.8135724921692437,0.7145507628206066,0.683962264151,0.4171644763043847,7.2552983635731945,4.541702518930157,1.2246467991473532e-16,-1.0,0.9749279121818236,-0.22252093395631434,0.0003119856271448507,0.00017753293773969947,-0.0006774386085948384,16.402191888776542,12,2,,,0.26666666666664984,0.4791666666666864,,LONDON,297.0,2.028055841786341,28.440388729650085,0.8121861399397492,21.042269532148193,28.440388729650085,0.8121861399397492,2.63380281690112,1.1269322882647508,CORE,CORE_GATE,M1_OHLC,3,4,V15_Q2,HIGH,1,B,15
XAUUSD,C_DISPLACEMENT_MID_RETEST,V15_QUALITY_PRESERVING_EXPANDED,C_DISPLACEMENT_MID_RETEST|SELL|2020-12-09T12:59:00+00:00,2020-12-09 12:59:00+00:00,2020-12-09 13:00:00+00:00,SELL,UTC_12_17,0.6235983683326182,12.0,1.7538704109347685,0.37026153119740896,0.2111111111111504,0.6153846153848396,0.21436193911403287,0.46769877624924205,0.5261611232803419,0.5261611232803419,10.0,100.0,1.9195137275231064,2.260544085204744,0.21436193911403287,,-1,-1,2,0.05846234703065678,0.0,2.0,2.263297685931191,0.6014357487087739,1.6666666666665966,0.9121061359867544,12.0,0.16564331658833786,1.0912971445818602,0.7364341085271043,0.5129102734034804,0.7298533701405782,0.29417509987626966,44.00719369507375,-0.07725706981864278,-0.029267356957555266,-0.04798971286108751,23.70374461563412,14.293031809740022,31.758702210917892,24.26035502958986,0.16381321012421823,2.9388830691153176,-8.877888676650514e-05,-0.0002528438205239292,-0.0005539376631897852,-6.99483189534611e-05,0.00019913725131393,-2.007207248069535,-0.2533368371347661,0.7600105114047414,0.37026153119740896,0.12820512820505345,0.38461538461516037,-0.8983708113943897,-1.4966919732219626,-3.779391042061277,-0.5983211618275729,-2.2826990688393143,-0.2001623324140895,-0.2682624404986513,-1.1244985396892961,-0.43212298308493147,0.7219928478889599,2.45541857530841,3.8877460775714647,-4.50692307518181,-0.09467488287574742,2.8517812440762036,0.09168081494060812,0.815040102806821,0.6982459036479051,0.631578947368451,0.25537212403572485,7.609848838555035,4.462625823378388,1.2246467991473532e-16,-1.0,0.9749279121818236,-0.22252093395631434,0.0005539376631897852,6.99483189534611e-05,0.04798971286108751,17.46567040117787,12,2,,,,,0.9111111111112009,LONDON,299.0,2.260544085204744,29.104505097008918,0.8185470371610433,21.71876192207332,29.104505097008918,0.8185470371610433,2.3362068965513947,1.1297735762381984,CORE,CORE_GATE,M1_OHLC,1,4,V15_Q2,LOW,2,B+C,15
XAUUSD,C_DISPLACEMENT_MID_RETEST,V15_QUALITY_PRESERVING_EXPANDED,C_DISPLACEMENT_MID_RETEST|SELL|2020-12-09T21:44:00+00:00,2020-12-09 21:44:00+00:00,2020-12-09 21:45:00+00:00,SELL,UTC_18_23,0.7832753902217394,4.0,1.3338947239424819,0.9461346297732132,0.7093023255814384,0.8591549295776001,0.17061444143467575,,0.7289889770379149,0.5000000000002135,2.0,99.6332920536706,0.9210354843912542,1.8690036538961152,0.17061444143467575,,-1,-1,2,0.10081762448409451,0.04761904761901325,2.0,1.7813744897083594,0.0777892790268347,1.7373737373739786,0.8353552859619356,4.0,3.272695194788473,0.3955152960528234,-0.7843551797039255,2.539287991133745,2.070407085620801,0.9566858783607188,50.413885219550515,0.39590305230467493,0.45072684688169906,-0.05482379457702413,22.03754869704534,18.64072625712136,18.50645320882429,7.246376811587039,0.40328585677002005,3.848968495928037,-0.00033024468128661777,-0.0004939214910426593,-0.0006166439290586911,8.464325598023237e-05,0.000863487066821822,-1.752675625645264,0.24041125838455163,1.1012386674407797,0.9461346297732132,0.0,0.1408450704223999,-0.18166500015173379,-0.1435653864791207,-8.76063911152913,0.03809961367261309,-8.61707372505001,0.29434522607844454,0.37720815577284184,1.671194562688676,-0.8064193829709114,0.6428692940344995,2.1404357198145325,6.9253952818633655,-11.291276039974086,-0.15524802357837075,-4.77592009905338,0.21203007518793066,0.5224529505273229,0.7124801955556188,0.3090705487122204,0.38467445499875996,5.0408812242004934,9.22093503934476,-0.7071067811865477,0.7071067811865474,0.9749279121818236,-0.22252093395631434,0.0006166439290586911,-8.464325598023237e-05,0.05482379457702413,-0.13427304829707154,21,2,,,,,0.0,NEW_YORK,524.0,1.8690036538961152,70.08375942015354,0.8684297886466811,59.18770077399731,23.16478802567203,2.0,4.9336099585053494,1.6678505817513778,CORE,CORE_GATE,M1_OHLC,4,4,V15_Q2,VERY_HIGH,1,C,15
XAUUSD,C_DISPLACEMENT_MID_RETEST,V15_QUALITY_PRESERVING_EXPANDED,C_DISPLACEMENT_MID_RETEST|SELL|2020-12-10T23:12:00+00:00,2020-12-10 23:12:00+00:00,2020-12-10 23:13:00+00:00,SELL,UTC_18_23,0.5386834593639399,5.0,0.8978057656060221,0.6823323818607727,0.7600000000002183,0.9600000000009459,0.3052539603061782,,1.0055424574794634,0.4999999999997146,3.0,100.0,1.1864892249701047,1.9213043383979977,0.3052539603061782,,-1,-1,2,0.1436489224968329,0.6785714285711385,2.0,1.8668514438938189,0.2666930634127097,0.8928571428568673,0.6138279932548394,5.0,0.017956115311695837,0.17956115312185766,0.8181818181863282,0.12364898324495398,0.4620371680418608,0.05311418247342383,41.487203675416666,-0.11929929261600591,-0.09574626996990519,-0.02355302264610072,13.042309782263658,20.62007436986973,30.14686167013963,25.694444444427777,0.23528869708512995,4.748297703979519,-8.717232060895252e-05,-5.448715329259279e-06,-0.00018794637263519487,-0.0003458756372828331,-0.0005935606834116536,-1.238971956537225,-2.28042664464008,0.8978057656060221,0.6823323818607727,0.2000000000007276,0.039999999999054126,-1.0366269416592482,-1.2048207388439252,-0.22025734534164157,-0.168193797184677,0.9845633935022835,-0.4082517596849344,-0.24134771410103392,-1.9201990258407473,-1.4076948343938525,0.975013290345098,2.5138561436978417,6.5539820889241245,0.621095028362042,0.0038034565022572603,1.2636629012182006,0.13373860182370778,0.8853490707721741,0.9113973163846868,0.3835616438357564,0.5114814814810681,5.889605822375865,1.9033482230838523,-0.25881904510252157,0.9659258262890681,0.43388373911755823,-0.900968867902419,0.00018794637263519487,0.0003458756372828331,0.02355302264610072,9.526787300269898,23,3,,,,,0.0,ASIA,72.0,1.9213043383979977,76.70852461337898,0.689138576779034,12.01264114380949,31.351377334962358,0.8253150057273928,2.8504672897177237,0.5107735333375708,CORE,CORE_GATE,M1_OHLC,4,4,V15_Q2,VERY_HIGH,1,C,15
XAUUSD,A_OB_RETEST_SEQUENCE,V15_QUALITY_PRESERVING_EXPANDED,A_OB_RETEST_SEQUENCE|SELL|2020-12-18T10:10:00+00:00,2020-12-18 10:10:00+00:00,2020-12-18 10:11:00+00:00,SELL,UTC_06_11,0.8030346672609532,6.0,1.735293303966516,0.9414889202366611,0.5425531914890787,0.8799999999998059,0.6461198472213697,,0.9414889202370809,0.9414889202370809,2.0,47.05882352941439,1.0707128896812708,2.7875456265839116,0.6461198472213697,,-1,-1,2,0.5445867283725732,0.048192771084297745,4.0,2.9686885565733965,0.7541041671038978,2.186046511626554,1.1017471736893025,6.0,0.018460567063875458,1.0522523226173954,0.9655172413785531,0.38981411602421573,0.09458063500417654,0.035004014764551124,42.53941216284548,-0.13601203301095666,-0.08846825248161617,-0.04754378052934048,13.410899147818078,18.527620710217118,25.158557627404953,11.953352769688886,0.09088997813079072,2.6544029709825874,-0.0002684578029519269,-0.0003534836746355019,-0.00024985646543462803,-0.0005155241871191985,-0.0006483051072625479,-0.8676466519828383,-1.7906750051564635,1.3845425297604377,0.9414889202366611,0.20000000000012128,0.12000000000019402,-1.0460172156322052,-1.4200648874909607,-2.5468264309040243,-0.37404767185875565,-1.1267615434130636,-0.2805690611774603,-0.19671989662412745,-1.419909374003894,-1.29446025674075,1.182122828642786,3.165987251385383,3.165987251385383,-6.343072665579534,-0.0673104546455243,1.3432625298554157,0.11856474258966938,0.9758706019607262,1.1634900628749327,1.0,0.4300709219859941,3.239829519639206,0.37844162480147175,0.49999999999999994,-0.8660254037844387,-0.433883739117558,-0.9009688679024191,0.00024985646543462803,0.0005155241871191985,0.04754378052934048,6.630936917187835,10,4,0.41176470588198577,0.6204654539459263,,,,LONDON,130.0,2.7875456265839116,15.331500946214451,0.7477423239012424,7.614983913682408,13.014699779748451,0.7028368794325957,1.3874172185434324,0.7797586926640533,CORE,CORE_GATE,M1_OHLC,4,4,V15_Q2,VERY_HIGH,1,A,15
XAUUSD,B_FVG_RETEST_SEQUENCE,V15_QUALITY_PRESERVING_EXPANDED,B_FVG_RETEST_SEQUENCE|SELL|2020-12-22T02:01:00+00:00,2020-12-22 02:01:00+00:00,2020-12-22 02:02:00+00:00,SELL,UTC_00_05,0.6313108759163799,11.0,0.8198842544368763,1.2954171220102049,1.5799999999999272,0.6451612903225392,0.03279537017744523,0.07378958289943818,0.9510657351470301,0.07378958289943818,5.0,100.0,2.287477069878855,2.664623826919848,0.03279537017744523,,1,-1,1,0.4017432846742633,0.550724637681274,6.0,3.201781125930236,0.30786356980127655,0.8547008547009677,0.7243589743589239,11.0,0.03279537017744523,0.06559074035489046,0.3333333333333333,0.3615450732390534,0.7351945460324211,-0.21703624551947756,43.088600264955296,-0.22535460493986648,-0.17826750594529941,-0.04708709899456706,16.145653998126896,16.89145644529246,25.26657027272024,21.307506053270846,0.18640990446971004,3.2485279371320566,-0.00040702422725247267,-4.25801438144191e-05,0.00010380429430378868,-0.00031660303566438674,-0.000524015608749151,0.3197548592306502,-0.9756622627799276,2.0333129510034684,1.2954171220102049,0.008064516129024864,0.3548387096774608,-0.9598464723906968,-0.9662339347770549,0.6288016611317887,-0.006387462386358068,1.5950355959088436,-0.36050079331762624,-0.20976676186433973,-1.8183230952877811,0.862687344573954,1.135025592196676,3.2303439624813377,3.7304733576879365,0.5011502631928977,0.07396821144642349,-0.6611280049851267,0.16486486486486146,1.1068535102942527,1.3233522063355945,0.8659340659340433,0.7728250244380396,4.230602752894162,3.9436432638413303,0.49999999999999994,0.8660254037844387,0.7818314824680298,0.6234898018587336,-0.00010380429430378868,0.00031660303566438674,0.04708709899456706,8.375113827427782,2,1,,,0.09000000000014552,1.0,,ASIA,241.0,2.664623826919848,4.9521008967987035,0.8543046357615705,1.1314402711229787,4.9521008967987035,0.8543046357615705,0.27076923076926435,0.3977706072161924,CORE,CORE_GATE,M1_OHLC,2,4,V15_Q2,MEDIUM,1,B,15
XAUUSD,C_DISPLACEMENT_MID_RETEST,V15_QUALITY_PRESERVING_EXPANDED,C_DISPLACEMENT_MID_RETEST|SELL|2020-12-22T09:21:00+00:00,2020-12-22 09:21:00+00:00,2020-12-22 09:22:00+00:00,SELL,UTC_06_11,0.5270749476461035,10.0,1.7891534920096024,0.7543457966309935,0.4216216216215758,0.7999999999999604,0.1837508991794038,,1.566718193002782,0.5367460476026827,9.0,79.72972972973194,1.5111093682514618,2.509650438791689,0.1837508991794038,,-1,-1,2,0.6334570471708942,0.0,1.0,2.558588873428839,0.24961842667597897,2.0786516853934436,0.9908079342042123,10.0,0.3916795482506955,0.5077327477322854,0.12903225806442153,1.395652003080615,0.7387065535335883,0.5557294339862445,44.92035952198612,-0.5832426228128043,-0.7534079169351711,0.1701652941223668,26.19858465494411,21.403670820090714,28.777266709321285,48.218940052129106,0.38324757766646317,4.336373264211925,-0.0004357869296002237,-0.00018986800162579254,0.000275570538031511,-0.00020858347751451234,-0.0010847522837241774,0.49806164777570605,-0.37717289831560674,1.1121764950327822,0.7543457966309935,0.12173913043468633,0.20000000000003954,-0.4844687352059693,-2.019129413333492,-6.231394816273458,-1.5346606781275227,-4.212265402939966,-0.1001389237105335,-1.1178322407514902,-2.6055633837245993,-0.5434585950405565,1.1242238704036682,4.3084750307578705,5.5657180251426395,-1.7890671295045166,0.11101207100360877,-3.8346015855272206,0.12611275964392224,1.3363139237432209,1.2330025429299478,0.7741094700260982,0.4791666666667387,9.003794059788367,2.6837302380140735,0.7071067811865476,-0.7071067811865475,0.7818314824680298,0.6234898018587336,-0.000275570538031511,0.00020858347751451234,-0.1701652941223668,7.373595889230572,9,1,,,,,0.18378378378397175,LONDON,81.0,2.509650438791689,17.083998073701206,0.8429097084630699,9.724291006570454,8.210763863330177,1.7538280329799394,1.0693641618496472,1.073117481387682,CORE,CORE_GATE,M1_OHLC,3,4,V15_Q2,HIGH,1,C,15
XAUUSD,C_DISPLACEMENT_MID_RETEST,V15_QUALITY_PRESERVING_EXPANDED,C_DISPLACEMENT_MID_RETEST|SELL|2020-12-22T11:01:00+00:00,2020-12-22 11:01:00+00:00,2020-12-22 11:02:00+00:00,SELL,UTC_06_11,0.5228275793208567,5.0,0.9072596229392262,0.6919776785131351,0.7627118644069626,0.47368421052634097,0.14608417657502237,,0.7534868054920183,0.4999999999997373,3.0,100.0,1.3261713788352367,1.7606987597721044,0.14608417657502237,,-1,-1,2,0.43056388885288155,0.2631578947369051,2.0,2.095206875977672,0.12698223490762833,1.156862745098415,0.9618677042801541,5.0,0.14608417657502237,0.9072596229392262,0.7226277372261757,1.0168084168503992,1.13076563673568,0.6235209799667671,45.954034552592454,-0.06317799896442011,0.03540665866627585,-0.09858465763069596,20.280281486250605,26.35376386120802,19.4128754611282,28.24858757062176,0.26022848176373675,3.942580012051388,-0.0002457330591094653,9.351712565752734e-05,-0.0002804464707814036,-0.0007795189407084901,-0.0006061010613443996,-0.8073072915983662,-2.2450831347313343,1.4608417657498742,0.6919776785131351,0.0,0.526315789473659,-0.6053763201717128,-0.13897041975933014,-1.7409776610880103,0.4664059004123827,-1.60200724132868,-0.2866737033122526,0.1563015347719704,0.26904851063171503,0.11036759395759896,0.954438644216215,2.721778868818028,4.428657142483435,2.667610489491885,0.02451994333359031,-1.9059183225705745,0.07877927608234374,0.727580288501376,0.826675570627465,0.6145833333333522,0.7944862155388938,3.659793055246696,4.636250446037691,0.258819045102521,-0.9659258262890682,0.7818314824680298,0.6234898018587336,0.0002804464707814036,0.0007795189407084901,0.09858465763069596,-6.940888400079821,11,1,,,,,0.5932203389825936,LONDON,181.0,1.7606987597721044,27.163968202073935,0.7226153410699194,12.19418442357478,13.055312201280193,1.5035335689045635,4.2794759825327,0.8045845272206303,CORE,CORE_GATE,M1_OHLC,3,4,V15_Q2,HIGH,1,C,15
XAUUSD,C_DISPLACEMENT_MID_RETEST,V15_QUALITY_PRESERVING_EXPANDED,C_DISPLACEMENT_MID_RETEST|SELL|2020-12-22T13:53:00+00:00,2020-12-22 13:53:00+00:00,2020-12-22 13:54:00+00:00,SELL,UTC_12_17,0.6905620067791015,6.0,1.5909150029596655,0.9615420347560732,0.6043956043957499,0.9393939393939812,0.0874129122508412,0.8566465400551433,0.7867162102547883,0.5000000000003144,5.0,100.0,1.6206363221613256,2.2202879711632577,0.0874129122508412,,-1,-1,2,0.5681839296280828,0.13888888888880116,1.0,2.459585114200985,0.4113299337744476,1.6697247706421292,1.0585241730279764,6.0,0.03496516490017748,0.6031490945286578,0.8904109589042118,0.011776394814819567,0.8959444726767136,0.008411695125067628,43.72931386552065,-0.11351097817919253,-0.060578469632026614,-0.05293250854716592,25.447871494919294,10.486860672869478,25.85102501957874,14.488636363640769,0.1709242614857131,2.7612403969568797,-0.00031500182861243786,-0.0001655341814734701,0.00010415442629607696,-9.078359593828189e-05,-0.0007604704777356419,0.3409103577769292,-0.2972039016519061,1.153850441706652,0.9615420347560732,0.10606060606018848,0.06060606060601885,-0.899003880417516,-1.0290800952208685,-0.7620498497163697,-0.13007621480335255,0.26703024550449894,-0.256322819919911,-0.061306870291660626,-0.6620940540839233,0.23333373342601363,1.0285195709994783,3.0769345112187985,3.8986158863733666,-2.847176136962453,0.0005027159025367128,3.1832200323493502,0.007564296520417356,0.9424415351690993,1.0101638126909585,0.7892376681615264,0.3877233877234421,3.4528100338955077,2.3776312132144537,-0.2588190451025208,-0.9659258262890683,0.7818314824680298,0.6234898018587336,-0.00010415442629607696,9.078359593828189e-05,0.05293250854716592,15.364164346709261,13,1,,,,,0.5604395604399998,LONDON_NY_OVERLAP,53.0,2.2202879711632577,30.882981898109783,0.6702519105576095,12.246549006298492,14.842712500139253,1.3945818610129348,4.586614173228269,0.6189978955485228,CORE,CORE_GATE,M1_OHLC,4,4,V15_Q2,VERY_HIGH,1,C,15
XAUUSD,A_OB_RETEST_SEQUENCE,V15_QUALITY_PRESERVING_EXPANDED,A_OB_RETEST_SEQUENCE|SELL|2020-12-22T18:43:00+00:00,2020-12-22 18:43:00+00:00,2020-12-22 18:44:00+00:00,SELL,UTC_18_23,1.0720765112154966,13.0,1.4096917661284172,1.5399994083754573,1.0924369747898277,1.0,0.20138453801842227,,0.8766150478445325,0.8766150478445325,6.0,100.0,1.5222301844328137,2.617998994238412,0.20138453801842227,,-1,-1,2,0.148076866189953,0.7307692307694662,7.0,3.0522972061140208,0.8084462870249083,1.4337349397592276,0.9631391200950896,13.0,0.7759227788355907,1.5459224830229152,0.3316326530610327,1.3492681373326114,0.5540533367844697,0.4400441856585457,48.32964778008964,0.1653489215866557,0.18774196131817247,-0.022393039731516767,21.578211230889142,26.548630308935902,22.474477929010867,22.862129144856755,0.26168957762379236,2.6221445503337404,-0.0006935314137598292,-0.0002303912901375771,0.0002814356973039889,-0.0004660306508894596,0.0010488169291391625,0.6219228379979103,-1.0306149886819436,1.5399994083754573,1.5399994083754573,0.0,0.0,-0.33104276291920537,-0.6652920285204871,-5.5707392714072865,-0.33424926560128165,-4.9054472428868,0.19635327493147503,-0.16380156297187987,0.8011845301561719,-1.295732654575375,0.8035752819948557,2.5350759491721138,5.241921063124551,-4.691378508998753,0.0845873850310597,-0.007546908074051117,0.13029136888399256,0.7892693244808756,0.8112595006349325,0.4836158192090423,0.5010503040355213,7.628920146106442,6.148151484206913,-1.0,-1.8369701987210297e-16,0.7818314824680298,0.6234898018587336,-0.0002814356973039889,0.0004660306508894596,0.022393039731516767,-4.074152379925035,18,1,0.43243243243264834,0.42347186463176134,,,,NEW_YORK,343.0,2.617998994238412,27.820681619768518,0.7790078773685319,15.944916951334182,10.057380751621887,2.0,2.348416289592746,1.8920385044939636,EXPANDED,RELAXED_SECOND_WITH_STRONG_COMPENSATION,M1_OHLC,4,4,V15_Q2,VERY_HIGH,1,A,15
XAUUSD,A_OB_RETEST_SEQUENCE,V15_QUALITY_PRESERVING_EXPANDED,A_OB_RETEST_SEQUENCE|SELL|2020-12-22T21:11:00+00:00,2020-12-22 21:11:00+00:00,2020-12-22 21:12:00+00:00,SELL,UTC_18_23,0.6890373983490465,3.0,1.6972079075128188,1.6827018570212704,0.9914529914529998,1.0,1.0734477363759052,,0.8848690799851157,0.8848690799851157,2.0,57.37704918032237,0.2611089088482021,2.611089088481361,1.0734477363759052,,-1,-1,2,0.0942893281952299,0.41860465116287676,1.0,2.6594619794244845,0.8696018535899955,2.127272727272156,0.8343777976723696,3.0,0.8703630294935671,1.9220516901323146,0.37662337662353007,1.650242651086192,1.0914721133924628,0.7407113732256169,36.906582363737144,-0.5551677357445897,-0.6056819810963564,0.05051424535176674,44.920523751996875,11.22225263680414,23.166641296190427,0.0,-0.045244654558998024,2.8932571420311564,-0.0006281744284687418,-0.0006764628509152715,-0.0005610994327258645,-0.0007462045566793973,-0.0018232811553168249,-1.5158822763682982,-2.0163410183272146,1.9728228668525694,1.6827018570212704,0.14705882352943142,0.0,-1.7436370868167022,-3.442852065438939,-7.387558028660917,-1.699214978622237,-3.944705963221977,-0.4181444629376432,-1.0571519441192037,-3.9607275169805853,0.17549389075872365,1.302293691229665,2.611089088481361,5.033599520572262,-6.421987904090528,-0.0974375235846795,-2.11283186656204,0.17611940298508613,1.1614518097252946,1.2820191528513472,0.5187319884726368,0.3233270794247371,9.218595087387456,0.0,-0.7071067811865477,0.7071067811865474,0.7818314824680298,0.6234898018587336,0.0005610994327258645,0.0007462045566793973,-0.05051424535176674,11.944388659386288,21,1,0.6393442622953508,0.970914690900527,,,,NEW_YORK,491.0,2.611089088481361,34.06745957943272,0.9744517777304703,26.183421137269043,12.315636867336185,2.0,0.3333333333332491,0.7963530874430169,CORE,CORE_GATE,M1_OHLC,4,4,V15_Q2,VERY_HIGH,1,A,15
XAUUSD,B_FVG_RETEST_SEQUENCE,V15_QUALITY_PRESERVING_EXPANDED,B_FVG_RETEST_SEQUENCE|SELL|2020-12-28T18:26:00+00:00,2020-12-28 18:26:00+00:00,2020-12-28 18:27:00+00:00,SELL,UTC_18_23,0.48045165142547647,15.0,1.5062808531177418,1.090755100533381,0.7241379310343791,0.9194630872482555,0.0735826853534744,0.34194306723068957,0.7011997074857028,0.34194306723068957,8.0,100.0,1.783298021506922,2.752858110870037,0.0735826853534744,8.704398837986743,-1,1,1,0.1428369774509663,0.4494382022472427,7.0,3.271784435464468,0.8463538180364018,1.8609625668450551,0.8603712671509461,15.0,0.09089625837779816,0.3159727076942039,0.5531914893616506,0.04176112098262563,0.13910751223619855,-0.005768748643631264,41.07799694273807,-0.8525120259801042,-1.0242429979249923,0.17173097194488807,26.15321658562417,21.520025875945826,27.839519746368865,24.300111982084125,0.27384622604859105,4.08716761028037,-0.0006461202209039341,-0.0005610821706169,0.0002821084680444397,-0.001307328479566272,-0.00021546621835499824,0.45880968514497333,-2.1295694819935944,1.289861190313498,1.090755100533381,0.07382550335577844,0.08053691275174442,-0.9698831246122565,-3.0575854684654904,-5.444929610442466,-2.0877023438532336,-2.387344141976975,-0.22966976755816695,-1.3867417028380227,-3.665037220796543,-0.2052494853970166,0.9609733709709019,2.6576334592360595,4.1379439528171185,-4.500941760193875,0.045762871949841744,-4.122069159450405,0.10246821241586085,1.0448080076525008,1.1145197928259105,0.6422594142259319,0.30085693701895216,12.43547382473186,0.9392613365704499,-1.0,-1.8369701987210297e-16,0.0,1.0,-0.0002821084680444397,0.001307328479566272,-0.17173097194488807,6.319493870423038,18,0,,,0.22701149425283226,1.0,,NEW_YORK,326.0,2.752858110870037,26.909620873079714,0.6765320894322003,8.280216298890418,12.72980456614556,1.4301258075484582,3.1619496855345477,1.7655022072047524,CORE,CORE_GATE,M1_OHLC,3,4,V15_Q2,HIGH,1,B,15
XAUUSD,B_FVG_RETEST_SEQUENCE,V15_QUALITY_PRESERVING_EXPANDED,B_FVG_RETEST_SEQUENCE|SELL|2020-12-28T23:38:00+00:00,2020-12-28 23:38:00+00:00,2020-12-28 23:39:00+00:00,SELL,UTC_18_23,0.9730201585654091,14.0,0.9730201585668841,0.8108501321385785,0.8333333333328281,0.6999999999998181,0.048651007927901724,0.7135481162813001,1.329794216707534,0.7135481162813001,13.0,100.0,1.3460112193499223,1.7838702907039876,0.048651007927901724,,-1,-1,2,0.2919060475703602,0.05660377358445237,1.0,2.777475638921392,1.1882248722661757,1.276595744681551,1.0938123752495477,14.0,0.2919060475703602,0.8108501321385785,0.47058823529348826,1.7452916979734086,1.2966994755125456,0.8099396130669455,50.15214188228256,0.09945611915350128,0.06709504410226891,0.03236107505123237,13.713932834358241,25.968708727087556,27.578391328241157,54.58333333334794,0.4947247742594209,4.303854435163653,-0.0001574479554448116,-0.0001841291359004904,-0.0002108088923994389,-0.00029083961929354807,0.0002749856500208203,-1.281143208778895,-1.7676532880615996,1.621700264277157,0.8108501321385785,0.1999999999998181,0.3000000000001819,-0.07592315718847827,-0.1286400901072333,-5.516989002275884,-0.05271693291875502,-5.3883489121686505,0.45390581183069273,0.10449829072208755,-0.1513489249947361,-0.45615485509009945,0.7990346910749021,3.892080634265324,4.07046766333528,-7.674415469265661,-0.03848403960448182,-0.08847596709124161,0.008674101610981534,0.7066575669911863,0.7233491105179988,0.9561752988049073,0.10000000000014946,4.07046766333528,2.5785034202009154,-0.25881904510252157,0.9659258262890681,0.0,1.0,0.0002108088923994389,0.00029083961929354807,-0.03236107505123237,1.609682601153601,23,0,,,0.7333333333322217,1.0,,ASIA,98.0,1.7838702907039876,100.82110543011096,0.8663342448126043,50.1591891740922,47.69420477239095,1.8313498809928574,7.554545454549566,0.30338464349335403,CORE,CORE_GATE,M1_OHLC,3,4,V15_Q2,HIGH,1,B,15
